data;horario;n_da_ocorrencia;tipo_de_ocorrencia;km;trecho;sentido;tipo_de_acidente;automovel;bicicleta;caminhao;moto;onibus;outros;tracao_animal;transporte_de_cargas_especiais;trator_maquinas;utilitarios;ilesos;levemente_feridos;moderadamente_feridos;gravemente_feridos;mortos
28/10/2021;19:27:45;131;Acidente com VITIMA;289,000;BR-101/SC;Sul;Colisão - Traseira;1;0;0;1;0;0;0;0;0;0;2;1;0;0;0
29/10/2021;07:21:55;38;Acidente com VITIMA;455,000;BR-101/SC;Sul;Queda de moto;0;0;0;1;0;0;0;0;0;0;0;1;0;0;0
29/10/2021;09:34:06;53;Acidente sem VITIMA;332,000;BR-101/SC;Norte;Colisão - Transversal;2;0;0;0;0;0;0;0;0;0;2;0;0;0;0
29/10/2021;09:44:07;55;Acidente sem VITIMA;259,000;BR-101/SC;Sul;Choque Defensa;1;0;0;0;0;0;0;0;0;0;2;0;0;0;0
29/10/2021;12:08:16;76;Acidente sem VITIMA;344,000;BR-101/SC;Sul;Colisão - Traseira;1;0;0;0;0;0;0;1;0;0;2;0;0;0;0
29/10/2021;12:22:57;77;Acidente com VITIMA;416,000;BR-101/SC;Norte;Colisão - Traseira;2;0;0;1;0;0;0;0;0;0;2;2;0;0;0
29/10/2021;12:57:34;80;Acidente sem VITIMA;369,000;BR-101/SC;Sul;Outros;1;0;0;0;0;0;0;0;0;0;2;0;0;0;0
29/10/2021;20:19:35;120;Acidente sem VITIMA;369,000;BR-101/SC;Sul;Saída de pista;1;0;0;0;0;0;0;0;0;0;2;0;0;0;0
29/10/2021;22:00:35;131;Acidente com VITIMA;344,000;BR-101/SC;Norte;Saída de pista;1;0;0;0;0;0;0;0;0;0;1;1;0;0;0
29/10/2021;23:46:44;139;Acidente sem VITIMA;257,000;BR-101/SC;Norte;Choque Talude;0;0;0;0;0;0;0;0;0;1;1;0;0;0;0
30/10/2021;07:56:11;40;Acidente sem VITIMA;363,000;BR-101/SC;Sul;Colisão - Traseira;1;0;0;0;0;0;0;0;0;1;3;0;0;0;0
30/10/2021;12:43:48;79;Acidente sem VITIMA;264,000;BR-101/SC;Norte;;1;0;0;0;0;0;0;0;0;0;1;0;0;0;0
30/10/2021;13:24:17;82;Acidente sem VITIMA;257,000;BR-101/SC;Norte;Saída de pista;1;0;0;0;0;0;0;0;0;0;3;0;0;0;0
30/10/2021;14:18:26;91;Acidente sem VITIMA;331,000;BR-101/SC;Norte;Saída de pista;1;0;0;0;0;0;0;0;0;0;2;0;0;0;0
30/10/2021;15:53:09;102;Acidente sem VITIMA;272,000;BR-101/SC;Norte;Saída de pista;1;0;0;0;0;0;0;0;0;0;2;0;0;0;0
30/10/2021;18:22:35;116;Acidente com VITIMA;442,000;BR-101/SC;Norte;Saída de pista;0;0;0;1;0;0;0;0;0;0;0;1;0;0;0
30/10/2021;22:44:31;139;Acidente com VITIMA;364,000;BR-101/SC;Norte;Saída de pista;1;0;0;0;0;0;0;0;0;0;3;1;0;0;0
31/10/2021;03:16:33;13;Acidente com VITIMA;351,000;BR-101/SC;Sul;Saída de pista;1;0;0;0;0;0;0;0;0;0;3;1;0;0;0
31/10/2021;06:44:00;26;Acidente com VITIMA;348,000;BR-101/SC;Sul;Capotamento;1;0;0;0;0;0;0;0;0;0;0;1;4;0;0
01/11/2021;00:52:08;2;Sem vítima;358,000;BR-101/SC;Decrescente;Acidentes de outra natureza;0;0;0;0;0;0;0;0;0;0;0;0;0;0;0
01/11/2021;03:24:02;7;Sem vítima;463,000;BR-101/SC;Decrescente;Acidentes de outra natureza;0;0;0;0;0;0;0;0;0;0;0;0;0;0;0
01/11/2021;07:50:53;20;Sem vítima;333,000;BR-101/SC;Crescente;Acidentes de outra natureza;0;0;0;0;0;0;0;0;0;0;0;0;0;0;0
01/11/2021;08:26:01;29;Sem vítima;250,000;BR-101/SC;Crescente;Acidentes de outra natureza;0;0;0;0;0;0;0;0;0;0;0;0;0;0;0
01/11/2021;12:51:57;60;Sem vítima;415,000;BR-101/SC;Crescente;Acidentes de outra natureza;0;0;0;0;0;0;0;0;0;0;0;0;0;0;0
01/11/2021;17:14:32;78;Sem vítima;407,000;BR-101/SC;Crescente;Choque;3;0;0;0;0;0;0;0;0;0;6;0;0;0;0
01/11/2021;19:26:40;84;Sem vítima;432,000;BR-101/SC;Decrescente;Acidentes de outra natureza;0;0;0;0;0;0;0;0;0;0;0;0;0;0;0
01/11/2021;19:29:58;86;Sem vítima;432,000;BR-101/SC;Decrescente;Colisão traseira;1;0;1;0;0;0;0;0;0;0;2;0;0;0;0
01/11/2021;21:09:32;87;Sem vítima;417,000;BR-101/SC;Crescente;Colisão lateral no mesmo sentido;1;0;1;0;0;0;0;0;0;0;6;0;0;0;0
02/11/2021;15:23:44;37;Sem vítima;333,000;BR-101/SC;Decrescente;Acidentes de outra natureza;0;0;0;0;0;0;0;0;0;0;0;0;0;0;0
02/11/2021;15:30:46;39;Sem vítima;250,000;BR-101/SC;Decrescente;Acidentes de outra natureza;0;0;0;0;0;0;0;0;0;0;0;0;0;0;0
02/11/2021;18:16:54;53;Sem vítima;334,000;BR-101/SC;Crescente;Acidentes de outra natureza;0;0;0;0;0;0;0;0;0;0;0;0;0;0;0
02/11/2021;22:56:05;86;Sem vítima;332,000;BR-101/SC;Decrescente;Acidentes de outra natureza;0;0;0;0;0;0;0;0;0;0;0;0;0;0;0
03/11/2021;03:25:43;10;Com vítima;342,000;BR-101/SC;Crescente;Acidentes de outra natureza;0;0;0;0;0;0;0;0;0;0;0;0;0;0;0
03/11/2021;07:23:28;25;Com vítima;339,000;BR-101/SC;Decrescente;Acidentes de outra natureza;0;0;0;0;0;0;0;0;0;0;0;0;0;0;0
03/11/2021;09:50:42;56;Sem vítima;264,000;BR-101/SC;Decrescente;Acidentes de outra natureza;0;0;0;0;0;0;0;0;0;0;0;0;0;0;0
03/11/2021;16:16:34;95;Sem vítima;306,000;BR-101/SC;Decrescente;Acidentes de outra natureza;0;0;0;0;0;0;0;0;0;0;0;0;0;0;0
03/11/2021;19:47:48;123;Sem vítima;344,000;BR-101/SC;Crescente;Acidentes de outra natureza;0;0;0;0;0;0;0;0;0;0;0;0;0;0;0
04/11/2021;00:22:41;1;Sem vítima;382,000;BR-101/SC;Decrescente;Acidentes de outra natureza;0;0;0;0;0;0;0;0;0;0;0;0;0;0;0
04/11/2021;09:46:35;59;Sem vítima;359,000;BR-101/SC;Crescente;Acidentes de outra natureza;0;0;0;0;0;0;0;0;0;0;0;0;0;0;0
05/11/2021;00:37:28;1;Sem vítima;298,000;BR-101/SC;Decrescente;Acidentes de outra natureza;0;0;0;0;0;0;0;0;0;0;0;0;0;0;0
05/11/2021;06:48:16;60;Sem vítima;411,000;BR-101/SC;Decrescente;Acidentes de outra natureza;0;0;0;0;0;0;0;0;0;0;0;0;0;0;0
05/11/2021;11:47:27;79;Sem vítima;340,000;BR-101/SC;Crescente;Choque;1;0;1;0;0;0;0;0;0;0;2;0;0;0;0
05/11/2021;13:03:06;85;Sem vítima;458,000;BR-101/SC;Crescente;Acidentes de outra natureza;0;0;0;0;0;0;0;0;0;0;0;0;0;0;0
05/11/2021;14:29:19;94;Sem vítima;365,000;BR-101/SC;Crescente;Acidentes de outra natureza;0;0;0;0;0;0;0;0;0;0;0;0;0;0;0
05/11/2021;14:34:15;95;Sem vítima;380,000;BR-101/SC;Crescente;Acidentes de outra natureza;0;0;0;0;0;0;0;0;0;0;0;0;0;0;0
05/11/2021;16:06:36;103;Sem vítima;464,000;BR-101/SC;Decrescente;Acidentes de outra natureza;0;0;0;0;0;0;0;0;0;0;0;0;0;0;0
05/11/2021;19:03:41;114;Com vítima;362,000;BR-101/SC;Crescente;Acidentes de outra natureza;0;0;0;0;0;0;0;0;0;0;0;0;0;0;0
06/11/2021;03:16:57;6;Sem vítima;367,000;BR-101/SC;Crescente;Acidentes de outra natureza;0;0;0;0;0;0;0;0;0;0;0;0;0;0;0
06/11/2021;08:27:44;34;Sem vítima;264,000;BR-101/SC;Decrescente;Acidentes de outra natureza;0;0;0;0;0;0;0;0;0;0;0;0;0;0;0
06/11/2021;12:41:17;72;Sem vítima;327,000;BR-101/SC;Decrescente;Acidentes de outra natureza;0;0;0;0;0;0;0;0;0;0;0;0;0;0;0
06/11/2021;17:07:36;93;Sem vítima;360,000;BR-101/SC;Decrescente;Acidentes de outra natureza;0;0;0;0;0;0;0;0;0;0;0;0;0;0;0
06/11/2021;19:37:20;105;Sem vítima;427,000;BR-101/SC;Decrescente;Colisão lateral no mesmo sentido;1;0;1;0;0;0;0;0;0;0;2;0;0;0;0
06/11/2021;20:01:06;107;Sem vítima;348,000;BR-101/SC;Decrescente;Colisão traseira;1;0;0;0;0;0;0;0;0;0;5;0;0;0;0
06/11/2021;20:02:23;108;Sem vítima;364,000;BR-101/SC;Decrescente;Colisão traseira;1;0;0;0;0;0;0;0;0;0;3;0;0;0;0
06/11/2021;20:53:59;116;Sem vítima;371,000;BR-101/SC;Crescente;Acidentes de outra natureza;0;0;0;0;0;0;0;0;0;0;0;0;0;0;0
06/11/2021;23:31:20;121;Sem vítima;328,000;BR-101/SC;Crescente;Acidentes de outra natureza;0;0;0;0;0;0;0;0;0;0;0;0;0;0;0
07/11/2021;00:40:04;6;Sem vítima;336,000;BR-101/SC;Crescente;Choque;0;0;0;0;0;0;0;0;0;0;0;0;0;0;0
07/11/2021;02:12:00;10;Sem vítima;372,000;BR-101/SC;Decrescente;Acidentes de outra natureza;0;0;0;0;0;0;0;0;0;0;0;0;0;0;0
07/11/2021;02:38:09;12;Sem vítima;330,000;BR-101/SC;Decrescente;Acidentes de outra natureza;0;0;0;0;0;0;0;0;0;0;0;0;0;0;0
07/11/2021;04:47:24;17;Sem vítima;331,000;BR-101/SC;Decrescente;Acidentes de outra natureza;0;0;0;0;0;0;0;0;0;0;0;0;0;0;0
07/11/2021;08:27:24;29;Sem vítima;367,000;BR-101/SC;Decrescente;Acidentes de outra natureza;0;0;0;0;0;0;0;0;0;0;0;0;0;0;0
07/11/2021;12:19:54;47;Sem vítima;307,000;BR-101/SC;Decrescente;Queda de moto;0;0;0;0;0;0;0;0;0;0;0;0;0;0;0
07/11/2021;15:04:27;60;Sem vítima;379,000;BR-101/SC;Decrescente;Acidentes de outra natureza;0;0;0;0;0;0;0;0;0;0;0;0;0;0;0
07/11/2021;18:28:12;77;Sem vítima;339,000;BR-101/SC;Decrescente;Acidentes de outra natureza;0;0;0;0;0;0;0;0;0;0;0;0;0;0;0
07/11/2021;20:10:48;90;Sem vítima;259,000;BR-101/SC;Decrescente;Acidentes de outra natureza;0;0;0;0;0;0;0;0;0;0;0;0;0;0;0
08/11/2021;02:26:20;5;Com vítima;370,900;BR-101/SC;Decrescente;Acidentes de outra natureza;0;0;0;0;0;0;0;0;0;0;0;0;0;0;0
08/11/2021;08:25:01;37;Sem vítima;363,000;BR-101/SC;Decrescente;Acidentes de outra natureza;0;0;0;0;0;0;0;0;0;0;0;0;0;0;0
08/11/2021;09:24:20;46;Sem vítima;390,000;BR-101/SC;Crescente;Acidentes de outra natureza;0;0;0;0;0;0;0;0;0;0;1;0;0;0;0
08/11/2021;18:50:02;118;Sem vítima;418,000;BR-101/SC;Crescente;Acidentes de outra natureza;0;0;0;0;0;0;0;0;0;0;0;0;0;0;0
08/11/2021;22:24:12;137;Sem vítima;415,000;BR-101/SC;Decrescente;Acidentes de outra natureza;0;0;0;0;0;0;0;0;0;0;0;0;0;0;0
09/11/2021;10:27:23;63;Sem vítima;350,000;BR-101/SC;Decrescente;Colisão frontal;2;0;0;0;0;0;0;0;0;0;1;0;0;0;0
09/11/2021;10:58:21;66;Sem vítima;368,000;BR-101/SC;Decrescente;Acidentes de outra natureza;0;0;0;0;0;0;0;0;0;0;0;0;0;0;0
09/11/2021;18:38:05;120;Sem vítima;415,000;BR-101/SC;Crescente;Acidentes de outra natureza;0;0;0;0;0;0;0;0;0;0;0;0;0;0;0
09/11/2021;18:42:44;121;Sem vítima;334,000;BR-101/SC;Crescente;Acidentes de outra natureza;0;0;0;0;0;0;0;0;0;0;0;0;0;0;0
09/11/2021;21:02:47;128;Sem vítima;406,700;BR-101/SC;Decrescente;Acidentes de outra natureza;0;0;0;0;0;0;0;0;0;0;0;0;0;0;0
09/11/2021;22:46:41;133;Sem vítima;357,700;BR-101/SC;Crescente;Acidentes de outra natureza;0;0;0;0;0;0;0;0;0;0;0;0;0;0;0
10/11/2021;08:53:35;51;Sem vítima;252,260;BR-101/SC;Crescente;Acidentes de outra natureza;0;0;0;0;0;0;0;0;0;0;0;0;0;0;0
10/11/2021;16:14:10;125;Sem vítima;392,000;BR-101/SC;Crescente;Acidentes de outra natureza;0;0;0;0;0;0;0;0;0;0;0;0;0;0;0
11/11/2021;09:20:55;56;Sem vítima;267,000;BR-101/SC;Crescente;Acidentes de outra natureza;0;0;0;0;0;0;0;0;0;0;0;0;0;0;0
11/11/2021;11:26:26;79;Sem vítima;311,000;BR-101/SC;Decrescente;Acidentes de outra natureza;0;0;0;0;0;0;0;0;0;0;0;0;0;0;0
11/11/2021;20:15:53;134;Sem vítima;282,000;BR-101/SC;Decrescente;Acidentes de outra natureza;0;0;0;0;0;0;0;0;0;0;0;0;0;0;0
11/11/2021;20:20:35;135;Sem vítima;307,000;BR-101/SC;Crescente;Acidentes de outra natureza;0;0;0;0;0;0;0;0;0;0;0;0;0;0;0
11/11/2021;21:59:32;142;Sem vítima;307,000;BR-101/SC;Crescente;Colisão traseira;0;0;0;0;0;0;0;0;0;0;0;0;0;0;0
12/11/2021;00:16:03;1;Sem vítima;447,000;BR-101/SC;Crescente;Acidentes de outra natureza;0;0;0;0;0;0;0;0;0;0;0;0;0;0;0
12/11/2021;01:03:03;3;Sem vítima;279,000;BR-101/SC;Decrescente;Acidentes de outra natureza;0;0;0;0;0;0;0;0;0;0;0;0;0;0;0
12/11/2021;07:57:36;41;Sem vítima;382,000;BR-101/SC;Crescente;Acidentes de outra natureza;0;0;0;0;0;0;0;0;0;0;0;0;0;0;0
12/11/2021;17:55:18;133;Sem vítima;401,000;BR-101/SC;Crescente;Acidentes de outra natureza;0;0;0;0;0;0;0;0;0;0;0;0;0;0;0
12/11/2021;18:20:26;137;Sem vítima;416,000;BR-101/SC;Crescente;Acidentes de outra natureza;0;0;0;0;0;0;0;0;0;0;0;0;0;0;0
12/11/2021;21:22:02;151;Sem vítima;300,000;BR-101/SC;Decrescente;Acidentes de outra natureza;0;0;0;0;0;0;0;0;0;0;0;0;0;0;0
13/11/2021;00:13:43;2;Sem vítima;315,000;BR-101/SC;Decrescente;Acidentes de outra natureza;0;0;0;0;0;0;0;0;0;0;0;0;0;0;0
13/11/2021;03:12:56;16;Sem vítima;459,000;BR-101/SC;Decrescente;Acidentes de outra natureza;0;0;0;0;0;0;0;0;0;0;0;0;0;0;0
13/11/2021;06:18:42;31;Com vítima;268,000;BR-101/SC;Decrescente;Acidentes de outra natureza;0;0;0;0;0;0;0;0;0;0;0;0;0;0;0
13/11/2021;08:52:35;49;Sem vítima;398,000;BR-101/SC;Crescente;Choque;0;0;0;0;0;0;0;0;0;0;0;0;0;0;0
13/11/2021;10:55:22;70;Com vítima;312,000;BR-101/SC;Decrescente;Colisão traseira;0;0;0;0;0;0;0;0;0;0;0;0;0;0;0
13/11/2021;19:29:13;126;Sem vítima;290,000;BR-101/SC;Decrescente;Acidentes de outra natureza;0;0;0;0;0;0;0;0;0;0;0;0;0;0;0
14/11/2021;02:31:21;4;Sem vítima;329,900;BR-101/SC;Decrescente;Acidentes de outra natureza;0;0;0;0;0;0;0;0;0;0;0;0;0;0;0
15/11/2021;00:39:06;3;Com vítima;334,000;BR-101/SC;Crescente;Acidentes de outra natureza;0;0;0;0;0;0;0;0;0;0;0;0;0;0;0
15/11/2021;02:45:27;5;Com vítima;281,000;BR-101/SC;Crescente;Choque;0;0;0;0;0;0;0;0;0;0;0;0;0;0;0
15/11/2021;10:17:18;38;Com vítima;448,000;BR-101/SC;Crescente;Acidentes de outra natureza;0;0;0;0;0;0;0;0;0;0;0;0;0;0;0
15/11/2021;11:19:24;48;Sem vítima;340,000;BR-101/SC;Decrescente;Acidentes de outra natureza;0;0;0;0;0;0;0;0;0;0;0;0;0;0;0
15/11/2021;11:41:30;52;Com vítima;368,000;BR-101/SC;Crescente;Acidentes de outra natureza;0;0;0;0;0;0;0;0;0;0;0;0;0;0;0
15/11/2021;15:06:11;74;Sem vítima;327,000;BR-101/SC;Crescente;Acidentes de outra natureza;0;0;0;0;0;0;0;0;0;0;0;0;0;0;0
15/11/2021;17:04:35;82;Sem vítima;344,000;BR-101/SC;Decrescente;Acidentes de outra natureza;0;0;0;0;0;0;0;0;0;0;0;0;0;0;0
15/11/2021;17:11:42;84;Sem vítima;336,000;BR-101/SC;Crescente;Engavetamento;3;0;0;0;0;0;0;0;0;0;3;0;0;0;0
15/11/2021;17:44:44;89;Sem vítima;455,000;BR-101/SC;Decrescente;Acidentes de outra natureza;0;0;0;0;0;0;0;0;0;0;0;0;0;0;0
15/11/2021;18:53:13;101;Sem vítima;377,000;BR-101/SC;Decrescente;Acidentes de outra natureza;0;0;0;0;0;0;0;0;0;0;0;0;0;0;0
15/11/2021;19:41:30;108;Sem vítima;377,000;BR-101/SC;Decrescente;Colisão traseira;0;0;0;0;0;0;0;0;0;0;0;0;0;0;0
15/11/2021;20:09:16;112;Sem vítima;328,000;BR-101/SC;Crescente;Acidentes de outra natureza;0;0;0;0;0;0;0;0;0;0;0;0;0;0;0
15/11/2021;20:23:40;113;Sem vítima;327,500;BR-101/SC;Crescente;Acidentes de outra natureza;0;0;0;0;0;0;0;0;0;0;0;0;0;0;0
16/11/2021;05:53:12;21;Sem vítima;337,000;BR-101/SC;Crescente;Acidentes de outra natureza;0;0;0;0;0;0;0;0;0;0;0;0;0;0;0
16/11/2021;11:34:48;90;Sem vítima;327,000;BR-101/SC;Decrescente;Acidentes de outra natureza;0;0;0;0;0;0;0;0;0;0;0;0;0;0;0
16/11/2021;13:35:26;106;Sem vítima;375,000;BR-101/SC;Decrescente;Capotamento;0;0;0;0;0;0;0;0;0;0;0;0;0;0;0
16/11/2021;16:21:33;129;Sem vítima;310,000;BR-101/SC;Crescente;Acidentes de outra natureza;0;0;0;0;0;0;0;0;0;0;0;0;0;0;0
16/11/2021;19:59:39;154;Sem vítima;326,000;BR-101/SC;Crescente;Acidentes de outra natureza;0;0;0;0;0;0;0;0;0;0;0;0;0;0;0
17/11/2021;16:52:32;101;Sem vítima;335,000;BR-101/SC;Crescente;Colisão lateral no mesmo sentido;0;0;0;0;0;0;0;0;0;0;0;0;0;0;0
17/11/2021;17:49:02;113;Com vítima;344,000;BR-101/SC;Crescente;Colisão traseira;2;0;0;0;0;0;0;0;0;0;2;1;0;0;0
17/11/2021;18:12:15;120;Sem vítima;351,000;BR-101/SC;Decrescente;Acidentes de outra natureza;0;0;0;0;0;0;0;0;0;0;0;0;0;0;0
17/11/2021;18:50:30;124;Com vítima;407,000;BR-101/SC;Crescente;Acidentes de outra natureza;0;0;0;0;0;0;0;0;0;0;0;0;0;0;0
17/11/2021;23:06:55;134;Sem vítima;376,900;BR-101/SC;Crescente;Acidentes de outra natureza;0;0;0;0;0;0;0;0;0;0;0;0;0;0;0
18/11/2021;02:37:42;7;Sem vítima;440,000;BR-101/SC;Decrescente;Acidentes de outra natureza;0;0;0;0;0;0;0;0;0;0;0;0;0;0;0
18/11/2021;06:03:15;12;Sem vítima;328,000;BR-101/SC;Decrescente;Acidentes de outra natureza;0;0;0;0;0;0;0;0;0;0;0;0;0;0;0
18/11/2021;07:29:42;19;Sem vítima;378,000;BR-101/SC;Decrescente;Acidentes de outra natureza;0;0;0;0;0;0;0;0;0;0;0;0;0;0;0
18/11/2021;08:03:03;27;Sem vítima;277,000;BR-101/SC;Decrescente;Acidentes de outra natureza;0;0;0;0;0;0;0;0;0;0;0;0;0;0;0
18/11/2021;10:18:58;47;Sem vítima;258,000;BR-101/SC;Decrescente;Acidentes de outra natureza;0;0;0;0;0;0;0;0;0;0;0;0;0;0;0
18/11/2021;12:01:08;55;Sem vítima;336,000;BR-101/SC;Crescente;Acidentes de outra natureza;0;0;0;0;0;0;0;0;0;0;0;0;0;0;0
18/11/2021;16:42:33;85;Sem vítima;394,000;BR-101/SC;Crescente;Acidentes de outra natureza;0;0;0;0;0;0;0;0;0;0;0;0;0;0;0
18/11/2021;21:39:15;109;Sem vítima;464,000;BR-101/SC;Decrescente;Acidentes de outra natureza;0;0;0;0;0;0;0;0;0;0;0;0;0;0;0
18/11/2021;22:48:59;114;Com vítima;324,000;BR-101/SC;Decrescente;Queda de moto;0;0;0;0;0;0;0;0;0;0;0;0;0;0;0
19/11/2021;02:47:35;6;Sem vítima;370,000;BR-101/SC;Crescente;Acidentes de outra natureza;1;0;0;0;0;0;0;0;0;0;4;0;0;0;0
19/11/2021;02:50:01;7;Sem vítima;412,000;BR-101/SC;Decrescente;Acidentes de outra natureza;0;0;0;0;0;0;0;0;0;0;0;0;0;0;0
19/11/2021;06:59:27;16;Sem vítima;401,000;BR-101/SC;Decrescente;Acidentes de outra natureza;0;0;0;0;0;0;0;0;0;0;0;0;0;0;0
19/11/2021;07:43:31;26;Sem vítima;369,000;BR-101/SC;Crescente;Acidentes de outra natureza;0;0;0;0;0;0;0;0;0;0;0;0;0;0;0
19/11/2021;19:33:05;103;Sem vítima;435,000;BR-101/SC;Crescente;Acidentes de outra natureza;0;0;0;0;0;0;0;0;0;0;0;0;0;0;0
19/11/2021;19:51:27;104;Sem vítima;401,000;BR-101/SC;Decrescente;Acidentes de outra natureza;0;0;0;0;0;0;0;0;0;0;0;0;0;0;0
19/11/2021;23:44:31;124;Sem vítima;334,000;BR-101/SC;Decrescente;Colisão traseira;1;0;1;0;0;0;0;0;0;0;3;0;0;0;0
20/11/2021;00:21:56;2;Sem vítima;433,000;BR-101/SC;Decrescente;Acidentes de outra natureza;0;0;0;0;0;0;0;0;0;0;0;0;0;0;0
20/11/2021;01:06:38;4;Sem vítima;441,000;BR-101/SC;Decrescente;Acidentes de outra natureza;0;0;0;0;0;0;0;0;0;0;0;0;0;0;0
20/11/2021;04:31:31;11;Sem vítima;276,000;BR-101/SC;Crescente;Tombamento;0;0;1;0;0;0;0;0;0;0;1;0;0;0;0
20/11/2021;05:00:17;14;Com vítima;436,000;BR-101/SC;Decrescente;Acidentes de outra natureza;0;0;0;0;0;0;0;0;0;0;0;0;0;0;0
20/11/2021;07:05:39;24;Sem vítima;437,000;BR-101/SC;Decrescente;Acidentes de outra natureza;0;0;0;0;0;0;0;0;0;0;0;0;0;0;0
20/11/2021;19:47:25;119;Sem vítima;309,000;BR-101/SC;Crescente;Acidentes de outra natureza;0;0;0;0;0;0;0;0;0;0;0;0;0;0;0
20/11/2021;20:38:41;126;Sem vítima;436,000;BR-101/SC;Crescente;Acidentes de outra natureza;0;0;0;0;0;0;0;0;0;0;0;0;0;0;0
20/11/2021;21:52:08;134;Sem vítima;282,000;BR-101/SC;Decrescente;Acidentes de outra natureza;0;0;0;0;0;0;0;0;0;0;0;0;0;0;0
21/11/2021;03:16:29;8;Sem vítima;388,000;BR-101/SC;Decrescente;Acidentes de outra natureza;0;0;0;0;0;0;0;0;0;0;0;0;0;0;0
21/11/2021;04:49:01;11;Com vítima;372,000;BR-101/SC;Decrescente;Acidentes de outra natureza;0;0;0;0;0;0;0;0;0;0;0;0;0;0;0
21/11/2021;07:14:17;19;Sem vítima;443,000;BR-101/SC;Crescente;Acidentes de outra natureza;0;0;0;0;0;0;0;0;0;0;0;0;0;0;0
21/11/2021;08:45:29;26;Sem vítima;359,000;BR-101/SC;Decrescente;Colisão lateral no mesmo sentido;0;0;0;0;0;0;0;0;0;0;0;0;0;0;0
21/11/2021;20:39:14;93;Sem vítima;352,220;BR-101/SC;Decrescente;Acidentes de outra natureza;0;0;0;0;0;0;0;0;0;0;0;0;0;0;0
21/11/2021;22:44:36;104;Sem vítima;276,000;BR-101/SC;Decrescente;Acidentes de outra natureza;0;0;0;0;0;0;0;0;0;0;4;0;0;0;0
22/11/2021;09:16:58;46;Sem vítima;257,000;BR-101/SC;Crescente;Acidentes de outra natureza;0;0;0;0;0;0;0;0;0;0;0;0;0;0;0
22/11/2021;09:28:16;49;Sem vítima;301,000;BR-101/SC;Decrescente;Acidentes de outra natureza;0;0;0;0;0;0;0;0;0;0;0;0;0;0;0
22/11/2021;16:54:21;118;Sem vítima;336,000;BR-101/SC;Decrescente;Colisão lateral no mesmo sentido;1;0;1;0;0;0;0;0;0;0;2;0;0;0;0
22/11/2021;17:19:13;121;Sem vítima;414,000;BR-101/SC;Crescente;Acidentes de outra natureza;0;0;0;0;0;0;0;0;0;0;0;0;0;0;0
22/11/2021;19:43:07;139;Sem vítima;304,000;BR-101/SC;Crescente;Acidentes de outra natureza;0;0;0;0;0;0;0;0;0;0;0;0;0;0;0
23/11/2021;03:45:02;9;Sem vítima;371,000;BR-101/SC;Decrescente;Acidentes de outra natureza;0;0;0;0;0;0;0;0;0;0;0;0;0;0;0
23/11/2021;15:47:23;123;Sem vítima;340,000;BR-101/SC;Crescente;Acidentes de outra natureza;0;0;0;0;0;0;0;0;0;0;0;0;0;0;0
23/11/2021;16:54:16;137;Sem vítima;259,000;BR-101/SC;Crescente;Acidentes de outra natureza;0;0;0;0;0;0;0;0;0;0;0;0;0;0;0
24/11/2021;07:04:05;31;Sem vítima;357,000;BR-101/SC;Crescente;Acidentes de outra natureza;0;0;0;0;0;0;0;0;0;0;0;0;0;0;0
24/11/2021;13:23:46;87;Sem vítima;397,000;BR-101/SC;Crescente;Acidentes de outra natureza;0;0;0;0;0;0;0;0;0;0;0;0;0;0;0
25/11/2021;02:11:14;3;Sem vítima;333,000;BR-101/SC;Decrescente;Acidentes de outra natureza;0;0;0;0;0;0;0;0;0;0;0;0;0;0;0
25/11/2021;07:40:59;40;Sem vítima;315,000;BR-101/SC;Decrescente;Acidentes de outra natureza;0;0;0;0;0;0;0;0;0;0;0;0;0;0;0
25/11/2021;10:13:14;70;Sem vítima;338,000;BR-101/SC;Decrescente;Acidentes de outra natureza;0;0;0;0;0;0;0;0;0;0;0;0;0;0;0
25/11/2021;11:10:43;79;Sem vítima;350,000;BR-101/SC;Crescente;Acidentes de outra natureza;0;0;0;0;0;0;0;0;0;0;0;0;0;0;0
25/11/2021;13:54:14;107;Com vítima;404,000;BR-101/SC;Decrescente;Acidentes de outra natureza;0;0;0;0;0;0;0;0;0;0;0;0;0;0;0
25/11/2021;14:46:15;113;Sem vítima;458,000;BR-101/SC;Crescente;Acidentes de outra natureza;0;0;0;0;0;0;0;0;0;0;0;0;0;0;0
26/11/2021;05:01:39;13;Sem vítima;321,000;BR-101/SC;Crescente;Acidentes de outra natureza;0;0;0;0;0;0;0;0;0;0;0;0;0;0;0
26/11/2021;10:36:06;70;Sem vítima;297,000;BR-101/SC;Decrescente;Acidentes de outra natureza;0;0;0;0;0;0;0;0;0;0;0;0;0;0;0