data;horario;n_da_ocorrencia;tipo_de_ocorrencia;km;trecho;sentido;tipo_de_acidente;automovel;bicicleta;caminhao;moto;onibus;outros;tracao_animal;transporte_de_cargas_especiais;trator_maquinas;utilitarios;ilesos;levemente_feridos;moderadamente_feridos;gravemente_feridos;mortos
26/11/2021;11:31:27;75;Sem vítima;277,000;BR-101/SC;Decrescente;Acidentes de outra natureza;0;0;0;0;0;0;0;0;0;0;0;0;0;0;0
26/11/2021;11:43:55;80;Sem vítima;297,000;BR-101/SC;Decrescente;Acidentes de outra natureza;0;0;0;0;0;0;0;0;0;0;0;0;0;0;0
26/11/2021;14:50:22;104;Sem vítima;298,000;BR-101/SC;Crescente;Acidentes de outra natureza;0;0;0;0;0;0;0;0;0;0;0;0;0;0;0
26/11/2021;16:18:58;116;Com vítima;275,000;BR-101/SC;Crescente;Queda de moto;0;0;0;0;0;0;0;0;0;0;0;0;0;0;0
26/11/2021;22:58:59;154;Sem vítima;360,000;BR-101/SC;Crescente;Acidentes de outra natureza;0;0;0;0;0;0;0;0;0;0;0;0;0;0;0
27/11/2021;04:20:27;8;Sem vítima;416,000;BR-101/SC;Crescente;Choque;0;0;0;0;0;0;0;0;0;0;0;0;0;0;0
27/11/2021;05:10:01;13;Com vítima;328,000;BR-101/SC;Crescente;Choque;1;0;0;0;0;0;0;0;0;0;0;1;1;0;0
27/11/2021;06:03:22;18;Sem vítima;434,000;BR-101/SC;Decrescente;Acidentes de outra natureza;0;0;0;0;0;0;0;0;0;0;0;0;0;0;0
27/11/2021;06:10:41;19;Sem vítima;358,000;BR-101/SC;Crescente;Acidentes de outra natureza;0;0;0;0;0;0;0;0;0;0;0;0;0;0;0
27/11/2021;06:14:09;20;Sem vítima;322,000;BR-101/SC;Crescente;Acidentes de outra natureza;0;0;0;0;0;0;0;0;0;0;0;0;0;0;0
27/11/2021;06:35:34;21;Sem vítima;344,000;BR-101/SC;Crescente;Acidentes de outra natureza;0;0;0;0;0;0;0;0;0;0;0;0;0;0;0
27/11/2021;10:27:06;54;Sem vítima;397,000;BR-101/SC;Decrescente;Acidentes de outra natureza;0;0;0;0;0;0;0;0;0;0;0;0;0;0;0
27/11/2021;11:29:19;60;Com vítima;262,000;BR-101/SC;Decrescente;Acidentes de outra natureza;0;0;0;0;0;0;0;0;0;0;0;0;0;0;0
27/11/2021;16:18:19;84;Sem vítima;381,000;BR-101/SC;Crescente;Acidentes de outra natureza;0;0;0;0;0;0;0;0;0;0;0;0;0;0;0
27/11/2021;18:47:23;99;Com vítima;432,000;BR-101/SC;Decrescente;Acidentes de outra natureza;0;0;0;0;0;0;0;0;0;0;0;0;0;0;0
27/11/2021;20:29:05;111;Com vítima;358,000;BR-101/SC;Crescente;Acidentes de outra natureza;0;0;0;0;0;0;0;0;0;0;0;0;0;0;0
27/11/2021;21:22:42;116;Com vítima;325,000;BR-101/SC;Decrescente;Colisão frontal;1;0;0;1;0;0;0;0;0;0;1;1;0;0;0
27/11/2021;22:05:34;120;Com vítima;341,000;BR-101/SC;Crescente;Choque;1;0;0;0;0;0;0;0;0;0;0;1;0;0;0
27/11/2021;22:19:47;123;Sem vítima;272,000;BR-101/SC;Decrescente;Acidentes de outra natureza;0;0;0;0;0;0;0;0;0;0;0;0;0;0;0
28/11/2021;06:00:42;10;Sem vítima;363,000;BR-101/SC;Crescente;Acidentes de outra natureza;0;0;0;0;0;0;0;0;0;0;0;0;0;0;0
29/11/2021;00:00:49;1;Sem vítima;327,000;BR-101/SC;Crescente;Acidentes de outra natureza;0;0;0;0;0;0;0;0;0;0;0;0;0;0;0
29/11/2021;06:16:20;17;Sem vítima;308,000;BR-101/SC;Decrescente;Acidentes de outra natureza;0;0;0;0;0;0;0;0;0;0;0;0;0;0;0
29/11/2021;10:29:25;62;Sem vítima;389,000;BR-101/SC;Crescente;Acidentes de outra natureza;0;0;0;0;0;0;0;0;0;0;0;0;0;0;0
29/11/2021;12:43:49;75;Sem vítima;298,000;BR-101/SC;Decrescente;Acidentes de outra natureza;0;0;0;0;0;0;0;0;0;0;0;0;0;0;0
29/11/2021;13:29:00;84;Sem vítima;248,000;BR-101/SC;Crescente;Acidentes de outra natureza;1;0;0;0;0;0;0;0;0;0;2;0;0;0;0
29/11/2021;13:37:42;85;Sem vítima;294,000;BR-101/SC;Crescente;Acidentes de outra natureza;0;0;0;0;0;0;0;0;0;0;0;0;0;0;0
29/11/2021;17:02:23;121;Sem vítima;386,000;BR-101/SC;Decrescente;Acidentes de outra natureza;0;0;0;0;0;0;0;0;0;0;0;0;0;0;0
29/11/2021;18:29:34;129;Sem vítima;255,000;BR-101/SC;Decrescente;Acidentes de outra natureza;0;0;0;0;0;0;0;0;0;0;0;0;0;0;0
30/11/2021;16:14:14;66;Sem vítima;448,000;BR-101/SC;Crescente;Colisão traseira;0;0;1;0;0;0;0;0;0;0;1;0;0;0;0
01/12/2021;09:01:33;31;Com vítima;307,000;BR-101/SC;Decrescente;Capotamento;0;0;0;0;0;0;0;0;0;0;0;0;0;0;0
01/12/2021;14:10:53;72;Sem vítima;336,000;BR-101/SC;Crescente;Acidentes de outra natureza;0;0;0;0;0;0;0;0;0;0;0;0;0;0;0
02/12/2021;07:27:00;29;Sem vítima;331,000;BR-101/SC;Crescente;Acidentes de outra natureza;0;0;0;0;0;0;0;0;0;0;0;0;0;0;0
02/12/2021;16:13:51;101;Sem vítima;356,000;BR-101/SC;Crescente;Acidentes de outra natureza;0;0;0;0;0;0;0;0;0;0;0;0;0;0;0
02/12/2021;18:29:48;121;Sem vítima;342,000;BR-101/SC;Decrescente;Queda de moto;0;0;0;0;0;0;0;0;0;0;0;0;0;0;0
03/12/2021;01:35:16;1;Sem vítima;405,000;BR-101/SC;Decrescente;Acidentes de outra natureza;0;0;0;0;0;0;0;0;0;0;0;0;0;0;0
03/12/2021;06:28:11;25;Sem vítima;405,000;BR-101/SC;Decrescente;Acidentes de outra natureza;0;0;0;0;0;0;0;0;0;0;0;0;0;0;0
03/12/2021;06:54:55;27;Sem vítima;376,000;BR-101/SC;Decrescente;Acidentes de outra natureza;0;0;0;0;0;0;0;0;0;0;0;0;0;0;0
03/12/2021;08:20:26;50;Sem vítima;444,000;BR-101/SC;Crescente;Acidentes de outra natureza;0;0;0;0;0;0;0;0;0;0;0;0;0;0;0
03/12/2021;09:11:04;60;Sem vítima;371,000;BR-101/SC;Decrescente;Acidentes de outra natureza;0;0;0;0;0;0;0;0;0;0;4;0;0;0;0
03/12/2021;12:22:29;89;Sem vítima;249,000;BR-101/SC;Decrescente;Acidentes de outra natureza;0;0;0;0;0;0;0;0;0;0;0;0;0;0;0
03/12/2021;13:54:21;96;Sem vítima;289,000;BR-101/SC;Decrescente;Acidentes de outra natureza;0;0;0;0;0;0;0;0;0;0;0;0;0;0;0
03/12/2021;14:46:15;102;Sem vítima;406,000;BR-101/SC;Decrescente;Acidentes de outra natureza;0;0;0;0;0;0;0;0;0;0;0;0;0;0;0
03/12/2021;18:15:50;124;Sem vítima;335,000;BR-101/SC;Decrescente;Acidentes de outra natureza;0;0;0;0;0;0;0;0;0;0;0;0;0;0;0
03/12/2021;21:58:14;150;Sem vítima;353,000;BR-101/SC;Crescente;Acidentes de outra natureza;0;0;0;0;0;0;0;0;0;0;0;0;0;0;0
03/12/2021;22:50:39;154;Com vítima;335,000;BR-101/SC;Crescente;Colisão lateral no mesmo sentido;1;0;0;1;0;0;0;0;0;0;1;2;0;0;0
03/12/2021;22:56:43;156;Sem vítima;336,500;BR-101/SC;Decrescente;Choque;1;0;0;0;0;0;0;0;0;0;1;0;0;0;0
04/12/2021;00:29:43;3;Sem vítima;436,000;BR-101/SC;Decrescente;Acidentes de outra natureza;0;0;0;0;0;0;0;0;0;0;0;0;0;0;0
04/12/2021;00:36:26;4;Sem vítima;306,000;BR-101/SC;Decrescente;Acidentes de outra natureza;0;0;0;0;0;0;0;0;0;0;0;0;0;0;0
04/12/2021;02:26:37;9;Sem vítima;317,000;BR-101/SC;Crescente;Acidentes de outra natureza;0;0;0;0;0;0;0;0;0;0;0;0;0;0;0
04/12/2021;06:05:14;17;Sem vítima;293,000;BR-101/SC;Decrescente;Acidentes de outra natureza;0;0;0;0;0;0;0;0;0;0;0;0;0;0;0
04/12/2021;09:44:53;42;Sem vítima;274,000;BR-101/SC;Crescente;Acidentes de outra natureza;0;0;0;0;0;0;0;0;0;0;0;0;0;0;0
04/12/2021;10:58:35;53;Sem vítima;418,000;BR-101/SC;Decrescente;Acidentes de outra natureza;0;0;0;0;0;0;0;0;0;0;0;0;0;0;0
04/12/2021;16:21:50;108;Sem vítima;387,000;BR-101/SC;Decrescente;Acidentes de outra natureza;0;0;0;0;0;0;0;0;0;0;0;0;0;0;0
04/12/2021;19:20:18;134;Com vítima;388,000;BR-101/SC;Crescente;Acidentes de outra natureza;0;0;0;0;0;0;0;0;0;0;0;0;0;0;0
04/12/2021;23:28:56;157;Sem vítima;364,000;BR-101/SC;Crescente;Acidentes de outra natureza;0;0;0;0;0;0;0;0;0;0;0;0;0;0;0
05/12/2021;00:05:16;1;Sem vítima;416,000;BR-101/SC;Decrescente;Acidentes de outra natureza;0;0;0;0;0;0;0;0;0;0;0;0;0;0;0
05/12/2021;01:24:28;8;Sem vítima;309,000;BR-101/SC;Crescente;Atropelamento de pedestre;0;0;0;0;0;0;0;0;0;0;0;0;0;0;0
05/12/2021;01:49:27;11;Sem vítima;309,000;BR-101/SC;Crescente;Acidentes de outra natureza;0;0;0;0;0;0;0;0;0;0;0;0;0;0;0
05/12/2021;03:26:41;15;Sem vítima;326,000;BR-101/SC;Crescente;Acidentes de outra natureza;1;0;0;0;0;0;0;0;0;0;2;0;0;0;0
05/12/2021;04:11:18;16;Sem vítima;368,000;BR-101/SC;Crescente;Acidentes de outra natureza;0;0;0;0;0;0;0;0;0;0;0;0;0;0;0
05/12/2021;09:04:14;40;Sem vítima;425,000;BR-101/SC;Decrescente;Acidentes de outra natureza;0;0;0;0;0;0;0;0;0;0;0;0;0;0;0
05/12/2021;11:42:44;51;Com vítima;282,000;BR-101/SC;Crescente;Capotamento;1;0;0;0;0;0;0;0;0;0;1;0;1;0;0
05/12/2021;16:35:16;72;Sem vítima;325,000;BR-101/SC;Crescente;Acidentes de outra natureza;0;0;0;0;0;0;0;0;0;0;0;0;0;0;0
05/12/2021;17:58:03;78;Sem vítima;384,000;BR-101/SC;Decrescente;Acidentes de outra natureza;0;0;0;0;0;0;0;0;0;0;0;0;0;0;0
05/12/2021;20:31:40;91;Sem vítima;335,500;BR-101/SC;Decrescente;Acidentes de outra natureza;0;0;0;0;0;0;0;0;0;0;0;0;0;0;0
06/12/2021;07:52:11;27;Sem vítima;314,000;BR-101/SC;Decrescente;Acidentes de outra natureza;0;0;0;0;0;0;0;0;0;0;0;0;0;0;0
06/12/2021;09:08:31;38;Sem vítima;323,600;BR-101/SC;Decrescente;Choque;1;0;0;0;0;0;0;0;0;0;0;0;0;0;0
06/12/2021;10:14:26;47;Sem vítima;336,000;BR-101/SC;Decrescente;Acidentes de outra natureza;0;0;0;0;0;0;0;0;0;0;0;0;0;0;0
06/12/2021;10:41:38;54;Sem vítima;383,000;BR-101/SC;Crescente;Acidentes de outra natureza;0;0;0;0;0;0;0;0;0;0;0;0;0;0;0
06/12/2021;12:40:18;74;Sem vítima;278,000;BR-101/SC;Crescente;Acidentes de outra natureza;0;0;0;0;0;0;0;0;0;0;0;0;0;0;0
06/12/2021;14:46:05;88;Sem vítima;331,000;BR-101/SC;Decrescente;Acidentes de outra natureza;0;0;0;0;0;0;0;0;0;0;0;0;0;0;0
06/12/2021;15:48:42;93;Sem vítima;333,650;BR-101/SC;Crescente;Acidentes de outra natureza;0;0;0;0;0;0;0;0;0;0;0;0;0;0;0
06/12/2021;16:13:26;96;Sem vítima;403,000;BR-101/SC;Decrescente;Acidentes de outra natureza;0;0;0;0;0;0;0;0;0;0;0;0;0;0;0
06/12/2021;18:22:50;107;Sem vítima;383,000;BR-101/SC;Crescente;Acidentes de outra natureza;0;0;0;0;0;0;0;0;0;0;0;0;0;0;0
07/12/2021;09:51:52;56;Sem vítima;392,000;BR-101/SC;Decrescente;Acidentes de outra natureza;0;0;0;0;0;0;0;0;0;0;0;0;0;0;0
07/12/2021;16:17:14;108;Sem vítima;327,000;BR-101/SC;Crescente;Acidentes de outra natureza;0;0;0;0;0;0;0;0;0;0;0;0;0;0;0
07/12/2021;18:52:12;122;Sem vítima;268,000;BR-101/SC;Crescente;Acidentes de outra natureza;0;0;0;0;0;0;0;0;0;0;0;0;0;0;0
07/12/2021;21:01:42;135;Sem vítima;464,000;BR-101/SC;Decrescente;Acidentes de outra natureza;0;0;0;0;0;0;0;0;0;0;0;0;0;0;0
08/12/2021;05:45:43;15;Sem vítima;435,000;BR-101/SC;Decrescente;Acidentes de outra natureza;0;0;0;0;0;0;0;0;0;0;0;0;0;0;0
08/12/2021;09:15:08;55;Sem vítima;251,200;BR-101/SC;Decrescente;Acidentes de outra natureza;1;0;0;0;0;0;0;0;0;0;1;0;0;0;0
08/12/2021;09:22:14;57;Sem vítima;251,000;BR-101/SC;Decrescente;Acidentes de outra natureza;0;0;0;0;0;0;0;0;0;0;0;0;0;0;0
08/12/2021;09:41:18;60;Sem vítima;452,230;BR-101/SC;Crescente;Acidentes de outra natureza;0;0;0;0;0;0;0;0;0;0;0;0;0;0;0
08/12/2021;10:34:59;69;Sem vítima;388,000;BR-101/SC;Crescente;Acidentes de outra natureza;0;0;0;0;0;0;0;0;0;0;0;0;0;0;0
08/12/2021;17:20:58;97;Sem vítima;320,000;BR-101/SC;Decrescente;Acidentes de outra natureza;0;0;0;0;0;0;0;0;0;0;0;0;0;0;0
08/12/2021;21:44:42;131;Sem vítima;289,000;BR-101/SC;Decrescente;Acidentes de outra natureza;0;0;0;0;0;0;0;0;0;0;0;0;0;0;0
09/12/2021;03:09:05;9;Com vítima;305,000;BR-101/SC;Crescente;Acidentes de outra natureza;0;0;0;0;0;0;0;0;0;0;0;0;0;0;0
09/12/2021;21:06:34;113;Sem vítima;288,000;BR-101/SC;Decrescente;Acidentes de outra natureza;0;0;0;0;0;0;0;0;0;0;0;0;0;0;0
10/12/2021;02:19:29;7;Com vítima;449,500;BR-101/SC;Decrescente;Acidentes de outra natureza;0;0;0;0;0;0;0;0;0;0;0;0;0;0;0
10/12/2021;05:25:00;13;Com vítima;328,000;BR-101/SC;Crescente;Colisão traseira;1;0;0;0;0;0;0;0;0;0;1;0;1;0;0
10/12/2021;07:48:33;34;Sem vítima;327,000;BR-101/SC;Crescente;Acidentes de outra natureza;0;0;0;0;0;0;0;0;0;0;0;0;0;0;0
10/12/2021;10:21:10;61;Sem vítima;357,000;BR-101/SC;Crescente;Acidentes de outra natureza;0;0;0;0;0;0;0;0;0;0;0;0;0;0;0
10/12/2021;10:28:31;63;Sem vítima;280,000;BR-101/SC;Decrescente;Acidentes de outra natureza;0;0;0;0;0;0;0;0;0;0;0;0;0;0;0
10/12/2021;11:39:56;80;Com vítima;450,000;BR-101/SC;Crescente;Colisão lateral no mesmo sentido;1;0;1;0;0;0;0;0;0;0;2;0;1;0;0
10/12/2021;12:28:02;86;Sem vítima;376,000;BR-101/SC;Crescente;Acidentes de outra natureza;0;0;0;0;0;0;0;0;0;0;0;0;0;0;0
10/12/2021;18:37:11;118;Sem vítima;267,000;BR-101/SC;Decrescente;Acidentes de outra natureza;0;0;0;0;0;0;0;0;0;0;0;0;0;0;0
10/12/2021;20:08:34;126;Sem vítima;442,000;BR-101/SC;Crescente;Acidentes de outra natureza;0;0;0;0;0;0;0;0;0;0;0;0;0;0;0
10/12/2021;22:09:27;140;Sem vítima;280,000;BR-101/SC;Decrescente;Acidentes de outra natureza;0;0;0;0;0;0;0;0;0;0;0;0;0;0;0
10/12/2021;23:08:17;142;Sem vítima;281,000;BR-101/SC;Crescente;Colisão traseira;1;0;0;0;0;0;0;0;0;0;1;0;0;0;0
10/12/2021;23:38:09;145;Sem vítima;341,000;BR-101/SC;Decrescente;Acidentes de outra natureza;0;0;0;0;0;0;0;0;0;0;0;0;0;0;0
11/12/2021;00:57:11;9;Sem vítima;307,000;BR-101/SC;Crescente;Acidentes de outra natureza;0;0;0;0;0;0;0;0;0;0;0;0;0;0;0
11/12/2021;06:48:11;22;Sem vítima;325,000;BR-101/SC;Crescente;Acidentes de outra natureza;0;0;0;0;0;0;0;0;0;0;0;0;0;0;0
11/12/2021;07:14:00;24;Sem vítima;302,000;BR-101/SC;Crescente;Acidentes de outra natureza;0;0;0;0;0;0;0;0;0;0;1;0;0;0;0
11/12/2021;15:42:35;90;Sem vítima;287,000;BR-101/SC;Decrescente;Colisão traseira;0;0;0;0;0;0;0;0;0;0;0;0;0;0;0
11/12/2021;21:59:20;127;Sem vítima;280,000;BR-101/SC;Decrescente;Acidentes de outra natureza;0;0;0;0;0;0;0;0;0;0;0;0;0;0;0
11/12/2021;23:06:20;130;Sem vítima;253,000;BR-101/SC;Decrescente;Acidentes de outra natureza;0;0;0;0;0;0;0;0;0;0;0;0;0;0;0
11/12/2021;23:31:39;134;Sem vítima;254,000;BR-101/SC;Decrescente;Acidentes de outra natureza;0;0;0;0;0;0;0;0;0;0;0;0;0;0;0
12/12/2021;00:20:02;2;Com vítima;393,000;BR-101/SC;Crescente;Colisão traseira;0;0;0;0;0;0;0;0;0;0;0;0;0;0;0
12/12/2021;07:27:26;25;Sem vítima;278,200;BR-101/SC;Decrescente;Acidentes de outra natureza;0;0;0;0;0;0;0;0;0;0;0;0;0;0;0
12/12/2021;09:07:28;34;Sem vítima;298,000;BR-101/SC;Decrescente;Acidentes de outra natureza;0;0;0;0;0;0;0;0;0;0;0;0;0;0;0
12/12/2021;11:24:05;49;Sem vítima;364,250;BR-101/SC;Decrescente;Acidentes de outra natureza;0;0;0;0;0;0;0;0;0;0;0;0;0;0;0
12/12/2021;14:54:30;70;Sem vítima;344,000;BR-101/SC;Decrescente;Acidentes de outra natureza;0;0;0;0;0;0;0;0;0;0;0;0;0;0;0
12/12/2021;16:03:46;77;Sem vítima;407,000;BR-101/SC;Decrescente;Acidentes de outra natureza;0;0;0;0;0;0;0;0;0;0;0;0;0;0;0
12/12/2021;18:54:09;99;Sem vítima;275,000;BR-101/SC;Crescente;Acidentes de outra natureza;0;0;0;0;0;0;0;0;0;0;0;0;0;0;0
12/12/2021;20:28:53;111;Sem vítima;336,000;BR-101/SC;Crescente;Acidentes de outra natureza;0;0;0;0;0;0;0;0;0;0;0;0;0;0;0
13/12/2021;09:15:51;51;Sem vítima;358,000;BR-101/SC;Crescente;Acidentes de outra natureza;0;0;0;0;0;0;0;0;0;0;0;0;0;0;0
13/12/2021;10:45:44;66;Sem vítima;256,000;BR-101/SC;Crescente;Acidentes de outra natureza;0;0;0;0;0;0;0;0;0;0;0;0;0;0;0
13/12/2021;12:11:29;76;Sem vítima;256,000;BR-101/SC;Crescente;Colisão traseira;0;0;0;0;0;0;0;0;0;0;0;0;0;0;0
13/12/2021;19:30:01;125;Sem vítima;289,000;BR-101/SC;Decrescente;Acidentes de outra natureza;0;0;0;0;0;0;0;0;0;0;0;0;0;0;0
13/12/2021;20:41:02;131;Sem vítima;416,000;BR-101/SC;Crescente;Acidentes de outra natureza;0;0;0;0;0;0;0;0;0;0;0;0;0;0;0
13/12/2021;21:35:30;138;Sem vítima;447,000;BR-101/SC;Crescente;Acidentes de outra natureza;0;0;0;0;0;0;0;0;0;0;0;0;0;0;0
14/12/2021;01:21:44;4;Sem vítima;297,000;BR-101/SC;Crescente;Acidentes de outra natureza;0;0;0;0;0;0;0;0;0;0;0;0;0;0;0
14/12/2021;06:25:59;23;Sem vítima;384,000;BR-101/SC;Decrescente;Acidentes de outra natureza;0;0;0;0;0;0;0;0;0;0;0;0;0;0;0
14/12/2021;07:54:15;45;Sem vítima;295,000;BR-101/SC;Crescente;Acidentes de outra natureza;0;0;0;0;0;0;0;0;0;0;0;0;0;0;0
14/12/2021;14:37:03;75;Sem vítima;246,000;BR-101/SC;Decrescente;Acidentes de outra natureza;0;0;0;0;0;0;0;0;0;0;0;0;0;0;0
14/12/2021;16:22:03;97;Sem vítima;276,000;BR-101/SC;Decrescente;Acidentes de outra natureza;0;0;0;0;0;0;0;0;0;0;0;0;0;0;0
14/12/2021;17:34:51;103;Sem vítima;444,000;BR-101/SC;Crescente;Acidentes de outra natureza;0;0;0;0;0;0;0;0;0;0;0;0;0;0;0
14/12/2021;18:07:32;105;Sem vítima;308,000;BR-101/SC;Decrescente;Colisão traseira;1;0;0;1;0;0;0;0;0;0;2;0;0;0;0
14/12/2021;18:22:57;106;Sem vítima;277,000;BR-101/SC;Crescente;Acidentes de outra natureza;0;0;0;0;0;0;0;0;0;0;0;0;0;0;0
15/12/2021;10:23:41;61;Sem vítima;422,000;BR-101/SC;Crescente;Acidentes de outra natureza;0;0;0;0;0;0;0;0;0;0;0;0;0;0;0
15/12/2021;20:48:35;130;Sem vítima;458,000;BR-101/SC;Decrescente;Acidentes de outra natureza;1;0;0;0;0;0;0;0;0;0;2;0;0;0;0
15/12/2021;22:10:15;136;Sem vítima;370,000;BR-101/SC;Decrescente;Acidentes de outra natureza;0;0;1;0;0;0;0;0;0;0;1;0;0;0;0
15/12/2021;22:44:38;138;Sem vítima;390,000;BR-101/SC;Decrescente;Acidentes de outra natureza;0;0;0;0;0;0;0;0;0;0;0;0;0;0;0
16/12/2021;01:25:34;5;Sem vítima;379,000;BR-101/SC;Crescente;Acidentes de outra natureza;0;0;0;0;0;0;0;0;0;0;0;0;0;0;0
16/12/2021;01:25:37;6;Sem vítima;381,000;BR-101/SC;Crescente;Acidentes de outra natureza;0;0;0;0;0;0;0;0;0;0;0;0;0;0;0
16/12/2021;12:39:22;73;Sem vítima;275,000;BR-101/SC;Decrescente;Acidentes de outra natureza;0;0;0;0;0;0;0;0;0;0;0;0;0;0;0
16/12/2021;14:27:34;85;Sem vítima;389,000;BR-101/SC;Crescente;Acidentes de outra natureza;0;0;0;0;0;0;0;0;0;0;0;0;0;0;0
16/12/2021;21:52:34;133;Com vítima;287,000;BR-101/SC;Crescente;Colisão traseira;1;0;0;0;0;0;0;0;0;0;0;1;0;0;0
16/12/2021;22:48:42;139;Sem vítima;350,000;BR-101/SC;Decrescente;Acidentes de outra natureza;0;0;0;0;0;0;0;0;0;0;0;0;0;0;0
16/12/2021;22:51:02;140;Sem vítima;253,000;BR-101/SC;Decrescente;Acidentes de outra natureza;0;0;0;0;0;0;0;0;0;0;0;0;0;0;0
17/12/2021;10:34:24;63;Sem vítima;270,000;BR-101/SC;Decrescente;Choque;0;0;0;0;0;0;0;0;0;0;0;0;0;0;0
17/12/2021;18:29:42;114;Sem vítima;289,000;BR-101/SC;Crescente;Acidentes de outra natureza;0;0;0;0;0;0;0;0;0;0;0;0;0;0;0
17/12/2021;19:12:28;119;Sem vítima;448,000;BR-101/SC;Decrescente;Tombamento;0;0;1;0;0;0;0;0;0;0;1;0;0;0;0
17/12/2021;19:19:02;120;Sem vítima;404,000;BR-101/SC;Crescente;Choque;1;0;0;0;0;0;0;0;0;0;0;0;0;0;0
17/12/2021;20:36:01;126;Com vítima;418,000;BR-101/SC;Crescente;Colisão frontal;1;0;0;1;0;0;0;0;0;0;1;1;0;1;0
17/12/2021;22:06:58;131;Sem vítima;463,000;BR-101/SC;Decrescente;Acidentes de outra natureza;1;0;0;0;0;0;0;0;0;0;0;0;0;0;0
17/12/2021;22:55:38;137;Sem vítima;336,000;BR-101/SC;Decrescente;Acidentes de outra natureza;0;0;0;0;0;0;0;0;0;0;0;0;0;0;0
18/12/2021;07:24:14;23;Sem vítima;403,000;BR-101/SC;Crescente;Queda de moto;0;0;0;0;0;0;0;0;0;0;0;0;0;0;0
18/12/2021;08:56:04;34;Sem vítima;376,000;BR-101/SC;Crescente;Acidentes de outra natureza;0;0;0;0;0;0;0;0;0;0;0;0;0;0;0
18/12/2021;12:06:42;49;Sem vítima;360,000;BR-101/SC;Decrescente;Colisão traseira;1;0;0;0;0;0;0;0;0;0;0;0;0;0;0
18/12/2021;12:29:45;52;Sem vítima;377,000;BR-101/SC;Crescente;Acidentes de outra natureza;1;0;0;0;0;0;0;0;0;0;0;0;0;0;0
18/12/2021;13:01:59;58;Sem vítima;268,000;BR-101/SC;Crescente;Acidentes de outra natureza;0;0;0;0;0;0;0;0;0;0;0;0;0;0;0
18/12/2021;17:56:50;80;Sem vítima;257,000;BR-101/SC;Decrescente;Acidentes de outra natureza;0;0;0;0;0;0;0;0;0;0;0;0;0;0;0
18/12/2021;20:00:02;92;Sem vítima;322,000;BR-101/SC;Crescente;Queda de moto;0;0;0;0;0;0;0;0;0;0;0;0;0;0;0
18/12/2021;20:31:32;93;Com vítima;328,000;BR-101/SC;Crescente;Colisão traseira;1;0;1;0;0;0;0;0;0;0;1;1;1;0;0
18/12/2021;20:50:14;95;Sem vítima;327,000;BR-101/SC;Crescente;Engavetamento;3;0;0;0;0;0;0;0;0;0;2;0;0;0;0
18/12/2021;21:53:54;101;Sem vítima;461,000;BR-101/SC;Decrescente;Acidentes de outra natureza;0;0;0;0;0;0;0;0;0;0;0;0;0;0;0
19/12/2021;00:00:34;1;Sem vítima;282,000;BR-101/SC;Decrescente;Acidentes de outra natureza;0;0;0;0;0;0;0;0;0;0;0;0;0;0;0
19/12/2021;15:49:41;74;Sem vítima;401,000;BR-101/SC;Decrescente;Colisão traseira;0;0;0;0;0;0;0;0;0;0;0;0;0;0;0
19/12/2021;20:19:39;96;Sem vítima;307,000;BR-101/SC;Decrescente;Acidentes de outra natureza;1;0;0;0;0;0;0;0;0;0;0;0;0;0;0
19/12/2021;20:44:07;97;Sem vítima;463,000;BR-101/SC;Decrescente;Acidentes de outra natureza;0;0;0;0;0;0;0;0;0;0;0;0;0;0;0
20/12/2021;05:35:17;8;Sem vítima;376,000;BR-101/SC;Decrescente;Acidentes de outra natureza;0;0;0;0;0;0;0;0;0;0;0;0;0;0;0
20/12/2021;07:39:34;23;Sem vítima;360,000;BR-101/SC;Decrescente;Acidentes de outra natureza;0;0;0;0;0;0;0;0;0;0;0;0;0;0;0
20/12/2021;16:13:59;94;Sem vítima;338,000;BR-101/SC;Decrescente;Acidentes de outra natureza;0;0;0;0;0;0;0;0;0;0;0;0;0;0;0
21/12/2021;02:31:16;6;Sem vítima;308,000;BR-101/SC;Decrescente;Acidentes de outra natureza;0;0;0;0;0;0;0;0;0;0;0;0;0;0;0
21/12/2021;10:12:01;55;Sem vítima;335,000;BR-101/SC;Decrescente;Acidentes de outra natureza;0;0;0;0;0;0;0;0;0;0;0;0;0;0;0
21/12/2021;11:30:47;63;Sem vítima;405,000;BR-101/SC;Decrescente;Acidentes de outra natureza;0;0;0;0;0;0;0;0;0;0;0;0;0;0;0