data;horario;n_da_ocorrencia;tipo_de_ocorrencia;km;trecho;sentido;tipo_de_acidente;automovel;bicicleta;caminhao;moto;onibus;outros;tracao_animal;transporte_de_cargas_especiais;trator_maquinas;utilitarios;ilesos;levemente_feridos;moderadamente_feridos;gravemente_feridos;mortos
23/02/2022;15:12:35;83;Com vítima;385,000;BR-101/SC;Decrescente;Colisão transversal;0;0;0;0;0;0;0;0;0;0;0;0;0;0;0
23/02/2022;19:43:13;108;Sem vítima;274,000;BR-101/SC;Decrescente;Acidentes de outra natureza;0;0;0;0;0;0;0;0;0;0;0;0;0;0;0
24/02/2022;01:04:42;6;Com vítima;340,000;BR-101/SC;Crescente;Queda de moto;0;0;0;0;0;0;0;0;0;0;0;0;0;0;0
24/02/2022;06:02:23;14;Com vítima;373,000;BR-101/SC;Crescente;Capotamento;0;0;0;0;0;0;0;0;0;0;0;0;0;0;0
24/02/2022;10:41:03;45;Sem vítima;335,600;BR-101/SC;Decrescente;Colisão transversal;0;0;0;0;0;0;0;0;0;0;0;0;0;0;0
24/02/2022;11:14:43;51;Sem vítima;391,000;BR-101/SC;Crescente;Colisão transversal;0;0;0;0;0;0;0;0;0;0;0;0;0;0;0
24/02/2022;12:12:26;58;Sem vítima;328,000;BR-101/SC;Crescente;Colisão traseira;0;0;0;0;0;0;0;0;0;0;0;0;0;0;0
24/02/2022;12:47:26;63;Sem vítima;327,000;BR-101/SC;Crescente;Colisão traseira;0;0;0;0;0;0;0;0;0;0;0;0;0;0;0
24/02/2022;17:46:33;83;Sem vítima;327,000;BR-101/SC;Decrescente;Colisão lateral no mesmo sentido;0;0;0;0;0;0;0;0;0;0;0;0;0;0;0
24/02/2022;21:27:23;110;Sem vítima;440,000;BR-101/SC;Decrescente;Acidentes de outra natureza;0;0;0;0;0;0;0;0;0;0;0;0;0;0;0
25/02/2022;16:43:42;80;Sem vítima;384,000;BR-101/SC;Decrescente;Choque;0;0;0;0;0;0;0;0;0;0;0;0;0;0;0
25/02/2022;18:56:18;95;Sem vítima;330,000;BR-101/SC;Decrescente;Engavetamento;0;0;0;0;0;0;0;0;0;0;0;0;0;0;0
25/02/2022;20:47:40;112;Com vítima;341,000;BR-101/SC;Crescente;Queda de moto;0;0;0;0;0;0;0;0;0;0;0;0;0;0;0
25/02/2022;20:52:11;113;Sem vítima;390,000;BR-101/SC;Decrescente;Colisão traseira;0;0;0;0;0;0;0;0;0;0;0;0;0;0;0
25/02/2022;21:37:44;117;Sem vítima;390,100;BR-101/SC;Decrescente;Colisão lateral no mesmo sentido;0;0;0;0;0;0;0;0;0;0;0;0;0;0;0
25/02/2022;22:18:38;122;Sem vítima;344,000;BR-101/SC;Decrescente;Acidentes de outra natureza;0;0;0;0;0;0;0;0;0;0;0;0;0;0;0
26/02/2022;00:29:13;3;Com vítima;293,000;BR-101/SC;Decrescente;Choque;0;0;0;0;0;0;0;0;0;0;0;0;0;0;0
26/02/2022;05:38:17;32;Sem vítima;275,000;BR-101/SC;Decrescente;Colisão traseira;0;0;0;0;0;0;0;0;0;0;0;0;0;0;0
26/02/2022;08:00:38;47;Sem vítima;362,000;BR-101/SC;Decrescente;Colisão traseira;0;0;0;0;0;0;0;0;0;0;0;0;0;0;0
26/02/2022;08:33:54;57;Sem vítima;365,000;BR-101/SC;Crescente;Colisão traseira;0;0;0;0;0;0;0;0;0;0;0;0;0;0;0
26/02/2022;09:03:07;62;Sem vítima;364,000;BR-101/SC;Decrescente;Colisão traseira;0;0;0;0;0;0;0;0;0;0;0;0;0;0;0
26/02/2022;10:20:56;70;Com vítima;283,000;BR-101/SC;Decrescente;Queda de moto;0;0;0;0;0;0;0;0;0;0;0;0;0;0;0
26/02/2022;10:35:22;74;Sem vítima;327,000;BR-101/SC;Decrescente;Colisão traseira;0;0;0;0;0;0;0;0;0;0;0;0;0;0;0
26/02/2022;10:44:10;76;Sem vítima;351,000;BR-101/SC;Decrescente;Colisão lateral no mesmo sentido;0;0;0;0;0;0;0;0;0;0;0;0;0;0;0
26/02/2022;11:32:24;81;Sem vítima;328,600;BR-101/SC;Decrescente;Colisão traseira;0;0;0;0;0;0;0;0;0;0;0;0;0;0;0
26/02/2022;11:36:03;82;Sem vítima;331,000;BR-101/SC;Decrescente;Colisão traseira;0;0;0;0;0;0;0;0;0;0;0;0;0;0;0
26/02/2022;20:40:20;135;Sem vítima;411,000;BR-101/SC;Decrescente;Acidentes de outra natureza;0;0;0;0;0;0;0;0;0;0;0;0;0;0;0
26/02/2022;23:16:40;153;Com vítima;371,000;BR-101/SC;Decrescente;Acidentes de outra natureza;0;0;0;0;0;0;0;0;0;0;0;0;0;0;0
27/02/2022;06:15:30;23;Sem vítima;458,000;BR-101/SC;Decrescente;Acidentes de outra natureza;0;0;0;0;0;0;0;0;0;0;0;0;0;0;0
27/02/2022;08:21:54;37;Com vítima;328,000;BR-101/SC;Decrescente;Colisão traseira;0;0;0;0;0;0;0;0;0;0;0;0;0;0;0
27/02/2022;11:00:38;61;Sem vítima;372,000;BR-101/SC;Crescente;Capotamento;0;0;0;0;0;0;0;0;0;0;0;0;0;0;0
27/02/2022;14:57:11;89;Sem vítima;298,000;BR-101/SC;Crescente;Choque;0;0;0;0;0;0;0;0;0;0;0;0;0;0;0
27/02/2022;19:51:35;113;Sem vítima;316,000;BR-101/SC;Crescente;Colisão traseira;0;0;0;0;0;0;0;0;0;0;0;0;0;0;0
27/02/2022;20:12:55;116;Sem vítima;446,000;BR-101/SC;Decrescente;Colisão traseira;0;0;0;0;0;0;0;0;0;0;0;0;0;0;0
28/02/2022;09:02:48;52;Sem vítima;393,000;BR-101/SC;Decrescente;Queda de moto;0;0;0;0;0;0;0;0;0;0;0;0;0;0;0
28/02/2022;19:47:21;118;Sem vítima;454,000;BR-101/SC;Decrescente;Colisão lateral no mesmo sentido;0;0;0;0;0;0;0;0;0;0;0;0;0;0;0
28/02/2022;19:56:12;120;Sem vítima;335,000;BR-101/SC;Crescente;Colisão lateral no mesmo sentido;0;0;0;0;0;0;0;0;0;0;0;0;0;0;0
28/02/2022;20:36:51;124;Sem vítima;432,000;BR-101/SC;Decrescente;Acidentes de outra natureza;0;0;0;0;0;0;0;0;0;0;0;0;0;0;0
28/02/2022;21:09:23;127;Sem vítima;345,000;BR-101/SC;Crescente;Acidentes de outra natureza;0;0;0;0;0;0;0;0;0;0;0;0;0;0;0
28/02/2022;22:23:17;134;Com vítima;380,000;BR-101/SC;Crescente;Choque;0;0;0;0;0;0;0;0;0;0;0;0;0;0;0
28/02/2022;22:35:06;135;Sem vítima;273,000;BR-101/SC;Crescente;Colisão lateral no mesmo sentido;0;0;0;0;0;0;0;0;0;0;0;0;0;0;0
01/03/2022;02:55:19;11;Sem vítima;341,000;BR-101/SC;Crescente;Atropelamento de pedestre;0;0;0;0;0;0;0;0;0;0;0;0;0;0;0
01/03/2022;05:21:52;16;Sem vítima;298,000;BR-101/SC;Crescente;Colisão traseira;0;0;0;0;0;0;0;0;0;0;0;0;0;0;0
01/03/2022;09:10:22;32;Sem vítima;317,000;BR-101/SC;Crescente;Colisão traseira;0;0;0;0;0;0;0;0;0;0;0;0;0;0;0
01/03/2022;09:53:29;38;Com vítima;447,000;BR-101/SC;Crescente;Queda de moto;0;0;0;0;0;0;0;0;0;0;0;0;0;0;0
01/03/2022;11:01:24;48;Sem vítima;390,000;BR-101/SC;Decrescente;Acidentes de outra natureza;0;0;0;0;0;0;0;0;0;0;0;0;0;0;0
01/03/2022;11:50:25;57;Sem vítima;363,000;BR-101/SC;Decrescente;Colisão traseira;0;0;0;0;0;0;0;0;0;0;0;0;0;0;0
01/03/2022;11:54:57;60;Sem vítima;363,000;BR-101/SC;Decrescente;Colisão traseira;0;0;0;0;0;0;0;0;0;0;0;0;0;0;0
01/03/2022;12:23:44;62;Sem vítima;257,000;BR-101/SC;Crescente;Colisão traseira;0;0;0;0;0;0;0;0;0;0;0;0;0;0;0
01/03/2022;12:33:01;64;Sem vítima;381,000;BR-101/SC;Crescente;Colisão traseira;0;0;0;0;0;0;0;0;0;0;0;0;0;0;0
01/03/2022;12:45:34;65;Sem vítima;388,000;BR-101/SC;Decrescente;Colisão traseira;0;0;0;0;0;0;0;0;0;0;0;0;0;0;0
01/03/2022;12:57:35;67;Sem vítima;391,000;BR-101/SC;Crescente;Colisão traseira;0;0;0;0;0;0;0;0;0;0;0;0;0;0;0
01/03/2022;13:14:41;69;Com vítima;336,000;BR-101/SC;Crescente;Engavetamento;0;0;0;0;0;0;0;0;0;0;0;0;0;0;0
01/03/2022;13:29:05;72;Sem vítima;439,000;BR-101/SC;Crescente;Colisão traseira;0;0;0;0;0;0;0;0;0;0;0;0;0;0;0
01/03/2022;14:14:19;76;Sem vítima;435,000;BR-101/SC;Crescente;Colisão traseira;0;0;0;0;0;0;0;0;0;0;0;0;0;0;0
01/03/2022;14:44:24;83;Sem vítima;266,000;BR-101/SC;Crescente;Colisão traseira;0;0;0;0;0;0;0;0;0;0;0;0;0;0;0
01/03/2022;15:09:10;85;Com vítima;327,000;BR-101/SC;Crescente;Colisão transversal;0;0;0;0;0;0;0;0;0;0;0;0;0;0;0
01/03/2022;15:14:46;88;Sem vítima;328,000;BR-101/SC;Crescente;Colisão traseira;0;0;0;0;0;0;0;0;0;0;0;0;0;0;0
01/03/2022;15:27:24;89;Sem vítima;403,000;BR-101/SC;Crescente;Colisão traseira;0;0;0;0;0;0;0;0;0;0;0;0;0;0;0
01/03/2022;15:59:34;94;Sem vítima;434,000;BR-101/SC;Crescente;Colisão lateral no mesmo sentido;0;0;0;0;0;0;0;0;0;0;0;0;0;0;0
01/03/2022;18:00:26;109;Sem vítima;323,000;BR-101/SC;Crescente;Colisão traseira;0;0;0;0;0;0;0;0;0;0;0;0;0;0;0
01/03/2022;20:52:08;143;Com vítima;421,000;BR-101/SC;Decrescente;Colisão traseira;0;0;0;0;0;0;0;0;0;0;0;0;0;0;0
02/03/2022;00:35:09;1;Sem vítima;405,000;BR-101/SC;Crescente;Colisão traseira;0;0;0;0;0;0;0;0;0;0;0;0;0;0;0
02/03/2022;06:20:31;20;Sem vítima;338,000;BR-101/SC;Crescente;Acidentes de outra natureza;0;0;0;0;0;0;0;0;0;0;0;0;0;0;0
02/03/2022;11:44:27;55;Sem vítima;331,000;BR-101/SC;Decrescente;Colisão lateral no mesmo sentido;0;0;0;0;0;0;0;0;0;0;0;0;0;0;0
02/03/2022;17:02:19;91;Com vítima;275,000;BR-101/SC;Decrescente;Colisão frontal;0;0;0;0;0;0;0;0;0;0;0;0;0;0;0
02/03/2022;19:04:20;108;Sem vítima;298,000;BR-101/SC;Crescente;Colisão traseira;0;0;0;0;0;0;0;0;0;0;0;0;0;0;0
02/03/2022;19:54:43;113;Com vítima;410,000;BR-101/SC;Crescente;Colisão frontal;0;0;0;0;0;0;0;0;0;0;0;0;0;0;0
02/03/2022;21:10:33;118;Com vítima;399,000;BR-101/SC;Decrescente;Colisão lateral no mesmo sentido;0;0;0;0;0;0;0;0;0;0;0;0;0;0;0
03/03/2022;18:16:10;107;Sem vítima;359,000;BR-101/SC;Decrescente;Colisão traseira;0;0;0;0;0;0;0;0;0;0;0;0;0;0;0
03/03/2022;18:33:55;108;Sem vítima;336,000;BR-101/SC;Crescente;Colisão traseira;0;0;0;0;0;0;0;0;0;0;0;0;0;0;0
03/03/2022;19:45:57;117;Com vítima;358,000;BR-101/SC;Decrescente;Atropelamento de animal;0;0;0;0;0;0;0;0;0;0;0;0;0;0;0
03/03/2022;21:28:33;129;Sem vítima;330,000;BR-101/SC;Decrescente;Queda de moto;0;0;0;0;0;0;0;0;0;0;0;0;0;0;0
03/03/2022;22:55:49;138;Com vítima;306,000;BR-101/SC;Crescente;Queda de moto;0;0;0;0;0;0;0;0;0;0;0;0;0;0;0
04/03/2022;07:35:31;21;Sem vítima;298,000;BR-101/SC;Decrescente;Colisão traseira;0;0;0;0;0;0;0;0;0;0;0;0;0;0;0
04/03/2022;08:22:41;32;Sem vítima;366,000;BR-101/SC;Decrescente;Colisão lateral no mesmo sentido;0;0;0;0;0;0;0;0;0;0;0;0;0;0;0
04/03/2022;11:55:59;53;Sem vítima;334,000;BR-101/SC;Decrescente;Acidentes de outra natureza;0;0;0;0;0;0;0;0;0;0;0;0;0;0;0
04/03/2022;20:19:32;85;Com vítima;278,000;BR-101/SC;Decrescente;Capotamento;0;0;0;0;0;0;0;0;0;0;0;0;0;0;0
04/03/2022;22:20:37;99;Sem vítima;343,000;BR-101/SC;Crescente;Acidentes de outra natureza;0;0;0;0;0;0;0;0;0;0;0;0;0;0;0
05/03/2022;00:47:15;2;Sem vítima;381,000;BR-101/SC;Crescente;Capotamento;0;0;0;0;0;0;0;0;0;0;0;0;0;0;0
05/03/2022;01:46:58;4;Com vítima;308,000;BR-101/SC;Decrescente;Acidentes de outra natureza;0;0;0;0;0;0;0;0;0;0;0;0;0;0;0
05/03/2022;18:46:49;80;Com vítima;332,000;BR-101/SC;Crescente;Queda de moto;0;0;0;0;0;0;0;0;0;0;0;0;0;0;0
05/03/2022;19:41:59;84;Sem vítima;415,000;BR-101/SC;Decrescente;Colisão frontal;0;0;0;0;0;0;0;0;0;0;0;0;0;0;0
06/03/2022;14:53:05;56;Sem vítima;288,000;BR-101/SC;Decrescente;Acidentes de outra natureza;0;0;0;0;0;0;0;0;0;0;0;0;0;0;0
06/03/2022;16:21:25;61;Sem vítima;379,000;BR-101/SC;Decrescente;Colisão lateral no mesmo sentido;0;0;0;0;0;0;0;0;0;0;0;0;0;0;0
06/03/2022;19:23:42;79;Sem vítima;298,000;BR-101/SC;Crescente;Colisão traseira;0;0;0;0;0;0;0;0;0;0;0;0;0;0;0
06/03/2022;19:49:46;84;Sem vítima;259,000;BR-101/SC;Decrescente;Acidentes de outra natureza;0;0;0;0;0;0;0;0;0;0;0;0;0;0;0
06/03/2022;22:52:14;99;Sem vítima;432,000;BR-101/SC;Decrescente;Acidentes de outra natureza;0;0;0;0;0;0;0;0;0;0;0;0;0;0;0
06/03/2022;23:16:18;100;Sem vítima;416,000;BR-101/SC;Decrescente;Colisão traseira;0;0;0;0;0;0;0;0;0;0;0;0;0;0;0
07/03/2022;05:07:07;7;Sem vítima;247,000;BR-101/SC;Decrescente;Acidentes de outra natureza;0;0;0;0;0;0;0;0;0;0;0;0;0;0;0
07/03/2022;15:33:13;78;Com vítima;330,000;BR-101/SC;Crescente;Colisão lateral no mesmo sentido;0;0;0;0;0;0;0;0;0;0;0;0;0;0;0
07/03/2022;18:30:00;92;Sem vítima;343,800;BR-101/SC;Crescente;Acidentes de outra natureza;0;0;0;0;0;0;0;0;0;0;0;0;0;0;0
07/03/2022;20:01:19;110;Sem vítima;277,500;BR-101/SC;Decrescente;Acidentes de outra natureza;0;0;0;0;0;0;0;0;0;0;1;0;0;0;0
07/03/2022;21:11:15;119;Com vítima;285,000;BR-101/SC;Decrescente;Acidentes de outra natureza;0;0;0;0;0;0;0;0;0;0;0;0;0;0;0
08/03/2022;09:04:25;39;Sem vítima;327,000;BR-101/SC;Decrescente;Colisão traseira;0;0;0;0;0;0;0;0;0;0;0;0;0;0;0
08/03/2022;15:43:29;73;Sem vítima;379,000;BR-101/SC;Crescente;Colisão lateral no mesmo sentido;0;0;0;0;0;0;0;0;0;0;0;0;0;0;0
08/03/2022;22:53:48;105;Sem vítima;380,000;BR-101/SC;Crescente;Choque;0;0;0;0;0;0;0;0;0;0;0;0;0;0;0
09/03/2022;03:52:01;12;Sem vítima;309,000;BR-101/SC;Decrescente;Acidentes de outra natureza;0;0;0;0;0;0;0;0;0;0;0;0;0;0;0
09/03/2022;07:55:25;44;Sem vítima;425,000;BR-101/SC;Decrescente;Colisão traseira;0;0;0;0;0;0;0;0;0;0;0;0;0;0;0
09/03/2022;23:39:48;152;Sem vítima;345,000;BR-101/SC;Crescente;Colisão lateral no mesmo sentido;0;0;0;0;0;0;0;0;0;0;0;0;0;0;0
10/03/2022;06:48:30;11;Sem vítima;390,000;BR-101/SC;Decrescente;Colisão lateral no mesmo sentido;0;0;0;0;0;0;0;0;0;0;0;0;0;0;0
10/03/2022;11:19:26;59;Sem vítima;333,000;BR-101/SC;Decrescente;Colisão transversal;0;0;0;0;0;0;0;0;0;0;0;0;0;0;0
10/03/2022;19:11:12;104;Sem vítima;262,000;BR-101/SC;Crescente;Acidentes de outra natureza;0;0;0;0;0;0;0;0;0;0;0;0;0;0;0
10/03/2022;20:02:02;109;Sem vítima;397,000;BR-101/SC;Crescente;Acidentes de outra natureza;0;0;0;0;0;0;0;0;0;0;0;0;0;0;0
10/03/2022;20:09:01;110;Sem vítima;256,000;BR-101/SC;Decrescente;Choque;0;0;0;0;0;0;0;0;0;0;0;0;0;0;0
11/03/2022;02:57:17;9;Sem vítima;418,000;BR-101/SC;Crescente;Tombamento;0;0;0;0;0;0;0;0;0;0;0;0;0;0;0
11/03/2022;06:25:56;19;Sem vítima;358,000;BR-101/SC;Crescente;Acidentes de outra natureza;0;0;0;0;0;0;0;0;0;0;0;0;0;0;0
11/03/2022;06:49:02;22;Sem vítima;364,000;BR-101/SC;Decrescente;Acidentes de outra natureza;0;0;0;0;0;0;0;0;0;0;0;0;0;0;0
11/03/2022;13:24:56;78;Com vítima;327,000;BR-101/SC;Crescente;Colisão traseira;0;0;0;0;0;0;0;0;0;0;0;0;0;0;0
11/03/2022;17:11:05;100;Com vítima;402,000;BR-101/SC;Decrescente;Choque;0;0;0;0;0;0;0;0;0;0;0;0;0;0;0
11/03/2022;18:10:36;104;Sem vítima;381,000;BR-101/SC;Decrescente;Acidentes de outra natureza;0;0;0;0;0;0;0;0;0;0;0;0;0;0;0
11/03/2022;18:29:36;107;Sem vítima;440,000;BR-101/SC;Decrescente;Engavetamento;0;0;0;0;0;0;0;0;0;0;0;0;0;0;0
11/03/2022;20:05:50;110;Sem vítima;277,000;BR-101/SC;Decrescente;Colisão traseira;0;0;0;0;0;0;0;0;0;0;0;0;0;0;0
11/03/2022;20:13:42;112;Sem vítima;323,000;BR-101/SC;Crescente;Choque;0;0;0;0;0;0;0;0;0;0;0;0;0;0;0
11/03/2022;20:21:30;113;Sem vítima;253,000;BR-101/SC;Decrescente;Acidentes de outra natureza;0;0;0;0;0;0;0;0;0;0;0;0;0;0;0
11/03/2022;22:41:43;129;Sem vítima;353,000;BR-101/SC;Decrescente;Acidentes de outra natureza;0;0;0;0;0;0;0;0;0;0;1;0;0;0;0
11/03/2022;22:53:32;133;Sem vítima;352,000;BR-101/SC;Crescente;Acidentes de outra natureza;0;0;0;0;0;0;0;0;0;0;0;0;0;0;0
11/03/2022;22:58:55;135;Sem vítima;257,000;BR-101/SC;Decrescente;Acidentes de outra natureza;0;0;0;0;0;0;0;0;0;0;0;0;0;0;0
12/03/2022;06:58:59;18;Sem vítima;382,000;BR-101/SC;Decrescente;Acidentes de outra natureza;0;0;0;0;0;0;0;0;0;0;0;0;0;0;0
12/03/2022;08:43:10;34;Sem vítima;344,000;BR-101/SC;Crescente;Colisão traseira;0;0;0;0;0;0;0;0;0;0;0;0;0;0;0
12/03/2022;15:16:38;62;Sem vítima;272,000;BR-101/SC;Crescente;Choque;0;0;0;0;0;0;0;0;0;0;0;0;0;0;0
12/03/2022;18:43:32;71;Sem vítima;404,000;BR-101/SC;Decrescente;Colisão traseira;0;0;0;0;0;0;0;0;0;0;0;0;0;0;0
12/03/2022;19:28:47;77;Com vítima;395,000;BR-101/SC;Decrescente;Colisão traseira;0;0;0;0;0;0;0;0;0;0;0;0;0;0;0
12/03/2022;21:20:18;81;Sem vítima;361,000;BR-101/SC;Crescente;Acidentes de outra natureza;0;0;0;0;0;0;0;0;0;0;1;0;0;0;0
12/03/2022;23:41:20;87;Sem vítima;405,000;BR-101/SC;Decrescente;Colisão traseira;0;0;0;0;0;0;0;0;0;0;0;0;0;0;0
13/03/2022;03:21:17;8;Sem vítima;435,000;BR-101/SC;Crescente;Acidentes de outra natureza;0;0;0;0;0;0;0;0;0;0;0;0;0;0;0
13/03/2022;05:07:58;14;Sem vítima;264,000;BR-101/SC;Decrescente;Choque;0;0;0;0;0;0;0;0;0;0;0;0;0;0;0
13/03/2022;06:18:39;18;Sem vítima;441,000;BR-101/SC;Decrescente;Choque;0;0;0;0;0;0;0;0;0;0;0;0;0;0;0
13/03/2022;12:35:22;51;Sem vítima;381,000;BR-101/SC;Decrescente;Acidentes de outra natureza;0;0;0;0;0;0;0;0;0;0;0;0;0;0;0
13/03/2022;16:10:28;72;Com vítima;286,700;BR-101/SC;Crescente;Choque;0;0;0;0;0;0;0;0;0;0;0;0;0;0;0
13/03/2022;18:27:54;85;Sem vítima;367,000;BR-101/SC;Decrescente;Queda de moto;0;0;0;0;0;0;0;0;0;0;0;0;0;0;0
13/03/2022;20:15:49;98;Com vítima;368,000;BR-101/SC;Crescente;Acidentes de outra natureza;0;0;0;0;0;0;0;0;0;0;0;0;0;0;0
13/03/2022;22:39:04;108;Sem vítima;378,000;BR-101/SC;Decrescente;Acidentes de outra natureza;0;0;0;0;0;0;0;0;0;0;0;0;0;0;0
14/03/2022;04:34:03;16;Sem vítima;378,000;BR-101/SC;Crescente;Acidentes de outra natureza;0;0;0;0;0;0;0;0;0;0;0;0;0;0;0
14/03/2022;05:09:41;17;Sem vítima;463,000;BR-101/SC;Decrescente;Acidentes de outra natureza;0;0;0;0;0;0;0;0;0;0;0;0;0;0;0
14/03/2022;09:15:27;47;Sem vítima;298,000;BR-101/SC;Decrescente;Colisão traseira;0;0;0;0;0;0;0;0;0;0;0;0;0;0;0
14/03/2022;16:22:24;93;Sem vítima;298,000;BR-101/SC;Crescente;Colisão transversal;0;0;0;0;0;0;0;0;0;0;0;0;0;0;0
14/03/2022;16:50:08;96;Sem vítima;428,000;BR-101/SC;Decrescente;Colisão transversal;0;0;0;0;0;0;0;0;0;0;0;0;0;0;0
14/03/2022;21:13:12;120;Sem vítima;298,000;BR-101/SC;Decrescente;Colisão traseira;0;0;0;0;0;0;0;0;0;0;0;0;0;0;0
15/03/2022;01:58:23;4;Sem vítima;424,000;BR-101/SC;Decrescente;Acidentes de outra natureza;0;0;0;0;0;0;0;0;0;0;1;0;0;0;0
15/03/2022;05:41:00;11;Com vítima;309,000;BR-101/SC;Decrescente;Acidentes de outra natureza;0;0;0;0;0;0;0;0;0;0;0;0;0;0;0
15/03/2022;15:32:26;79;Sem vítima;332,000;BR-101/SC;Decrescente;Colisão traseira;0;0;0;0;0;0;0;0;0;0;0;0;0;0;0
15/03/2022;18:31:30;83;Sem vítima;302,000;BR-101/SC;Crescente;Tombamento;0;0;0;0;0;0;0;0;0;0;0;0;0;0;0
15/03/2022;21:11:05;88;Com vítima;341,000;BR-101/SC;Crescente;Queda de moto;0;0;0;0;0;0;0;0;0;0;0;0;0;0;0
16/03/2022;01:13:16;1;Sem vítima;369,000;BR-101/SC;Decrescente;Acidentes de outra natureza;0;0;0;0;0;0;0;0;0;0;0;0;0;0;0
16/03/2022;11:26:44;71;Sem vítima;443,000;BR-101/SC;Crescente;Colisão lateral no mesmo sentido;0;0;0;0;0;0;0;0;0;0;0;0;0;0;0
16/03/2022;11:44:55;73;Sem vítima;443,000;BR-101/SC;Crescente;Colisão traseira;0;0;0;0;0;0;0;0;0;0;0;0;0;0;0
16/03/2022;19:39:18;110;Sem vítima;282,000;BR-101/SC;Decrescente;Acidentes de outra natureza;0;0;0;0;0;0;0;0;0;0;0;0;0;0;0
16/03/2022;20:11:51;115;Sem vítima;343,000;BR-101/SC;Crescente;Acidentes de outra natureza;0;0;0;0;0;0;0;0;0;0;0;0;0;0;0
17/03/2022;07:53:38;37;Sem vítima;368,000;BR-101/SC;Crescente;Colisão transversal;0;0;0;0;0;0;0;0;0;0;0;0;0;0;0
17/03/2022;09:08:47;47;Sem vítima;455,000;BR-101/SC;Crescente;Choque;0;0;0;0;0;0;0;0;0;0;0;0;0;0;0
17/03/2022;11:34:20;62;Com vítima;331,000;BR-101/SC;Decrescente;Choque;0;0;0;0;0;0;0;0;0;0;0;0;0;0;0
17/03/2022;21:22:01;125;Sem vítima;343,500;BR-101/SC;Crescente;Capotamento;0;0;0;0;0;0;0;0;0;0;0;0;0;0;0
18/03/2022;03:45:47;13;Com vítima;327,000;BR-101/SC;Decrescente;Choque;0;0;0;0;0;0;0;0;0;0;0;0;0;0;0
18/03/2022;04:26:08;16;Sem vítima;247,500;BR-101/SC;Decrescente;Acidentes de outra natureza;0;0;0;0;0;0;0;0;0;0;0;0;0;0;0
18/03/2022;08:53:27;55;Sem vítima;298,000;BR-101/SC;Decrescente;Colisão traseira;0;0;0;0;0;0;0;0;0;0;0;0;0;0;0
18/03/2022;15:11:53;87;Com vítima;383,000;BR-101/SC;Decrescente;Choque;0;0;0;0;0;0;0;0;0;0;0;0;0;0;0
18/03/2022;15:19:58;88;Sem vítima;383,000;BR-101/SC;Crescente;Acidentes de outra natureza;0;0;0;0;0;0;0;0;0;0;0;0;0;0;0
18/03/2022;16:37:06;96;Sem vítima;353,000;BR-101/SC;Decrescente;Acidentes de outra natureza;0;0;0;0;0;0;0;0;0;0;0;0;0;0;0
18/03/2022;17:14:37;98;Sem vítima;338,000;BR-101/SC;Crescente;Colisão traseira;0;0;0;0;0;0;0;0;0;0;0;0;0;0;0
18/03/2022;18:10:15;104;Com vítima;287,000;BR-101/SC;Decrescente;Choque;0;0;0;0;0;0;0;0;0;0;0;0;0;0;0
18/03/2022;18:28:35;106;Sem vítima;273,000;BR-101/SC;Decrescente;Colisão frontal;0;0;0;0;0;0;0;0;0;0;0;0;0;0;0
18/03/2022;19:06:34;109;Com vítima;426,000;BR-101/SC;Decrescente;Colisão traseira;0;0;0;0;0;0;0;0;0;0;0;0;0;0;0
18/03/2022;20:14:09;116;Sem vítima;320,000;BR-101/SC;Decrescente;Colisão traseira;0;0;0;0;0;0;0;0;0;0;0;0;0;0;0
19/03/2022;04:58:02;10;Com vítima;331,900;BR-101/SC;Decrescente;Tombamento;0;0;0;0;0;0;0;0;0;0;0;0;0;0;0
19/03/2022;08:07:28;31;Sem vítima;327,000;BR-101/SC;Crescente;Choque;0;0;0;0;0;0;0;0;0;0;0;0;0;0;0
19/03/2022;09:17:29;39;Com vítima;320,000;BR-101/SC;Decrescente;Colisão lateral no mesmo sentido;0;0;0;0;0;0;0;0;0;0;0;0;0;0;0
19/03/2022;09:24:15;40;Sem vítima;330,000;BR-101/SC;Decrescente;Colisão lateral no mesmo sentido;0;0;0;0;0;0;0;0;0;0;0;0;0;0;0
19/03/2022;11:18:47;54;Com vítima;270,000;BR-101/SC;Crescente;Acidentes de outra natureza;0;0;0;0;0;0;0;0;0;0;0;0;0;0;0
19/03/2022;12:41:42;65;Com vítima;331,000;BR-101/SC;Crescente;Colisão lateral no mesmo sentido;0;0;0;0;0;0;0;0;0;0;0;0;0;0;0
19/03/2022;18:16:04;98;Sem vítima;306,000;BR-101/SC;Decrescente;Choque;0;0;0;0;0;0;0;0;0;0;0;0;0;0;0
20/03/2022;04:33:53;9;Com vítima;288,000;BR-101/SC;Crescente;Colisão frontal;0;0;0;0;0;0;0;0;0;0;0;0;0;0;0
20/03/2022;06:41:56;13;Sem vítima;450,000;BR-101/SC;Decrescente;Acidentes de outra natureza;0;0;0;0;0;0;0;0;0;0;0;0;0;0;0
20/03/2022;12:13:55;37;Sem vítima;345,000;BR-101/SC;Crescente;Colisão traseira;0;0;0;0;0;0;0;0;0;0;0;0;0;0;0