data;horario;n_da_ocorrencia;tipo_de_ocorrencia;km;trecho;sentido;tipo_de_acidente;automovel;bicicleta;caminhao;moto;onibus;outros;tracao_animal;transporte_de_cargas_especiais;trator_maquinas;utilitarios;ilesos;levemente_feridos;moderadamente_feridos;gravemente_feridos;mortos
24/06/2022;22:48:20;105;Sem vítima;311,000;BR-101/SC;Crescente;Acidentes de outra natureza;0;0;0;0;0;0;0;0;0;0;0;0;0;0;0
24/06/2022;23:22:59;111;Sem vítima;424,000;BR-101/SC;Crescente;Acidentes de outra natureza;0;0;0;0;0;0;0;0;0;0;0;0;0;0;0
25/06/2022;01:13:16;5;Sem vítima;279,000;BR-101/SC;Decrescente;Acidentes de outra natureza;0;0;0;0;0;0;0;0;0;0;0;0;0;0;0
25/06/2022;19:06:43;95;Sem vítima;391,600;BR-101/SC;Crescente;Acidentes de outra natureza;0;0;0;0;0;0;0;0;0;0;0;0;0;0;0
26/06/2022;01:09:09;3;Sem vítima;392,000;BR-101/SC;Decrescente;Acidentes de outra natureza;0;0;0;0;0;0;0;0;0;0;0;0;0;0;0
26/06/2022;01:20:43;2;Sem vítima;344,900;BR-101/SC;Decrescente;Acidentes de outra natureza;0;0;0;0;0;0;0;0;0;0;0;0;0;0;0
26/06/2022;01:24:31;4;Com vítima;378,000;BR-101/SC;Decrescente;Colisão traseira;2;0;0;0;0;0;0;0;0;0;1;1;0;0;0
26/06/2022;04:49:10;11;Sem vítima;394,000;BR-101/SC;Crescente;Queda de moto;0;0;0;0;0;0;0;0;0;0;0;0;0;0;0
26/06/2022;06:25:37;14;Sem vítima;371,000;BR-101/SC;Crescente;Acidentes de outra natureza;0;0;0;0;0;0;0;0;0;0;0;0;0;0;0
26/06/2022;17:22:13;43;Sem vítima;394,000;BR-101/SC;Crescente;Acidentes de outra natureza;0;0;0;0;0;0;0;0;0;0;0;0;0;0;0
26/06/2022;19:41:20;49;Com vítima;394,000;BR-101/SC;Crescente;Queda de moto;0;0;0;0;0;0;0;0;0;0;0;0;0;0;0
26/06/2022;22:12:00;60;Sem vítima;303,000;BR-101/SC;Crescente;Acidentes de outra natureza;0;0;0;0;0;0;0;0;0;0;0;0;0;0;0
26/06/2022;23:10:40;64;Sem vítima;333,000;BR-101/SC;Decrescente;Acidentes de outra natureza;0;0;0;0;0;0;0;0;0;0;0;0;0;0;0
27/06/2022;01:07:49;1;Sem vítima;406,000;BR-101/SC;Decrescente;Acidentes de outra natureza;0;0;0;0;0;0;0;0;0;0;0;0;0;0;0
27/06/2022;06:32:46;27;Sem vítima;441,000;BR-101/SC;Decrescente;Acidentes de outra natureza;0;0;0;0;0;0;0;0;0;0;0;0;0;0;0
27/06/2022;08:07:33;51;Sem vítima;369,000;BR-101/SC;Decrescente;Acidentes de outra natureza;0;0;0;0;0;0;0;0;0;0;0;0;0;0;0
28/06/2022;10:28:33;70;Sem vítima;333,000;BR-101/SC;Decrescente;Acidentes de outra natureza;0;0;0;0;0;0;0;0;0;0;0;0;0;0;0
28/06/2022;18:58:04;133;Sem vítima;344,000;BR-101/SC;Crescente;Acidentes de outra natureza;0;0;0;0;0;0;0;0;0;0;0;0;0;0;0
28/06/2022;19:36:19;141;Sem vítima;434,000;BR-101/SC;Crescente;Acidentes de outra natureza;0;0;0;0;0;0;0;0;0;0;0;0;0;0;0
29/06/2022;03:33:23;8;Sem vítima;298,000;BR-101/SC;Decrescente;Acidentes de outra natureza;0;0;0;0;0;0;0;0;0;0;0;0;0;0;0
29/06/2022;11:42:52;93;Sem vítima;361,000;BR-101/SC;Decrescente;Acidentes de outra natureza;0;0;0;0;0;0;0;0;0;0;0;0;0;0;0
29/06/2022;14:14:22;112;Sem vítima;457,000;BR-101/SC;Crescente;Colisão traseira;0;0;0;0;0;0;0;0;0;0;0;0;0;0;0
29/06/2022;18:25:27;134;Com vítima;344,000;BR-101/SC;Decrescente;Acidentes de outra natureza;0;0;0;0;0;0;0;0;0;0;0;0;0;0;0
29/06/2022;21:30:03;147;Sem vítima;445,000;BR-101/SC;Crescente;Acidentes de outra natureza;0;0;0;0;0;0;0;0;0;0;0;0;0;0;0
30/06/2022;07:13:33;15;Sem vítima;394,000;BR-101/SC;Crescente;Colisão traseira;0;0;2;0;0;0;0;0;0;0;3;0;0;0;0
30/06/2022;08:06:48;33;Sem vítima;288,000;BR-101/SC;Decrescente;Acidentes de outra natureza;0;0;0;0;0;0;0;0;0;0;0;0;0;0;0
30/06/2022;17:01:56;113;Sem vítima;295,000;BR-101/SC;Crescente;Colisão lateral no mesmo sentido;1;0;0;1;0;0;0;0;0;0;2;0;0;0;0
30/06/2022;22:17:49;148;Sem vítima;286,000;BR-101/SC;Decrescente;Queda de moto;1;0;0;1;0;0;0;0;0;0;2;0;0;0;0
01/07/2022;11:10:28;62;Sem vítima;431,000;BR-101/SC;Crescente;Colisão lateral no mesmo sentido;2;0;0;0;0;0;0;0;0;0;1;0;0;0;0
01/07/2022;11:52:56;66;Sem vítima;332,000;BR-101/SC;Crescente;Colisão traseira;2;0;0;0;0;0;0;0;0;0;3;0;0;0;0
01/07/2022;12:48:14;73;Sem vítima;332,000;BR-101/SC;Decrescente;Colisão traseira;1;0;1;0;0;0;0;0;0;0;2;0;0;0;0
01/07/2022;17:14:25;93;Sem vítima;332,000;BR-101/SC;Decrescente;Colisão lateral no mesmo sentido;1;0;0;1;0;0;0;0;0;0;1;0;0;0;0
01/07/2022;18:07:38;95;Sem vítima;301,000;BR-101/SC;Decrescente;Colisão lateral no mesmo sentido;1;0;1;0;0;0;0;0;0;0;2;0;0;0;0
01/07/2022;18:33:27;98;Sem vítima;324,000;BR-101/SC;Decrescente;Queda de moto;0;0;0;1;0;0;0;0;0;0;1;0;0;0;0
01/07/2022;19:47:53;105;Com vítima;253,000;BR-101/SC;Decrescente;Queda de moto;0;0;0;1;0;0;0;0;0;0;0;0;1;0;0
01/07/2022;20:00:47;109;Sem vítima;368,000;BR-101/SC;Crescente;Acidentes de outra natureza;1;0;0;0;0;0;0;0;0;0;2;0;0;0;0
01/07/2022;20:05:02;110;Sem vítima;355,000;BR-101/SC;Decrescente;Colisão traseira;2;0;1;0;0;0;0;0;0;0;2;0;0;0;0
02/07/2022;02:56:51;6;Com vítima;457,000;BR-101/SC;Crescente;Choque;1;0;0;0;0;0;0;0;0;0;0;1;1;0;0
02/07/2022;08:40:13;39;Sem vítima;341,000;BR-101/SC;Crescente;Colisão traseira;2;0;0;0;0;0;0;0;0;0;1;0;0;0;0
02/07/2022;09:49:15;50;Com vítima;254,000;BR-101/SC;Crescente;Queda de moto;0;0;0;1;0;0;0;0;0;0;1;1;0;0;0
02/07/2022;16:08:48;99;Sem vítima;348,300;BR-101/SC;Crescente;Acidentes de outra natureza;1;0;0;0;0;0;0;0;0;0;0;0;0;0;0
02/07/2022;16:26:10;101;Sem vítima;417,000;BR-101/SC;Decrescente;Acidentes de outra natureza;1;0;0;0;0;0;0;0;0;0;1;0;0;0;0
02/07/2022;18:12:22;110;Sem vítima;277,000;BR-101/SC;Crescente;Colisão frontal;1;0;0;0;0;0;0;0;0;0;0;0;0;0;0
02/07/2022;22:08:33;129;Sem vítima;283,000;BR-101/SC;Decrescente;Colisão traseira;1;0;1;0;0;0;0;0;0;0;6;0;0;0;0
03/07/2022;01:47:45;4;Sem vítima;360,000;BR-101/SC;Crescente;Acidentes de outra natureza;1;0;0;0;0;0;0;0;0;0;1;0;0;0;0
03/07/2022;04:29:21;8;Sem vítima;378,000;BR-101/SC;Crescente;Acidentes de outra natureza;1;0;0;0;0;0;0;0;0;0;2;0;0;0;0
03/07/2022;04:57:25;10;Sem vítima;274,000;BR-101/SC;Decrescente;Acidentes de outra natureza;1;0;0;0;0;0;0;0;0;0;1;0;0;0;0
03/07/2022;19:04:38;84;Sem vítima;364,000;BR-101/SC;Decrescente;Acidentes de outra natureza;1;0;0;0;0;0;0;0;0;0;3;0;0;0;0
04/07/2022;08:42:19;42;Sem vítima;389,000;BR-101/SC;Crescente;Choque;1;0;0;0;0;0;0;0;0;0;1;0;0;0;0
04/07/2022;15:19:27;88;Com vítima;257,000;BR-101/SC;Decrescente;Capotamento;1;0;0;0;0;0;0;0;0;0;0;1;0;0;0
04/07/2022;18:34:51;104;Com vítima;334,000;BR-101/SC;Crescente;Colisão traseira;1;0;0;1;0;0;0;0;0;0;1;0;1;0;0
05/07/2022;01:56:56;4;Sem vítima;277,000;BR-101/SC;Crescente;Tombamento;0;0;1;0;0;0;0;0;0;0;1;0;0;0;0
05/07/2022;07:04:17;16;Com vítima;386,000;BR-101/SC;Crescente;Colisão frontal;2;0;0;0;0;0;0;0;0;0;1;0;1;0;0
05/07/2022;07:12:42;18;Sem vítima;404,000;BR-101/SC;Decrescente;Colisão traseira;1;0;1;0;0;0;0;0;0;0;2;0;0;0;0
05/07/2022;07:27:00;20;Sem vítima;436,000;BR-101/SC;Crescente;Acidentes de outra natureza;1;0;0;0;0;0;0;0;0;0;1;0;0;0;0
05/07/2022;15:00:36;93;Sem vítima;348,000;BR-101/SC;Crescente;Colisão traseira;0;0;2;0;0;0;0;0;0;0;2;0;0;0;0
05/07/2022;18:20:31;111;Sem vítima;432,000;BR-101/SC;Crescente;Acidentes de outra natureza;1;0;0;0;0;0;0;0;0;0;1;0;0;0;0
06/07/2022;21:22:00;133;Sem vítima;304,000;BR-101/SC;Crescente;Acidentes de outra natureza;0;0;0;0;0;0;0;0;0;0;0;0;0;0;0
07/07/2022;11:10:28;71;Sem vítima;319,000;BR-101/SC;Decrescente;Colisão lateral no mesmo sentido;2;0;0;0;0;0;0;0;0;0;1;0;0;0;0
07/07/2022;19:34:13;112;Sem vítima;337,000;BR-101/SC;Decrescente;Colisão traseira;1;0;0;1;0;0;0;0;0;0;2;0;0;0;0
07/07/2022;20:18:33;114;Sem vítima;332,000;BR-101/SC;Decrescente;Colisão lateral no mesmo sentido;1;0;0;1;0;0;0;0;0;0;1;0;0;0;0
08/07/2022;01:10:24;4;Sem vítima;334,000;BR-101/SC;Decrescente;Acidentes de outra natureza;1;0;0;0;0;0;0;0;0;0;0;0;0;0;0
08/07/2022;02:58:46;5;Sem vítima;457,000;BR-101/SC;Crescente;Acidentes de outra natureza;1;0;0;0;0;0;0;0;0;0;2;0;0;0;0
08/07/2022;05:05:30;7;Sem vítima;383,400;BR-101/SC;Decrescente;Acidentes de outra natureza;1;0;0;0;0;0;0;0;0;0;0;0;0;0;0
08/07/2022;08:34:09;42;Com vítima;335,000;BR-101/SC;Decrescente;Engavetamento;2;0;0;1;0;0;0;0;0;0;3;1;0;0;0
08/07/2022;10:57:55;67;Com vítima;289,000;BR-101/SC;Crescente;Colisão traseira;0;0;0;1;0;0;0;0;0;0;0;1;1;0;0
08/07/2022;13:08:38;81;Sem vítima;275,000;BR-101/SC;Crescente;Choque;1;0;0;0;0;0;0;0;0;0;1;0;0;0;0
08/07/2022;14:30:05;86;Sem vítima;304,000;BR-101/SC;Crescente;Colisão transversal;1;0;0;0;0;0;0;0;0;0;1;0;0;0;0
08/07/2022;22:03:53;132;Sem vítima;379,000;BR-101/SC;Decrescente;Colisão frontal;1;0;0;1;0;0;0;0;0;0;4;0;0;0;0
09/07/2022;12:21:41;60;Com vítima;435,000;BR-101/SC;Decrescente;Colisão traseira;2;0;0;0;0;0;0;0;0;0;3;1;0;0;0
09/07/2022;21:21:56;92;Sem vítima;340,400;BR-101/SC;Crescente;Acidentes de outra natureza;1;0;0;0;0;0;0;0;0;0;0;0;0;0;0
10/07/2022;04:25:36;16;Sem vítima;272,000;BR-101/SC;Crescente;Queda de moto;0;0;0;1;0;0;0;0;0;0;0;0;0;0;0
10/07/2022;05:24:11;20;Sem vítima;458,000;BR-101/SC;Crescente;Choque;1;0;0;0;0;0;0;0;0;0;0;0;0;0;0
10/07/2022;12:18:11;52;Sem vítima;263,000;BR-101/SC;Crescente;Colisão traseira;1;0;1;0;0;0;0;0;0;0;2;0;0;0;0
10/07/2022;12:22:05;53;Sem vítima;298,000;BR-101/SC;Crescente;Colisão traseira;2;0;0;0;0;0;0;0;0;0;1;0;0;0;0
10/07/2022;16:22:15;78;Sem vítima;344,000;BR-101/SC;Decrescente;Colisão traseira;2;0;0;0;0;0;0;0;0;0;0;0;0;0;0
10/07/2022;20:59:15;104;Com vítima;288,000;BR-101/SC;Crescente;Queda de moto;0;0;0;1;0;0;0;0;0;0;0;1;0;0;0
11/07/2022;03:34:01;7;Sem vítima;255,000;BR-101/SC;Crescente;Atropelamento de animal;0;0;1;0;0;0;0;0;0;0;1;0;0;0;0
11/07/2022;07:57:20;33;Sem vítima;411,000;BR-101/SC;Decrescente;Colisão traseira;1;0;0;0;0;0;0;0;0;0;0;0;0;0;0
11/07/2022;18:59:30;104;Sem vítima;350,000;BR-101/SC;Crescente;Acidentes de outra natureza;2;0;0;0;0;0;0;0;0;0;1;0;0;0;0
11/07/2022;20:54:56;113;Sem vítima;448,000;BR-101/SC;Crescente;Acidentes de outra natureza;0;0;0;0;0;0;0;0;0;0;0;0;0;0;0
12/07/2022;10:10:54;53;Sem vítima;355,000;BR-101/SC;Crescente;Acidentes de outra natureza;1;0;0;0;0;0;0;0;0;0;1;0;0;0;0
12/07/2022;11:47:00;65;Sem vítima;333,000;BR-101/SC;Crescente;Acidentes de outra natureza;0;0;1;0;0;0;0;0;0;0;1;0;0;0;0
12/07/2022;15:46:35;91;Sem vítima;372,000;BR-101/SC;Crescente;Acidentes de outra natureza;1;0;0;0;0;0;0;0;0;0;0;0;0;0;0
12/07/2022;21:57:33;123;Sem vítima;273,000;BR-101/SC;Decrescente;Acidentes de outra natureza;0;0;0;0;0;0;0;0;0;0;0;0;0;0;0
12/07/2022;22:09:38;124;Sem vítima;328,000;BR-101/SC;Crescente;Acidentes de outra natureza;1;0;0;0;0;0;0;0;0;0;0;0;0;0;0
13/07/2022;07:16:22;18;Sem vítima;358,000;BR-101/SC;Decrescente;Acidentes de outra natureza;1;0;0;0;0;0;0;0;0;0;0;0;0;0;0
13/07/2022;13:36:38;87;Sem vítima;269,000;BR-101/SC;Decrescente;Acidentes de outra natureza;0;0;1;0;0;0;0;0;0;0;0;0;0;0;0
13/07/2022;16:14:50;110;Sem vítima;371,000;BR-101/SC;Decrescente;Acidentes de outra natureza;0;0;0;0;0;0;0;0;0;0;0;0;0;0;0
13/07/2022;22:15:45;131;Sem vítima;355,000;BR-101/SC;Decrescente;Tombamento;0;0;1;0;0;0;0;0;0;0;0;0;0;0;0
14/07/2022;18:26:58;85;Sem vítima;410,000;BR-101/SC;Crescente;Acidentes de outra natureza;1;0;0;0;0;0;0;0;0;0;0;0;0;0;0
14/07/2022;21:08:44;100;Sem vítima;344,000;BR-101/SC;Crescente;Acidentes de outra natureza;1;0;0;0;0;0;0;0;0;0;0;0;0;0;0
15/07/2022;08:15:17;39;Sem vítima;356,000;BR-101/SC;Crescente;Acidentes de outra natureza;0;0;1;0;0;0;0;0;0;0;0;0;0;0;0
15/07/2022;17:49:33;114;Sem vítima;435,000;BR-101/SC;Crescente;Acidentes de outra natureza;0;0;0;0;0;0;0;0;0;0;0;0;0;0;0
15/07/2022;18:24:27;121;Sem vítima;253,000;BR-101/SC;Decrescente;Acidentes de outra natureza;0;0;0;0;0;0;0;0;0;0;0;0;0;0;0
16/07/2022;16:08:10;82;Sem vítima;331,000;BR-101/SC;Crescente;Acidentes de outra natureza;1;0;0;0;0;0;0;0;0;0;0;0;0;0;0
16/07/2022;19:45:19;105;Sem vítima;320,000;BR-101/SC;Crescente;Acidentes de outra natureza;1;0;0;0;0;0;0;0;0;0;0;0;0;0;0
16/07/2022;21:08:21;111;Sem vítima;291,000;BR-101/SC;Crescente;Acidentes de outra natureza;1;0;0;0;0;0;0;0;0;0;0;0;0;0;0
16/07/2022;22:33:40;114;Sem vítima;451,000;BR-101/SC;Decrescente;Acidentes de outra natureza;1;0;0;0;0;0;0;0;0;0;0;0;0;0;0
17/07/2022;00:58:13;6;Sem vítima;431,000;BR-101/SC;Decrescente;Acidentes de outra natureza;1;0;0;0;0;0;0;0;0;0;0;0;0;0;0
17/07/2022;02:31:02;12;Sem vítima;317,000;BR-101/SC;Crescente;Acidentes de outra natureza;1;0;0;0;0;0;0;0;0;0;0;0;0;0;0
17/07/2022;02:50:37;15;Sem vítima;389,000;BR-101/SC;Decrescente;Acidentes de outra natureza;0;0;0;0;0;0;0;0;0;0;0;0;0;0;0
17/07/2022;06:59:24;27;Sem vítima;364,000;BR-101/SC;Crescente;Acidentes de outra natureza;0;0;0;0;0;0;0;0;0;0;0;0;0;0;0
17/07/2022;11:26:50;54;Sem vítima;419,000;BR-101/SC;Crescente;Acidentes de outra natureza;0;0;0;0;0;0;0;0;0;0;0;0;0;0;0
17/07/2022;15:19:47;81;Sem vítima;254,000;BR-101/SC;Decrescente;Acidentes de outra natureza;1;0;0;0;0;0;0;0;0;0;0;0;0;0;0
17/07/2022;17:21:24;97;Sem vítima;248,000;BR-101/SC;Decrescente;Acidentes de outra natureza;1;0;0;0;0;0;0;0;0;0;0;0;0;0;0
17/07/2022;18:40:02;101;Sem vítima;401,000;BR-101/SC;Decrescente;Acidentes de outra natureza;0;0;0;0;0;0;0;0;0;0;0;0;0;0;0
17/07/2022;19:27:55;104;Sem vítima;404,000;BR-101/SC;Crescente;Colisão traseira;0;0;1;0;0;0;0;0;0;0;0;0;0;0;0
17/07/2022;19:57:15;107;Sem vítima;344,000;BR-101/SC;Decrescente;Acidentes de outra natureza;0;0;0;0;0;0;0;0;0;0;0;0;0;0;0
18/07/2022;18:41:15;121;Sem vítima;327,000;BR-101/SC;Crescente;Acidentes de outra natureza;0;0;0;1;0;0;0;0;0;0;0;0;0;0;0
18/07/2022;21:50:04;140;Sem vítima;446,000;BR-101/SC;Crescente;Acidentes de outra natureza;1;0;0;0;0;0;0;0;0;0;0;0;0;0;0
19/07/2022;18:14:26;113;Sem vítima;359,000;BR-101/SC;Crescente;Acidentes de outra natureza;1;0;0;0;0;0;0;0;0;0;0;0;0;0;0
19/07/2022;20:17:50;125;Sem vítima;330,000;BR-101/SC;Decrescente;Acidentes de outra natureza;0;0;0;0;0;0;0;0;0;0;0;0;0;0;0
20/07/2022;03:29:55;10;Sem vítima;355,000;BR-101/SC;Decrescente;Acidentes de outra natureza;0;0;0;0;0;0;0;0;0;0;0;0;0;0;0
20/07/2022;04:48:34;13;Sem vítima;408,000;BR-101/SC;Crescente;Acidentes de outra natureza;1;0;0;0;0;0;0;0;0;0;0;0;0;0;0
20/07/2022;08:47:26;56;Sem vítima;437,000;BR-101/SC;Decrescente;Acidentes de outra natureza;1;0;0;0;0;0;0;0;0;0;0;0;0;0;0
20/07/2022;11:53:50;92;Sem vítima;322,000;BR-101/SC;Crescente;Acidentes de outra natureza;0;0;0;0;0;0;0;0;0;0;0;0;0;0;0
20/07/2022;12:20:06;97;Sem vítima;323,000;BR-101/SC;Crescente;Acidentes de outra natureza;0;0;0;0;0;0;0;0;0;1;0;0;0;0;0
20/07/2022;13:42:22;107;Sem vítima;334,000;BR-101/SC;Decrescente;Acidentes de outra natureza;0;0;0;0;0;0;0;0;0;0;0;0;0;0;0
20/07/2022;18:41:49;134;Sem vítima;337,000;BR-101/SC;Crescente;Acidentes de outra natureza;0;0;0;0;0;0;0;0;0;0;0;0;0;0;0
20/07/2022;20:32:03;147;Sem vítima;333,000;BR-101/SC;Decrescente;Acidentes de outra natureza;0;0;0;0;0;0;0;0;0;0;0;0;0;0;0
21/07/2022;13:24:59;96;Sem vítima;343,000;BR-101/SC;Crescente;Acidentes de outra natureza;1;0;0;0;0;0;0;0;0;0;0;0;0;0;0
21/07/2022;16:17:52;125;Sem vítima;275,000;BR-101/SC;Decrescente;Acidentes de outra natureza;0;0;0;0;0;0;0;0;0;0;0;0;0;0;0
22/07/2022;00:25:41;2;Sem vítima;329,000;BR-101/SC;Decrescente;Acidentes de outra natureza;1;0;0;0;0;0;0;0;0;0;0;0;0;0;0
22/07/2022;10:33:58;94;Sem vítima;451,000;BR-101/SC;Crescente;Acidentes de outra natureza;1;0;0;0;0;0;0;0;0;0;0;0;0;0;0
22/07/2022;13:41:26;122;Sem vítima;364,000;BR-101/SC;Crescente;Acidentes de outra natureza;0;0;0;1;0;0;0;0;0;0;0;0;0;0;0
22/07/2022;14:49:20;127;Sem vítima;336,000;BR-101/SC;Crescente;Acidentes de outra natureza;1;0;0;0;0;0;0;0;0;0;0;0;0;0;0
22/07/2022;18:14:11;148;Sem vítima;349,000;BR-101/SC;Crescente;Acidentes de outra natureza;1;0;0;0;0;0;0;0;0;0;0;0;0;0;0
22/07/2022;18:26:20;152;Sem vítima;349,000;BR-101/SC;Decrescente;Acidentes de outra natureza;0;0;0;1;0;0;0;0;0;0;0;0;0;0;0
22/07/2022;21:59:35;170;Sem vítima;443,000;BR-101/SC;Decrescente;Acidentes de outra natureza;1;0;0;0;0;0;0;0;0;0;0;0;0;0;0
23/07/2022;11:01:16;71;Sem vítima;350,000;BR-101/SC;Decrescente;Acidentes de outra natureza;1;0;0;0;0;0;0;0;0;0;0;0;0;0;0
23/07/2022;14:36:12;83;Sem vítima;350,000;BR-101/SC;Decrescente;Acidentes de outra natureza;1;0;0;0;0;0;0;0;0;0;0;0;0;0;0
23/07/2022;18:09:44;100;Sem vítima;440,000;BR-101/SC;Decrescente;Acidentes de outra natureza;0;0;0;0;0;0;0;0;0;0;0;0;0;0;0
24/07/2022;02:24:11;5;Sem vítima;454,000;BR-101/SC;Crescente;Acidentes de outra natureza;1;0;0;0;0;0;0;0;0;0;0;0;0;0;0
24/07/2022;10:38:10;45;Sem vítima;263,000;BR-101/SC;Decrescente;Acidentes de outra natureza;1;0;0;0;0;0;0;0;0;0;0;0;0;0;0
24/07/2022;10:48:08;47;Sem vítima;335,000;BR-101/SC;Crescente;Acidentes de outra natureza;1;0;0;0;0;0;0;0;0;0;0;0;0;0;0
24/07/2022;12:38:55;57;Sem vítima;435,000;BR-101/SC;Decrescente;Acidentes de outra natureza;1;0;0;0;0;0;0;0;0;0;0;0;0;0;0
24/07/2022;17:16:57;79;Sem vítima;368,000;BR-101/SC;Decrescente;Acidentes de outra natureza;0;0;1;0;0;0;0;0;0;0;0;0;0;0;0
24/07/2022;23:41:08;124;Sem vítima;298,000;BR-101/SC;Crescente;Acidentes de outra natureza;0;0;1;0;0;0;0;0;0;0;0;0;0;0;0
25/07/2022;06:48:33;28;Sem vítima;363,000;BR-101/SC;Crescente;Acidentes de outra natureza;0;0;0;0;0;0;0;0;0;0;0;0;0;0;0
25/07/2022;08:24:26;55;Sem vítima;323,700;BR-101/SC;Crescente;Acidentes de outra natureza;1;0;0;0;0;0;0;0;0;0;0;0;0;0;0
25/07/2022;09:55:16;79;Sem vítima;280,000;BR-101/SC;Crescente;Acidentes de outra natureza;1;0;0;0;0;0;0;0;0;0;0;0;0;0;0
25/07/2022;15:04:51;123;Sem vítima;318,000;BR-101/SC;Decrescente;Acidentes de outra natureza;0;0;0;0;0;0;0;0;0;0;0;0;0;0;0
25/07/2022;15:51:02;130;Sem vítima;400,000;BR-101/SC;Crescente;Acidentes de outra natureza;0;0;0;1;0;0;0;0;0;0;0;0;0;0;0
25/07/2022;18:15:43;148;Sem vítima;340,000;BR-101/SC;Crescente;Acidentes de outra natureza;0;0;0;1;0;0;0;0;0;0;0;0;0;0;0
25/07/2022;20:34:38;172;Sem vítima;269,000;BR-101/SC;Crescente;Acidentes de outra natureza;1;0;0;0;0;0;0;0;0;0;0;0;0;0;0
26/07/2022;07:02:01;21;Sem vítima;359,000;BR-101/SC;Decrescente;Acidentes de outra natureza;1;0;0;0;0;0;0;0;0;0;0;0;0;0;0
26/07/2022;12:15:12;86;Sem vítima;416,000;BR-101/SC;Crescente;Acidentes de outra natureza;0;0;0;1;0;0;0;0;0;0;0;0;0;0;0
26/07/2022;14:14:52;97;Sem vítima;327,000;BR-101/SC;Decrescente;Acidentes de outra natureza;0;0;1;0;0;0;0;0;0;0;0;0;0;0;0
26/07/2022;17:15:41;114;Sem vítima;329,000;BR-101/SC;Crescente;Acidentes de outra natureza;0;0;0;0;0;0;0;0;0;0;0;0;0;0;0
26/07/2022;19:07:53;127;Sem vítima;307,000;BR-101/SC;Decrescente;Acidentes de outra natureza;0;0;0;0;0;0;0;0;0;0;0;0;0;0;0
27/07/2022;03:40:12;7;Sem vítima;384,000;BR-101/SC;Crescente;Acidentes de outra natureza;0;0;0;0;0;0;0;0;0;0;0;0;0;0;0
27/07/2022;09:39:17;76;Sem vítima;282,000;BR-101/SC;Crescente;Acidentes de outra natureza;1;0;0;0;0;0;0;0;0;0;0;0;0;0;0
27/07/2022;10:33:17;90;Sem vítima;344,000;BR-101/SC;Crescente;Acidentes de outra natureza;0;0;1;0;0;0;0;0;0;0;0;0;0;0;0
27/07/2022;11:25:36;98;Sem vítima;380,000;BR-101/SC;Decrescente;Acidentes de outra natureza;1;0;0;0;0;0;0;0;0;0;0;0;0;0;0
27/07/2022;13:43:39;112;Sem vítima;326,000;BR-101/SC;Decrescente;Acidentes de outra natureza;0;0;0;0;0;0;0;0;0;0;0;0;0;0;0
27/07/2022;17:26:42;131;Sem vítima;343,000;BR-101/SC;Decrescente;Acidentes de outra natureza;1;0;0;0;0;0;0;0;0;0;0;0;0;0;0
27/07/2022;18:43:21;138;Sem vítima;305,000;BR-101/SC;Crescente;Acidentes de outra natureza;1;0;0;0;0;0;0;0;0;0;0;0;0;0;0
28/07/2022;06:36:15;22;Sem vítima;405,000;BR-101/SC;Decrescente;Acidentes de outra natureza;0;0;1;0;0;0;0;0;0;0;0;0;0;0;0
28/07/2022;14:52:15;91;Sem vítima;328,000;BR-101/SC;Crescente;Acidentes de outra natureza;0;0;0;1;0;0;0;0;0;0;0;0;0;0;0
28/07/2022;18:49:40;114;Sem vítima;265,000;BR-101/SC;Crescente;Acidentes de outra natureza;0;0;0;0;0;0;0;0;0;0;0;0;0;0;0
28/07/2022;19:15:35;120;Sem vítima;298,000;BR-101/SC;Decrescente;Acidentes de outra natureza;1;0;0;0;0;0;0;0;0;0;0;0;0;0;0
28/07/2022;22:58:17;138;Sem vítima;279,000;BR-101/SC;Decrescente;Acidentes de outra natureza;1;0;0;0;0;0;0;0;0;0;0;0;0;0;0
29/07/2022;12:00:59;88;Sem vítima;327,000;BR-101/SC;Decrescente;Acidentes de outra natureza;0;0;0;0;0;0;0;0;0;0;0;0;0;0;0
29/07/2022;13:05:03;99;Sem vítima;355,000;BR-101/SC;Decrescente;Acidentes de outra natureza;0;0;0;0;0;0;0;0;0;0;0;0;0;0;0
29/07/2022;15:03:45;113;Sem vítima;330,000;BR-101/SC;Crescente;Acidentes de outra natureza;1;0;0;0;0;0;0;0;0;0;0;0;0;0;0
29/07/2022;20:20:52;143;Sem vítima;317,000;BR-101/SC;Crescente;Acidentes de outra natureza;0;0;0;0;0;0;0;0;0;0;0;0;0;0;0