data;horario;n_da_ocorrencia;tipo_de_ocorrencia;km;trecho;sentido;tipo_de_acidente;automovel;bicicleta;caminhao;moto;onibus;outros;tracao_animal;transporte_de_cargas_especiais;trator_maquinas;utilitarios;ilesos;levemente_feridos;moderadamente_feridos;gravemente_feridos;mortos
31/08/2022;18:42:53;112;Sem vítima;381,000;BR-101/SC;Crescente;Colisão lateral no mesmo sentido;1;0;0;1;0;0;0;0;0;0;1;0;0;0;0
01/09/2022;20:07:15;131;Sem vítima;344,000;BR-101/SC;Crescente;Acidentes de outra natureza;0;0;0;0;0;0;0;0;0;0;0;0;0;0;0
02/09/2022;11:18:26;75;Sem vítima;284,400;BR-101/SC;Decrescente;Colisão lateral no mesmo sentido;1;0;0;0;0;0;0;0;0;0;0;0;0;0;0
02/09/2022;14:14:39;97;Sem vítima;329,000;BR-101/SC;Decrescente;Acidentes de outra natureza;0;0;1;0;0;0;0;0;0;0;0;0;0;0;0
02/09/2022;17:12:56;116;Sem vítima;253,000;BR-101/SC;Crescente;Acidentes de outra natureza;1;0;0;0;0;0;0;0;0;0;0;0;0;0;0
02/09/2022;18:18:48;125;Sem vítima;424,000;BR-101/SC;Decrescente;Acidentes de outra natureza;1;0;0;0;0;0;0;0;0;0;0;0;0;0;0
02/09/2022;20:24:29;134;Sem vítima;311,000;BR-101/SC;Crescente;Acidentes de outra natureza;0;0;0;1;0;0;0;0;0;0;0;0;0;0;0
02/09/2022;23:20:04;142;Sem vítima;251,000;BR-101/SC;Crescente;Acidentes de outra natureza;1;0;0;0;0;0;0;0;0;0;0;0;0;0;0
03/09/2022;03:53:50;6;Sem vítima;277,000;BR-101/SC;Decrescente;Acidentes de outra natureza;1;0;0;0;0;0;0;0;0;0;0;0;0;0;0
03/09/2022;06:28:48;12;Sem vítima;386,000;BR-101/SC;Crescente;Acidentes de outra natureza;0;0;0;0;0;0;0;0;0;0;0;0;0;0;0
03/09/2022;07:23:11;19;Sem vítima;279,000;BR-101/SC;Crescente;Acidentes de outra natureza;0;0;0;0;0;0;0;0;0;0;0;0;0;0;0
03/09/2022;10:41:25;47;Sem vítima;433,000;BR-101/SC;Decrescente;Acidentes de outra natureza;0;0;1;0;0;0;0;0;0;0;0;0;0;0;0
03/09/2022;16:44:27;79;Sem vítima;436,000;BR-101/SC;Crescente;Acidentes de outra natureza;1;0;0;0;0;0;0;0;0;0;0;0;0;0;0
03/09/2022;21:19:33;102;Sem vítima;298,000;BR-101/SC;Decrescente;Choque;1;0;0;0;0;0;0;0;0;0;0;0;0;0;0
04/09/2022;02:39:50;7;Sem vítima;329,000;BR-101/SC;Crescente;Acidentes de outra natureza;1;0;0;0;0;0;0;0;0;0;0;0;0;0;0
04/09/2022;06:24:47;12;Sem vítima;441,000;BR-101/SC;Crescente;Acidentes de outra natureza;1;0;0;0;0;0;0;0;0;0;0;0;0;0;0
04/09/2022;06:37:14;14;Sem vítima;367,000;BR-101/SC;Crescente;Acidentes de outra natureza;1;0;0;0;0;0;0;0;0;0;0;0;0;0;0
04/09/2022;15:10:06;59;Sem vítima;440,000;BR-101/SC;Decrescente;Acidentes de outra natureza;1;0;0;0;0;0;0;0;0;0;0;0;0;0;0
04/09/2022;20:07:38;94;Sem vítima;297,000;BR-101/SC;Decrescente;Acidentes de outra natureza;0;0;0;0;0;0;0;0;0;0;0;0;0;0;0
04/09/2022;21:56:57;103;Sem vítima;434,000;BR-101/SC;Crescente;Acidentes de outra natureza;1;0;0;0;0;0;0;0;0;0;0;0;0;0;0
04/09/2022;22:33:42;106;Sem vítima;269,000;BR-101/SC;Crescente;Acidentes de outra natureza;1;0;0;0;0;0;0;0;0;0;0;0;0;0;0
05/09/2022;16:34:44;103;Sem vítima;416,000;BR-101/SC;Crescente;Colisão frontal;1;0;0;0;0;0;0;0;0;0;0;0;0;0;0
06/09/2022;03:01:45;4;Sem vítima;277,000;BR-101/SC;Decrescente;Acidentes de outra natureza;0;0;0;0;0;0;0;0;0;0;0;0;0;0;0
06/09/2022;11:48:37;53;Sem vítima;265,000;BR-101/SC;Crescente;Colisão lateral no mesmo sentido;1;0;1;0;0;0;0;0;0;0;0;0;0;0;0
06/09/2022;15:29:49;86;Com vítima;329,000;BR-101/SC;Crescente;Choque;1;0;0;0;0;0;0;0;0;0;0;1;1;0;0
06/09/2022;16:33:43;93;Sem vítima;327,000;BR-101/SC;Crescente;Colisão traseira;3;0;1;0;0;0;0;0;0;0;3;0;0;0;0
06/09/2022;20:22:59;116;Sem vítima;271,000;BR-101/SC;Crescente;Acidentes de outra natureza;0;0;1;0;0;0;0;0;0;0;1;0;0;0;0
06/09/2022;23:29:07;123;Sem vítima;384,000;BR-101/SC;Crescente;Acidentes de outra natureza;1;0;0;0;0;0;0;0;0;0;3;0;0;0;0
07/09/2022;01:41:04;4;Sem vítima;444,000;BR-101/SC;Crescente;Atropelamento de animal;1;0;0;0;0;0;0;0;0;0;2;0;0;0;0
07/09/2022;02:06:02;5;Sem vítima;344,000;BR-101/SC;Decrescente;Acidentes de outra natureza;1;0;0;0;0;0;0;0;0;0;1;0;0;0;0
07/09/2022;04:43:47;9;Sem vítima;333,000;BR-101/SC;Decrescente;Atropelamento de pedestre;0;0;1;0;0;0;0;0;0;0;1;0;0;0;0
07/09/2022;06:13:52;14;Com vítima;381,000;BR-101/SC;Decrescente;Colisão traseira;1;0;0;1;0;0;0;0;0;0;1;0;0;0;1
07/09/2022;06:29:11;15;Sem vítima;331,000;BR-101/SC;Decrescente;Acidentes de outra natureza;1;0;0;0;0;0;0;0;0;0;0;0;0;0;0
07/09/2022;14:52:31;70;Com vítima;257,000;BR-101/SC;Decrescente;Capotamento;1;0;0;0;0;0;0;0;0;0;0;2;0;0;0
07/09/2022;18:55:56;88;Sem vítima;285,000;BR-101/SC;Decrescente;Acidentes de outra natureza;1;0;0;0;0;0;0;0;0;0;1;0;0;0;0
08/09/2022;05:50:58;18;Sem vítima;319,600;BR-101/SC;Crescente;Colisão frontal;0;0;0;1;0;0;0;0;0;0;1;0;0;0;0
08/09/2022;09:03:01;57;Com vítima;298,000;BR-101/SC;Crescente;Colisão traseira;1;0;1;0;0;0;0;0;0;0;3;1;0;0;0
09/09/2022;07:20:14;24;Sem vítima;336,000;BR-101/SC;Crescente;Acidentes de outra natureza;0;0;0;0;0;0;0;0;0;0;0;0;0;0;0
09/09/2022;09:18:22;64;Sem vítima;258,000;BR-101/SC;Decrescente;Acidentes de outra natureza;1;0;0;0;0;0;0;0;0;0;0;0;0;0;0
09/09/2022;17:57:40;118;Sem vítima;426,000;BR-101/SC;Decrescente;Colisão lateral no mesmo sentido;1;0;1;0;0;0;0;0;0;0;3;0;0;0;0
09/09/2022;18:02:44;119;Sem vítima;334,000;BR-101/SC;Decrescente;Acidentes de outra natureza;1;0;0;0;0;0;0;0;0;0;1;0;0;0;0
09/09/2022;18:31:14;123;Sem vítima;464,000;BR-101/SC;Decrescente;Choque;2;0;1;0;0;0;0;0;0;0;2;0;0;0;0
09/09/2022;19:50:35;137;Sem vítima;356,000;BR-101/SC;Crescente;Acidentes de outra natureza;1;0;0;0;0;0;0;0;0;0;2;0;0;0;0
09/09/2022;20:21:33;142;Sem vítima;344,000;BR-101/SC;Crescente;Acidentes de outra natureza;1;0;0;0;0;0;0;0;0;0;2;0;0;0;0
09/09/2022;20:25:55;143;Sem vítima;383,000;BR-101/SC;Decrescente;Acidentes de outra natureza;1;0;0;0;0;0;0;0;0;0;1;0;0;0;0
09/09/2022;21:00:44;148;Sem vítima;324,000;BR-101/SC;Crescente;Acidentes de outra natureza;0;0;1;0;0;0;0;0;0;0;0;0;0;0;0
09/09/2022;21:09:59;149;Sem vítima;391,000;BR-101/SC;Crescente;Colisão lateral no mesmo sentido;1;0;1;0;0;0;0;0;0;0;0;0;0;0;0
10/09/2022;10:06:31;41;Sem vítima;372,000;BR-101/SC;Crescente;Colisão traseira;1;0;1;0;0;0;0;0;0;0;3;0;0;0;0
10/09/2022;18:40:54;91;Sem vítima;252,000;BR-101/SC;Crescente;Colisão lateral no mesmo sentido;1;0;1;0;0;0;0;0;0;0;0;0;0;0;0
10/09/2022;19:02:58;90;Sem vítima;308,000;BR-101/SC;Decrescente;Acidentes de outra natureza;2;0;0;0;0;0;0;0;0;0;1;0;0;0;0
10/09/2022;19:55:42;94;Sem vítima;276,000;BR-101/SC;Decrescente;Acidentes de outra natureza;1;0;0;0;0;0;0;0;0;0;1;0;0;0;0
10/09/2022;20:41:53;96;Sem vítima;316,000;BR-101/SC;Crescente;Colisão traseira;2;0;0;0;0;0;0;0;0;0;0;0;0;0;0
10/09/2022;21:29:31;102;Com vítima;306,000;BR-101/SC;Decrescente;Colisão traseira;1;0;1;0;0;0;0;0;0;0;1;0;1;0;0
10/09/2022;22:15:35;104;Sem vítima;402,000;BR-101/SC;Decrescente;Capotamento;1;0;0;0;0;0;0;0;0;0;0;0;0;0;0
10/09/2022;22:19:20;105;Sem vítima;290,000;BR-101/SC;Decrescente;Colisão lateral no mesmo sentido;0;0;1;0;0;0;0;0;0;0;0;0;0;0;0
11/09/2022;04:56:59;16;Sem vítima;383,000;BR-101/SC;Crescente;Acidentes de outra natureza;1;0;0;0;0;0;0;0;0;0;1;0;0;0;0
11/09/2022;06:30:54;21;Sem vítima;350,000;BR-101/SC;Crescente;Acidentes de outra natureza;1;0;0;0;0;0;0;0;0;0;1;0;0;0;0
11/09/2022;07:37:31;28;Sem vítima;277,000;BR-101/SC;Crescente;Colisão frontal;2;0;0;0;0;0;0;0;0;0;3;0;0;0;0
11/09/2022;22:29:43;105;Sem vítima;416,000;BR-101/SC;Decrescente;Colisão lateral no mesmo sentido;0;0;1;0;0;0;0;0;0;0;1;0;0;0;0
12/09/2022;02:41:30;9;Sem vítima;415,000;BR-101/SC;Decrescente;Acidentes de outra natureza;1;0;0;0;0;0;0;0;0;0;0;0;0;0;0
12/09/2022;20:59:55;124;Sem vítima;360,000;BR-101/SC;Crescente;Acidentes de outra natureza;1;0;0;0;0;0;0;0;0;0;1;0;0;0;0
13/09/2022;10:31:02;54;Sem vítima;276,000;BR-101/SC;Crescente;Acidentes de outra natureza;2;0;0;0;0;0;0;0;0;0;0;0;0;0;0
13/09/2022;13:31:51;76;Sem vítima;276,000;BR-101/SC;Crescente;Colisão frontal;1;0;0;0;0;0;0;0;0;0;1;0;0;0;0
13/09/2022;17:27:33;99;Com vítima;357,000;BR-101/SC;Decrescente;Colisão lateral no mesmo sentido;1;0;0;1;0;0;0;0;0;0;1;1;0;0;0
14/09/2022;07:50:05;31;Sem vítima;348,300;BR-101/SC;Crescente;Acidentes de outra natureza;0;0;1;0;0;0;0;0;0;0;1;0;0;0;0
14/09/2022;17:35:19;123;Com vítima;342,000;BR-101/SC;Crescente;Colisão lateral no mesmo sentido;1;0;0;1;0;0;0;0;0;0;0;2;0;0;0
14/09/2022;20:18:57;141;Sem vítima;362,000;BR-101/SC;Decrescente;Colisão traseira;1;0;1;0;0;0;0;0;0;0;1;0;0;0;0
15/09/2022;02:42:55;10;Sem vítima;416,000;BR-101/SC;Decrescente;Choque;1;0;0;0;0;0;0;0;0;0;1;0;0;0;0
15/09/2022;06:18:51;17;Sem vítima;460,000;BR-101/SC;Decrescente;Acidentes de outra natureza;0;0;0;0;0;0;0;0;0;0;0;0;0;0;0
15/09/2022;07:29:18;27;Sem vítima;402,000;BR-101/SC;Decrescente;Colisão traseira;1;0;0;0;0;0;0;0;0;0;1;0;0;0;0
15/09/2022;08:21:49;41;Sem vítima;339,000;BR-101/SC;Decrescente;Colisão traseira;2;0;0;0;0;0;0;0;0;0;2;0;0;0;0
15/09/2022;11:58:59;82;Sem vítima;262,000;BR-101/SC;Decrescente;Acidentes de outra natureza;1;0;0;0;0;0;0;0;0;0;0;0;0;0;0
15/09/2022;13:03:06;87;Sem vítima;309,000;BR-101/SC;Decrescente;Acidentes de outra natureza;1;0;0;0;0;0;0;0;0;0;0;0;0;0;0
15/09/2022;17:55:38;119;Sem vítima;308,000;BR-101/SC;Decrescente;Acidentes de outra natureza;1;0;0;0;0;0;0;0;0;0;0;0;0;0;0
15/09/2022;19:15:59;122;Sem vítima;434,000;BR-101/SC;Decrescente;Acidentes de outra natureza;1;0;0;0;0;0;0;0;0;0;0;0;0;0;0
15/09/2022;21:02:07;131;Sem vítima;298,000;BR-101/SC;Decrescente;Choque;0;0;0;0;0;0;0;0;0;0;0;0;0;0;0
16/09/2022;03:11:11;7;Sem vítima;461,000;BR-101/SC;Decrescente;Acidentes de outra natureza;0;0;0;0;0;0;0;0;0;0;0;0;0;0;0
16/09/2022;08:20:19;41;Sem vítima;358,000;BR-101/SC;Decrescente;Colisão lateral no mesmo sentido;1;0;0;0;0;0;0;0;0;0;0;0;0;0;0
16/09/2022;11:23:21;77;Sem vítima;350,000;BR-101/SC;Crescente;Acidentes de outra natureza;1;0;0;0;0;0;0;0;0;0;0;0;0;0;0
16/09/2022;11:54:13;87;Sem vítima;397,000;BR-101/SC;Crescente;Acidentes de outra natureza;1;0;0;0;0;0;0;0;0;0;0;0;0;0;0
16/09/2022;23:31:59;154;Sem vítima;316,000;BR-101/SC;Crescente;Acidentes de outra natureza;0;0;0;0;0;0;0;0;0;0;0;0;0;0;0
17/09/2022;03:40:52;16;Sem vítima;260,000;BR-101/SC;Decrescente;Acidentes de outra natureza;1;0;0;0;0;0;0;0;0;0;0;0;0;0;0
17/09/2022;18:49:42;127;Sem vítima;357,000;BR-101/SC;Decrescente;Acidentes de outra natureza;0;0;0;1;0;0;0;0;0;0;0;0;0;0;0
18/09/2022;01:53:57;5;Sem vítima;287,000;BR-101/SC;Decrescente;Acidentes de outra natureza;0;0;1;0;0;0;0;0;0;0;0;0;0;0;0
18/09/2022;05:00:27;9;Sem vítima;373,000;BR-101/SC;Crescente;Acidentes de outra natureza;1;0;0;0;0;0;0;0;0;0;0;0;0;0;0
18/09/2022;10:55:45;50;Sem vítima;364,800;BR-101/SC;Decrescente;Acidentes de outra natureza;0;0;0;1;0;0;0;0;0;0;0;0;0;0;0
19/09/2022;01:23:55;3;Sem vítima;342,000;BR-101/SC;Crescente;Acidentes de outra natureza;0;0;0;0;0;0;0;0;0;0;0;0;0;0;0
19/09/2022;17:44:59;105;Sem vítima;413,000;BR-101/SC;Decrescente;Acidentes de outra natureza;1;0;0;0;0;0;0;0;0;0;0;0;0;0;0
19/09/2022;17:50:46;106;Sem vítima;378,000;BR-101/SC;Crescente;Acidentes de outra natureza;1;0;0;0;0;0;0;0;0;0;0;0;0;0;0
20/09/2022;18:47:30;120;Sem vítima;314,000;BR-101/SC;Crescente;Acidentes de outra natureza;0;0;0;1;0;0;0;0;0;0;0;0;0;0;0
21/09/2022;01:47:54;12;Sem vítima;350,000;BR-101/SC;Crescente;Acidentes de outra natureza;0;0;0;0;0;0;0;0;0;0;0;0;0;0;0
21/09/2022;09:03:17;55;Sem vítima;393,000;BR-101/SC;Decrescente;Queda de moto;0;0;0;1;0;0;0;0;0;0;0;0;0;0;0
21/09/2022;19:14:22;130;Sem vítima;277,000;BR-101/SC;Decrescente;Acidentes de outra natureza;0;0;0;0;0;0;0;0;0;0;0;0;0;0;0
22/09/2022;05:03:22;10;Sem vítima;405,000;BR-101/SC;Decrescente;Colisão traseira;0;0;1;0;0;0;0;0;0;0;0;0;0;0;0
22/09/2022;12:54:26;85;Sem vítima;333,000;BR-101/SC;Crescente;Acidentes de outra natureza;1;0;0;0;0;0;0;0;0;0;0;0;0;0;0
22/09/2022;14:39:41;100;Sem vítima;298,000;BR-101/SC;Decrescente;Acidentes de outra natureza;0;0;1;0;0;0;0;0;0;0;0;0;0;0;0
22/09/2022;21:37:04;121;Sem vítima;271,000;BR-101/SC;Crescente;Acidentes de outra natureza;1;0;0;0;0;0;0;0;0;0;0;0;0;0;0
23/09/2022;07:02:47;23;Sem vítima;435,000;BR-101/SC;Decrescente;Acidentes de outra natureza;0;0;0;1;0;0;0;0;0;0;0;0;0;0;0
23/09/2022;07:08:12;24;Sem vítima;318,500;BR-101/SC;Crescente;Acidentes de outra natureza;1;0;0;0;0;0;0;0;0;0;0;0;0;0;0
23/09/2022;13:41:35;110;Sem vítima;322,000;BR-101/SC;Decrescente;Acidentes de outra natureza;0;0;0;0;0;0;0;0;0;0;0;0;0;0;0
23/09/2022;19:34:19;152;Sem vítima;286,000;BR-101/SC;Decrescente;Acidentes de outra natureza;0;0;1;0;0;0;0;0;0;0;0;0;0;0;0
23/09/2022;19:48:36;155;Sem vítima;286,000;BR-101/SC;Decrescente;Acidentes de outra natureza;1;0;0;0;0;0;0;0;0;0;0;0;0;0;0
23/09/2022;22:15:55;168;Sem vítima;345,000;BR-101/SC;Decrescente;Acidentes de outra natureza;0;0;1;0;0;0;0;0;0;0;0;0;0;0;0
23/09/2022;22:46:36;175;Sem vítima;358,000;BR-101/SC;Decrescente;Acidentes de outra natureza;1;0;0;0;0;0;0;0;0;0;0;0;0;0;0
24/09/2022;02:18:21;7;Sem vítima;268,000;BR-101/SC;Decrescente;Acidentes de outra natureza;0;0;1;0;0;0;0;0;0;0;0;0;0;0;0
24/09/2022;05:52:28;17;Sem vítima;280,000;BR-101/SC;Decrescente;Acidentes de outra natureza;1;0;0;0;0;0;0;0;0;0;0;0;0;0;0
24/09/2022;11:15:42;63;Sem vítima;334,000;BR-101/SC;Crescente;Acidentes de outra natureza;1;0;0;0;0;0;0;0;0;0;0;0;0;0;0
24/09/2022;14:23:30;77;Sem vítima;333,000;BR-101/SC;Crescente;Acidentes de outra natureza;1;0;0;0;0;0;0;0;0;0;0;0;0;0;0
24/09/2022;15:12:36;83;Sem vítima;383,000;BR-101/SC;Crescente;Acidentes de outra natureza;1;0;0;0;0;0;0;0;0;0;0;0;0;0;0
24/09/2022;17:13:48;99;Sem vítima;333,000;BR-101/SC;Crescente;Acidentes de outra natureza;1;0;0;0;0;0;0;0;0;0;0;0;0;0;0
24/09/2022;23:28:33;123;Sem vítima;367,000;BR-101/SC;Decrescente;Acidentes de outra natureza;0;0;0;0;0;0;0;0;0;0;0;0;0;0;0
25/09/2022;00:51:03;7;Sem vítima;344,000;BR-101/SC;Decrescente;Acidentes de outra natureza;0;0;0;1;0;0;0;0;0;0;0;0;0;0;0
25/09/2022;05:07:04;17;Sem vítima;324,000;BR-101/SC;Crescente;Acidentes de outra natureza;0;0;0;0;0;0;0;0;0;0;0;0;0;0;0
25/09/2022;16:38:33;72;Sem vítima;404,000;BR-101/SC;Crescente;Acidentes de outra natureza;1;0;0;0;0;0;0;0;0;0;0;0;0;0;0
25/09/2022;20:17:06;101;Sem vítima;297,000;BR-101/SC;Decrescente;Acidentes de outra natureza;0;0;0;0;0;0;0;0;0;0;0;0;0;0;0
26/09/2022;03:58:48;11;Sem vítima;245,000;BR-101/SC;Decrescente;Acidentes de outra natureza;1;0;0;0;0;0;0;0;0;0;0;0;0;0;0
26/09/2022;17:13:55;107;Sem vítima;288,000;BR-101/SC;Crescente;Acidentes de outra natureza;0;0;0;0;0;0;0;0;0;0;0;0;0;0;0
26/09/2022;21:41:15;130;Sem vítima;364,000;BR-101/SC;Crescente;Acidentes de outra natureza;0;0;1;0;0;0;0;0;0;0;0;0;0;0;0
26/09/2022;22:54:15;136;Sem vítima;417,000;BR-101/SC;Crescente;Acidentes de outra natureza;0;0;0;0;0;0;0;0;0;0;0;0;0;0;0
27/09/2022;11:57:00;82;Sem vítima;335,000;BR-101/SC;Crescente;Acidentes de outra natureza;2;0;0;0;0;0;0;0;0;0;1;0;0;0;0
27/09/2022;14:46:37;104;Sem vítima;344,000;BR-101/SC;Decrescente;Acidentes de outra natureza;1;0;0;0;0;0;0;0;0;0;0;0;0;0;0
27/09/2022;22:33:35;140;Sem vítima;298,000;BR-101/SC;Crescente;Acidentes de outra natureza;0;0;1;0;0;0;0;0;0;0;0;0;0;0;0
28/09/2022;20:55:28;133;Sem vítima;388,000;BR-101/SC;Decrescente;Acidentes de outra natureza;0;0;0;0;0;0;0;0;0;0;0;0;0;0;0
28/09/2022;21:06:00;134;Sem vítima;395,000;BR-101/SC;Decrescente;Acidentes de outra natureza;0;0;0;0;0;0;0;0;0;0;0;0;0;0;0
28/09/2022;23:27:39;144;Sem vítima;257,000;BR-101/SC;Crescente;Acidentes de outra natureza;0;0;1;0;0;0;0;0;0;0;0;0;0;0;0
29/09/2022;13:20:22;99;Sem vítima;339,000;BR-101/SC;Decrescente;Acidentes de outra natureza;1;0;0;0;0;0;0;0;0;0;0;0;0;0;0
29/09/2022;14:29:01;110;Sem vítima;282,000;BR-101/SC;Decrescente;Acidentes de outra natureza;0;0;0;1;0;0;0;0;0;0;0;0;0;0;0
29/09/2022;15:36:21;121;Sem vítima;350,000;BR-101/SC;Crescente;Acidentes de outra natureza;0;0;0;0;0;0;0;0;0;0;0;0;0;0;0
29/09/2022;21:59:32;142;Sem vítima;345,000;BR-101/SC;Decrescente;Acidentes de outra natureza;1;0;0;0;0;0;0;0;0;0;0;0;0;0;0
29/09/2022;22:18:55;143;Sem vítima;420,000;BR-101/SC;Decrescente;Acidentes de outra natureza;0;0;0;0;0;0;0;0;0;0;0;0;0;0;0
30/09/2022;01:04:19;7;Sem vítima;319,000;BR-101/SC;Crescente;Acidentes de outra natureza;0;0;1;0;0;0;0;0;0;0;0;0;0;0;0
30/09/2022;19:31:59;156;Sem vítima;272,000;BR-101/SC;Decrescente;Acidentes de outra natureza;1;0;0;0;0;0;0;0;0;0;0;0;0;0;0
30/09/2022;19:50:03;157;Sem vítima;444,000;BR-101/SC;Crescente;Acidentes de outra natureza;1;0;0;0;0;0;0;0;0;0;0;0;0;0;0
30/09/2022;22:14:10;170;Sem vítima;416,000;BR-101/SC;Decrescente;Acidentes de outra natureza;0;0;0;1;0;0;0;0;0;0;0;0;0;0;0
01/10/2022;09:35:39;35;Sem vítima;274,000;BR-101/SC;Crescente;Acidentes de outra natureza;1;0;0;0;0;0;0;0;0;0;0;0;0;0;0
01/10/2022;15:40:10;73;Sem vítima;259,000;BR-101/SC;Crescente;Acidentes de outra natureza;1;0;0;0;0;0;0;0;0;0;0;0;0;0;0
01/10/2022;15:47:30;74;Sem vítima;445,000;BR-101/SC;Decrescente;Acidentes de outra natureza;1;0;0;0;0;0;0;0;0;0;0;0;0;0;0
01/10/2022;19:04:43;84;Sem vítima;344,000;BR-101/SC;Crescente;Acidentes de outra natureza;1;0;0;0;0;0;0;0;0;0;0;0;0;0;0
01/10/2022;20:56:11;93;Sem vítima;264,000;BR-101/SC;Crescente;Acidentes de outra natureza;1;0;0;0;0;0;0;0;0;0;0;0;0;0;0
01/10/2022;23:10:24;102;Sem vítima;344,000;BR-101/SC;Crescente;Acidentes de outra natureza;0;0;0;0;0;0;0;0;0;0;0;0;0;0;0
01/10/2022;23:27:37;106;Sem vítima;314,000;BR-101/SC;Crescente;Acidentes de outra natureza;1;0;0;0;0;0;0;0;0;0;0;0;0;0;0
02/10/2022;00:03:02;1;Sem vítima;345,000;BR-101/SC;Decrescente;Acidentes de outra natureza;1;0;0;0;0;0;0;0;0;0;0;0;0;0;0
02/10/2022;04:39:53;13;Sem vítima;367,000;BR-101/SC;Crescente;Acidentes de outra natureza;0;0;0;0;0;0;0;0;0;0;0;0;0;0;0
02/10/2022;12:57:35;55;Sem vítima;314,000;BR-101/SC;Crescente;Acidentes de outra natureza;1;0;0;0;0;0;0;0;0;0;0;0;0;0;0
02/10/2022;14:39:17;64;Sem vítima;376,000;BR-101/SC;Crescente;Acidentes de outra natureza;0;0;0;0;0;0;0;0;0;0;0;0;0;0;0
02/10/2022;22:56:45;103;Sem vítima;344,900;BR-101/SC;Decrescente;Acidentes de outra natureza;1;0;0;0;0;0;0;0;0;0;0;0;0;0;0
03/10/2022;11:40:50;88;Sem vítima;332,000;BR-101/SC;Decrescente;Colisão lateral no mesmo sentido;1;0;0;0;0;0;0;0;0;0;0;0;0;0;0
03/10/2022;15:09:28;109;Sem vítima;331,000;BR-101/SC;Decrescente;Acidentes de outra natureza;1;0;0;0;0;0;0;0;0;0;0;0;0;0;0
03/10/2022;15:21:35;111;Sem vítima;333,000;BR-101/SC;Decrescente;Colisão traseira;1;0;0;0;0;0;0;0;0;0;0;0;0;0;0
03/10/2022;15:42:21;115;Sem vítima;332,000;BR-101/SC;Decrescente;Colisão traseira;0;0;0;1;0;0;0;0;0;0;0;0;0;0;0
03/10/2022;22:29:27;140;Sem vítima;328,000;BR-101/SC;Decrescente;Acidentes de outra natureza;0;0;0;0;0;0;0;0;0;0;0;0;0;0;0
04/10/2022;08:37:55;45;Sem vítima;358,000;BR-101/SC;Decrescente;Acidentes de outra natureza;1;0;0;0;0;0;0;0;0;0;0;0;0;0;0
04/10/2022;15:19:34;110;Sem vítima;248,000;BR-101/SC;Crescente;Acidentes de outra natureza;1;0;0;0;0;0;0;0;0;0;0;0;0;0;0
04/10/2022;18:43:56;128;Sem vítima;334,000;BR-101/SC;Decrescente;Acidentes de outra natureza;0;0;0;1;0;0;0;0;0;0;0;0;0;0;0
05/10/2022;09:54:24;52;Sem vítima;282,000;BR-101/SC;Decrescente;Colisão traseira;1;0;0;0;0;0;0;0;0;0;0;0;0;0;0
05/10/2022;18:15:19;102;Sem vítima;298,000;BR-101/SC;Crescente;Acidentes de outra natureza;1;0;0;0;0;0;0;0;0;0;0;0;0;0;0
05/10/2022;19:31:15;110;Sem vítima;264,000;BR-101/SC;Decrescente;Acidentes de outra natureza;0;0;1;0;0;0;0;0;0;0;0;0;0;0;0
06/10/2022;02:17:54;7;Sem vítima;272,000;BR-101/SC;Decrescente;Acidentes de outra natureza;0;0;0;0;0;0;0;0;0;0;0;0;0;0;0
06/10/2022;05:28:19;18;Sem vítima;459,000;BR-101/SC;Decrescente;Acidentes de outra natureza;0;0;0;0;0;0;0;0;0;0;0;0;0;0;0
06/10/2022;12:44:30;90;Sem vítima;378,000;BR-101/SC;Decrescente;Acidentes de outra natureza;0;0;0;0;0;0;0;0;0;0;0;0;0;0;0
06/10/2022;17:08:26;110;Sem vítima;315,000;BR-101/SC;Crescente;Acidentes de outra natureza;1;0;0;0;0;0;0;0;0;0;0;0;0;0;0
06/10/2022;18:34:49;118;Sem vítima;333,500;BR-101/SC;Decrescente;Acidentes de outra natureza;1;0;0;0;0;0;0;0;0;0;0;0;0;0;0
07/10/2022;10:35:18;69;Sem vítima;329,000;BR-101/SC;Decrescente;Colisão lateral no mesmo sentido;0;0;0;1;0;0;0;0;0;0;0;0;0;0;0
07/10/2022;12:12:18;78;Sem vítima;404,000;BR-101/SC;Decrescente;Colisão traseira;1;0;0;0;0;0;0;0;0;0;0;0;0;0;0
07/10/2022;18:34:30;138;Sem vítima;439,000;BR-101/SC;Decrescente;Acidentes de outra natureza;0;0;0;0;0;0;0;0;0;0;0;0;0;0;0