data;horario;n_da_ocorrencia;tipo_de_ocorrencia;km;trecho;sentido;tipo_de_acidente;automovel;bicicleta;caminhao;moto;onibus;outros;tracao_animal;transporte_de_cargas_especiais;trator_maquinas;utilitarios;ilesos;levemente_feridos;moderadamente_feridos;gravemente_feridos;mortos
07/10/2022;19:00:24;148;Sem vítima;323,000;BR-101/SC;Decrescente;Acidentes de outra natureza;1;0;0;0;0;0;0;0;0;0;0;0;0;0;0
07/10/2022;21:52:46;167;Sem vítima;368,000;BR-101/SC;Crescente;Acidentes de outra natureza;0;0;0;0;0;0;0;0;0;0;0;0;0;0;0
08/10/2022;06:29:56;24;Sem vítima;379,000;BR-101/SC;Crescente;Acidentes de outra natureza;0;0;0;0;0;0;0;0;0;0;0;0;0;0;0
08/10/2022;13:00:52;67;Sem vítima;310,000;BR-101/SC;Crescente;Acidentes de outra natureza;0;0;0;0;0;0;0;0;0;0;0;0;0;0;0
08/10/2022;19:57:18;112;Sem vítima;329,000;BR-101/SC;Decrescente;Acidentes de outra natureza;1;0;0;0;0;0;0;0;0;0;0;0;0;0;0
08/10/2022;22:50:20;125;Sem vítima;343,000;BR-101/SC;Decrescente;Acidentes de outra natureza;0;0;0;0;0;0;0;0;0;0;0;0;0;0;0
08/10/2022;23:39:43;130;Sem vítima;355,000;BR-101/SC;Crescente;Acidentes de outra natureza;1;0;0;0;0;0;0;0;0;0;0;0;0;0;0
09/10/2022;03:33:31;8;Sem vítima;275,000;BR-101/SC;Decrescente;Acidentes de outra natureza;0;0;0;0;0;0;0;0;0;0;0;0;0;0;0
09/10/2022;05:43:00;9;Sem vítima;371,000;BR-101/SC;Crescente;Acidentes de outra natureza;1;0;0;0;0;0;0;0;0;0;0;0;0;0;0
09/10/2022;10:44:31;34;Sem vítima;252,000;BR-101/SC;Decrescente;Colisão lateral no mesmo sentido;1;0;0;0;0;0;0;0;0;0;0;0;0;0;0
09/10/2022;16:41:56;67;Sem vítima;336,000;BR-101/SC;Crescente;Acidentes de outra natureza;1;0;0;0;0;0;0;0;0;0;0;0;0;0;0
09/10/2022;17:49:02;69;Sem vítima;379,000;BR-101/SC;Decrescente;Acidentes de outra natureza;0;0;0;0;0;0;0;0;0;0;0;0;0;0;0
09/10/2022;19:13:24;78;Sem vítima;404,000;BR-101/SC;Decrescente;Acidentes de outra natureza;1;0;0;0;0;0;0;0;0;0;0;0;0;0;0
10/10/2022;05:43:49;15;Sem vítima;251,000;BR-101/SC;Decrescente;Capotamento;1;0;0;0;0;0;0;0;0;0;0;0;0;0;0
10/10/2022;13:18:30;71;Sem vítima;282,000;BR-101/SC;Crescente;Acidentes de outra natureza;1;0;0;0;0;0;0;0;0;0;0;0;0;0;0
10/10/2022;14:06:51;80;Sem vítima;286,000;BR-101/SC;Decrescente;Acidentes de outra natureza;1;0;0;0;0;0;0;0;0;0;0;0;0;0;0
10/10/2022;17:16:24;93;Sem vítima;424,500;BR-101/SC;Crescente;Acidentes de outra natureza;1;0;0;0;0;0;0;0;0;0;0;0;0;0;0
10/10/2022;18:51:08;103;Sem vítima;436,000;BR-101/SC;Crescente;Acidentes de outra natureza;0;0;0;0;0;0;0;0;0;0;0;0;0;0;0
10/10/2022;21:33:14;114;Sem vítima;404,000;BR-101/SC;Crescente;Acidentes de outra natureza;1;0;0;0;0;0;0;0;0;0;0;0;0;0;0
11/10/2022;05:03:39;13;Sem vítima;308,000;BR-101/SC;Decrescente;Acidentes de outra natureza;0;0;1;0;0;0;0;0;0;0;0;0;0;0;0
11/10/2022;12:00:28;60;Sem vítima;386,000;BR-101/SC;Crescente;Acidentes de outra natureza;1;0;0;0;0;0;0;0;0;0;0;0;0;0;0
11/10/2022;13:16:42;69;Sem vítima;298,000;BR-101/SC;Crescente;Colisão traseira;1;0;0;0;0;0;0;0;0;0;0;0;0;0;0
11/10/2022;19:11:29;97;Sem vítima;358,500;BR-101/SC;Crescente;Acidentes de outra natureza;1;0;0;0;0;0;0;0;0;0;0;0;0;0;0
12/10/2022;00:12:42;5;Sem vítima;330,000;BR-101/SC;Decrescente;Acidentes de outra natureza;1;0;0;0;0;0;0;0;0;0;0;0;0;0;0
12/10/2022;07:20:04;23;Sem vítima;338,000;BR-101/SC;Decrescente;Acidentes de outra natureza;1;0;0;0;0;0;0;0;0;0;0;0;0;0;0
12/10/2022;19:23:27;92;Sem vítima;298,000;BR-101/SC;Decrescente;Acidentes de outra natureza;1;0;0;0;0;0;0;0;0;0;0;0;0;0;0
13/10/2022;12:05:41;66;Sem vítima;449,000;BR-101/SC;Crescente;Queda de moto;1;0;0;0;0;0;0;0;0;0;0;0;0;0;0
13/10/2022;18:53:42;99;Sem vítima;392,000;BR-101/SC;Crescente;Acidentes de outra natureza;0;0;0;0;0;0;0;0;0;0;0;0;0;0;0
13/10/2022;20:27:01;108;Sem vítima;315,000;BR-101/SC;Crescente;Acidentes de outra natureza;0;0;0;0;0;0;0;0;0;0;0;0;0;0;0
13/10/2022;21:04:06;109;Sem vítima;315,000;BR-101/SC;Crescente;Acidentes de outra natureza;1;0;0;0;0;0;0;0;0;0;0;0;0;0;0
14/10/2022;02:47:16;8;Sem vítima;442,200;BR-101/SC;Crescente;Acidentes de outra natureza;0;0;1;0;0;0;0;0;0;0;0;0;0;0;0
14/10/2022;10:57:35;54;Sem vítima;316,000;BR-101/SC;Decrescente;Acidentes de outra natureza;1;0;0;0;0;0;0;0;0;0;0;0;0;0;0
14/10/2022;15:35:13;84;Sem vítima;306,000;BR-101/SC;Crescente;Acidentes de outra natureza;1;0;0;0;0;0;0;0;0;0;0;0;0;0;0
14/10/2022;19:18:31;108;Sem vítima;359,000;BR-101/SC;Crescente;Acidentes de outra natureza;1;0;0;0;0;0;0;0;0;0;0;0;0;0;0
14/10/2022;21:41:01;120;Sem vítima;360,000;BR-101/SC;Crescente;Acidentes de outra natureza;1;0;0;0;0;0;0;0;0;0;0;0;0;0;0
15/10/2022;01:33:46;10;Sem vítima;336,000;BR-101/SC;Crescente;Acidentes de outra natureza;1;0;0;0;0;0;0;0;0;0;0;0;0;0;0
15/10/2022;02:47:24;13;Sem vítima;418,000;BR-101/SC;Decrescente;Acidentes de outra natureza;1;0;0;0;0;0;0;0;0;0;0;0;0;0;0
15/10/2022;03:17:36;14;Sem vítima;331,000;BR-101/SC;Crescente;Acidentes de outra natureza;1;0;0;0;0;0;0;0;0;0;0;0;0;0;0
15/10/2022;04:37:57;19;Sem vítima;313,000;BR-101/SC;Crescente;Acidentes de outra natureza;1;0;0;0;0;0;0;0;0;0;0;0;0;0;0
15/10/2022;04:48:39;20;Sem vítima;355,000;BR-101/SC;Crescente;Acidentes de outra natureza;1;0;0;0;0;0;0;0;0;0;0;0;0;0;0
15/10/2022;10:33:59;46;Sem vítima;249,000;BR-101/SC;Crescente;Acidentes de outra natureza;0;0;0;0;0;0;0;0;0;0;0;0;0;0;0
15/10/2022;19:35:45;89;Sem vítima;344,000;BR-101/SC;Decrescente;Queda de moto;0;0;0;1;0;0;0;0;0;0;0;0;0;0;0
15/10/2022;23:40:51;101;Sem vítima;275,000;BR-101/SC;Decrescente;Acidentes de outra natureza;0;0;0;0;0;0;0;0;0;0;0;0;0;0;0
16/10/2022;07:15:49;14;Sem vítima;353,000;BR-101/SC;Decrescente;Acidentes de outra natureza;1;0;0;0;0;0;0;0;0;0;0;0;0;0;0
16/10/2022;13:04:09;46;Sem vítima;344,100;BR-101/SC;Decrescente;Acidentes de outra natureza;1;0;0;0;0;0;0;0;0;0;0;0;0;0;0
16/10/2022;14:06:50;51;Sem vítima;310,000;BR-101/SC;Crescente;Acidentes de outra natureza;1;0;0;0;0;0;0;0;0;0;0;0;0;0;0
16/10/2022;15:25:27;60;Sem vítima;328,000;BR-101/SC;Crescente;Acidentes de outra natureza;0;0;0;0;0;0;0;0;0;0;0;0;0;0;0
16/10/2022;17:14:44;78;Sem vítima;328,800;BR-101/SC;Decrescente;Acidentes de outra natureza;1;0;0;0;0;0;0;0;0;0;0;0;0;0;0
16/10/2022;19:16:18;88;Sem vítima;272,800;BR-101/SC;Decrescente;Acidentes de outra natureza;1;0;0;0;0;0;0;0;0;0;0;0;0;0;0
16/10/2022;20:22:13;94;Sem vítima;253,000;BR-101/SC;Crescente;Acidentes de outra natureza;1;0;0;0;0;0;0;0;0;0;0;0;0;0;0
17/10/2022;07:13:42;20;Sem vítima;456,000;BR-101/SC;Crescente;Colisão traseira;0;0;0;0;0;0;0;0;0;0;0;0;0;0;0
17/10/2022;17:25:28;113;Sem vítima;339,400;BR-101/SC;Decrescente;Colisão lateral no mesmo sentido;0;0;0;0;0;0;0;0;0;0;0;0;0;0;0
17/10/2022;18:51:58;117;Sem vítima;416,000;BR-101/SC;Decrescente;Acidentes de outra natureza;0;0;0;1;0;0;0;0;0;0;0;0;0;0;0
18/10/2022;05:19:47;19;Sem vítima;376,000;BR-101/SC;Decrescente;Acidentes de outra natureza;0;0;0;0;0;0;0;0;0;0;0;0;0;0;0
18/10/2022;06:16:40;20;Sem vítima;277,000;BR-101/SC;Decrescente;Acidentes de outra natureza;0;0;0;0;0;0;0;0;0;0;0;0;0;0;0
18/10/2022;19:14:54;119;Sem vítima;344,000;BR-101/SC;Decrescente;Acidentes de outra natureza;1;0;0;0;0;0;0;0;0;0;0;0;0;0;0
18/10/2022;20:07:43;121;Sem vítima;349,000;BR-101/SC;Decrescente;Acidentes de outra natureza;1;0;0;0;0;0;0;0;0;0;0;0;0;0;0
18/10/2022;22:40:22;128;Sem vítima;300,000;BR-101/SC;Crescente;Acidentes de outra natureza;0;0;1;0;0;0;0;0;0;0;0;0;0;0;0
19/10/2022;07:09:29;20;Sem vítima;363,000;BR-101/SC;Crescente;Acidentes de outra natureza;1;0;0;0;0;0;0;0;0;0;0;0;0;0;0
19/10/2022;16:06:52;97;Sem vítima;314,000;BR-101/SC;Crescente;Acidentes de outra natureza;0;0;0;1;0;0;0;0;0;0;0;0;0;0;0
19/10/2022;21:54:45;116;Sem vítima;253,000;BR-101/SC;Crescente;Acidentes de outra natureza;0;0;0;0;0;0;0;0;0;0;0;0;0;0;0
20/10/2022;15:40:22;71;Sem vítima;298,000;BR-101/SC;Decrescente;Acidentes de outra natureza;0;0;0;0;0;0;0;0;0;0;0;0;0;0;0
20/10/2022;18:47:40;84;Sem vítima;384,000;BR-101/SC;Crescente;Acidentes de outra natureza;0;0;1;0;0;0;0;0;0;0;0;0;0;0;0
21/10/2022;14:31:35;92;Sem vítima;439,000;BR-101/SC;Decrescente;Acidentes de outra natureza;1;0;0;0;0;0;0;0;0;0;0;0;0;0;0
22/10/2022;03:23:18;4;Sem vítima;277,000;BR-101/SC;Crescente;Acidentes de outra natureza;1;0;0;0;0;0;0;0;0;0;0;0;0;0;0
22/10/2022;03:34:33;5;Sem vítima;294,000;BR-101/SC;Crescente;Acidentes de outra natureza;1;0;0;0;0;0;0;0;0;0;0;0;0;0;0
22/10/2022;05:05:09;8;Sem vítima;275,800;BR-101/SC;Decrescente;Acidentes de outra natureza;1;0;0;0;0;0;0;0;0;0;0;0;0;0;0
22/10/2022;08:57:11;39;Sem vítima;323,300;BR-101/SC;Crescente;Acidentes de outra natureza;1;0;0;0;0;0;0;0;0;0;0;0;0;0;0
22/10/2022;11:03:18;53;Sem vítima;282,000;BR-101/SC;Crescente;Acidentes de outra natureza;1;0;0;0;0;0;0;0;0;0;0;0;0;0;0
22/10/2022;18:22:24;102;Sem vítima;437,000;BR-101/SC;Crescente;Acidentes de outra natureza;1;0;0;0;0;0;0;0;0;0;0;0;0;0;0
22/10/2022;18:27:45;103;Sem vítima;425,000;BR-101/SC;Crescente;Acidentes de outra natureza;0;0;0;1;0;0;0;0;0;0;0;0;0;0;0
22/10/2022;21:59:15;113;Sem vítima;311,000;BR-101/SC;Crescente;Acidentes de outra natureza;0;0;0;0;0;0;0;0;0;0;0;0;0;0;0
22/10/2022;22:38:23;116;Sem vítima;351,000;BR-101/SC;Decrescente;Acidentes de outra natureza;0;0;0;0;0;0;0;0;0;0;0;0;0;0;0
23/10/2022;01:28:23;7;Sem vítima;327,000;BR-101/SC;Crescente;Acidentes de outra natureza;1;0;0;0;0;0;0;0;0;0;0;0;0;0;0
23/10/2022;03:34:30;9;Sem vítima;334,000;BR-101/SC;Decrescente;Acidentes de outra natureza;1;0;0;0;0;0;0;0;0;0;0;0;0;0;0
23/10/2022;07:59:39;23;Sem vítima;398,000;BR-101/SC;Crescente;Acidentes de outra natureza;0;0;0;0;0;0;0;0;0;0;0;0;0;0;0
23/10/2022;15:45:04;72;Sem vítima;319,000;BR-101/SC;Crescente;Acidentes de outra natureza;1;0;0;0;0;0;0;0;0;0;0;0;0;0;0
23/10/2022;18:01:29;91;Sem vítima;345,000;BR-101/SC;Crescente;Acidentes de outra natureza;0;0;0;0;0;0;0;0;0;0;0;0;0;0;0
24/10/2022;00:34:23;3;Sem vítima;444,000;BR-101/SC;Decrescente;Acidentes de outra natureza;1;0;0;0;0;0;0;0;0;0;0;0;0;0;0
24/10/2022;01:25:34;6;Sem vítima;299,200;BR-101/SC;Decrescente;Acidentes de outra natureza;0;0;1;0;0;0;0;0;0;0;0;0;0;0;0
24/10/2022;03:09:52;8;Sem vítima;368,000;BR-101/SC;Decrescente;Acidentes de outra natureza;0;0;0;0;0;0;0;0;0;0;0;0;0;0;0
24/10/2022;11:06:00;68;Sem vítima;338,000;BR-101/SC;Crescente;Acidentes de outra natureza;1;0;0;0;0;0;0;0;0;0;0;0;0;0;0
24/10/2022;17:41:04;116;Sem vítima;340,700;BR-101/SC;Decrescente;Acidentes de outra natureza;0;0;0;1;0;0;0;0;0;0;0;0;0;0;0
25/10/2022;07:08:24;17;Sem vítima;344,000;BR-101/SC;Decrescente;Acidentes de outra natureza;0;0;1;0;0;0;0;0;0;0;0;0;0;0;0
25/10/2022;21:46:36;133;Sem vítima;435,000;BR-101/SC;Decrescente;Acidentes de outra natureza;0;0;0;1;0;0;0;0;0;0;0;0;0;0;0
25/10/2022;23:45:39;143;Sem vítima;393,000;BR-101/SC;Decrescente;Acidentes de outra natureza;0;0;0;0;0;0;0;0;0;0;0;0;0;0;0
26/10/2022;02:05:06;3;Sem vítima;282,000;BR-101/SC;Decrescente;Acidentes de outra natureza;0;0;0;1;0;0;0;0;0;0;0;0;0;0;0
26/10/2022;03:06:27;4;Sem vítima;368,000;BR-101/SC;Crescente;Acidentes de outra natureza;0;0;0;0;0;0;0;0;0;0;0;0;0;0;0
26/10/2022;07:19:21;15;Sem vítima;256,650;BR-101/SC;Crescente;Acidentes de outra natureza;1;0;0;0;0;0;0;0;0;0;0;0;0;0;0
26/10/2022;07:48:56;18;Sem vítima;327,000;BR-101/SC;Crescente;Acidentes de outra natureza;0;0;0;0;0;0;0;0;0;0;0;0;0;0;0
26/10/2022;11:54:51;55;Sem vítima;337,000;BR-101/SC;Decrescente;Acidentes de outra natureza;0;0;1;0;0;0;0;0;0;0;0;0;0;0;0
26/10/2022;12:53:43;58;Sem vítima;435,000;BR-101/SC;Decrescente;Acidentes de outra natureza;0;0;1;0;0;0;0;0;0;0;0;0;0;0;0
27/10/2022;20:06:51;108;Sem vítima;308,000;BR-101/SC;Decrescente;Acidentes de outra natureza;0;0;1;0;0;0;0;0;0;0;0;0;0;0;0
28/10/2022;00:13:27;1;Sem vítima;254,000;BR-101/SC;Crescente;Acidentes de outra natureza;0;0;0;0;0;0;0;0;0;0;0;0;0;0;0
28/10/2022;01:42:54;8;Sem vítima;344,000;BR-101/SC;Decrescente;Acidentes de outra natureza;0;0;0;0;0;0;0;0;0;0;0;0;0;0;0
28/10/2022;14:37:45;99;Sem vítima;313,000;BR-101/SC;Crescente;Acidentes de outra natureza;1;0;0;0;0;0;0;0;0;0;0;0;0;0;0
28/10/2022;19:34:10;131;Sem vítima;463,000;BR-101/SC;Decrescente;Acidentes de outra natureza;0;0;0;0;0;0;0;0;0;0;0;0;0;0;0
29/10/2022;04:38:36;11;Sem vítima;269,000;BR-101/SC;Crescente;Acidentes de outra natureza;1;0;0;0;0;0;0;0;0;0;0;0;0;0;0
29/10/2022;09:57:30;47;Sem vítima;332,000;BR-101/SC;Decrescente;Acidentes de outra natureza;1;0;0;0;0;0;0;0;0;0;0;0;0;0;0
29/10/2022;15:45:45;89;Sem vítima;404,000;BR-101/SC;Crescente;Acidentes de outra natureza;1;0;0;0;0;0;0;0;0;0;0;0;0;0;0
29/10/2022;19:46:42;109;Sem vítima;435,000;BR-101/SC;Crescente;Acidentes de outra natureza;0;0;0;0;0;0;0;0;0;0;0;0;0;0;0
30/10/2022;00:09:20;3;Sem vítima;254,000;BR-101/SC;Crescente;Acidentes de outra natureza;1;0;0;0;0;0;0;0;0;0;0;0;0;0;0
30/10/2022;00:31:39;7;Sem vítima;317,000;BR-101/SC;Crescente;Acidentes de outra natureza;1;0;0;0;0;0;0;0;0;0;0;0;0;0;0
30/10/2022;10:27:24;51;Sem vítima;438,000;BR-101/SC;Decrescente;Acidentes de outra natureza;0;0;0;1;0;0;0;0;0;0;0;0;0;0;0
30/10/2022;11:33:06;59;Sem vítima;327,000;BR-101/SC;Crescente;Acidentes de outra natureza;1;0;0;0;0;0;0;0;0;0;0;0;0;0;0
30/10/2022;12:24:42;64;Sem vítima;305,000;BR-101/SC;Crescente;Colisão transversal;1;0;0;0;0;0;0;0;0;0;0;0;0;0;0
30/10/2022;18:19:14;93;Sem vítima;305,000;BR-101/SC;Decrescente;Acidentes de outra natureza;1;0;0;0;0;0;0;0;0;0;0;0;0;0;0
30/10/2022;20:01:46;100;Sem vítima;336,000;BR-101/SC;Decrescente;Acidentes de outra natureza;1;0;0;0;0;0;0;0;0;0;0;0;0;0;0
30/10/2022;20:02:13;99;Sem vítima;303,000;BR-101/SC;Crescente;Acidentes de outra natureza;0;0;0;0;0;0;0;0;0;0;0;0;0;0;0
31/10/2022;01:43:52;6;Sem vítima;401,000;BR-101/SC;Crescente;Acidentes de outra natureza;1;0;0;0;0;0;0;0;0;0;0;0;0;0;0
31/10/2022;07:33:51;15;Sem vítima;448,000;BR-101/SC;Decrescente;Acidentes de outra natureza;1;0;0;0;0;0;0;0;0;0;0;0;0;0;0
31/10/2022;13:59:41;44;Sem vítima;331,000;BR-101/SC;Decrescente;Acidentes de outra natureza;1;0;0;0;0;0;0;0;0;0;0;0;0;0;0
31/10/2022;14:16:38;46;Sem vítima;278,000;BR-101/SC;Crescente;Acidentes de outra natureza;1;0;0;0;0;0;0;0;0;0;0;0;0;0;0
31/10/2022;20:08:49;5;Sem vítima;401,000;BR-101/SC;Crescente;Choque;1;0;0;0;0;0;0;0;0;0;0;0;0;0;0
01/11/2022;15:54:06;38;Sem vítima;339,000;BR-101/SC;Decrescente;Acidentes de outra natureza;0;0;0;1;0;0;0;0;0;0;0;0;0;0;0
01/11/2022;16:40:57;41;Sem vítima;452,000;BR-101/SC;Decrescente;Acidentes de outra natureza;0;0;1;0;0;0;0;0;0;0;0;0;0;0;0
02/11/2022;21:44:42;59;Sem vítima;262,000;BR-101/SC;Decrescente;Acidentes de outra natureza;1;0;0;0;0;0;0;0;0;0;0;0;0;0;0
03/11/2022;06:45:11;12;Sem vítima;441,000;BR-101/SC;Crescente;Colisão traseira;0;0;1;0;0;0;0;0;0;0;0;0;0;0;0
03/11/2022;12:32:05;94;Sem vítima;325,000;BR-101/SC;Crescente;Acidentes de outra natureza;1;0;0;0;0;0;0;0;0;0;0;0;0;0;0
03/11/2022;16:28:39;130;Sem vítima;254,100;BR-101/SC;Decrescente;Acidentes de outra natureza;1;0;0;0;0;0;0;0;0;0;0;0;0;0;0
04/11/2022;06:24:12;7;Sem vítima;393,000;BR-101/SC;Crescente;Colisão traseira;1;0;0;0;0;0;0;0;0;0;0;0;0;0;0
04/11/2022;20:18:08;114;Sem vítima;401,000;BR-101/SC;Decrescente;Acidentes de outra natureza;0;0;0;0;0;0;0;0;0;0;0;0;0;0;0
05/11/2022;01:29:08;4;Sem vítima;376,000;BR-101/SC;Decrescente;Acidentes de outra natureza;1;0;0;0;0;0;0;0;0;0;0;0;0;0;0
05/11/2022;02:28:34;7;Sem vítima;425,000;BR-101/SC;Decrescente;Acidentes de outra natureza;0;0;0;0;0;0;0;0;0;0;0;0;0;0;0
05/11/2022;04:17:52;10;Sem vítima;338,000;BR-101/SC;Decrescente;Acidentes de outra natureza;1;0;0;0;0;0;0;0;0;0;0;0;0;0;0
05/11/2022;17:21:51;94;Sem vítima;431,000;BR-101/SC;Crescente;Acidentes de outra natureza;0;0;0;0;0;0;0;0;0;0;0;0;0;0;0
05/11/2022;22:16:19;115;Sem vítima;269,000;BR-101/SC;Decrescente;Acidentes de outra natureza;1;0;0;0;0;0;0;0;0;0;0;0;0;0;0
06/11/2022;04:07:30;9;Sem vítima;281,000;BR-101/SC;Decrescente;Acidentes de outra natureza;0;0;0;1;0;0;0;0;0;0;0;0;0;0;0
06/11/2022;06:56:03;19;Sem vítima;443,000;BR-101/SC;Crescente;Acidentes de outra natureza;1;0;0;0;0;0;0;0;0;0;0;0;0;0;0
06/11/2022;12:14:53;49;Sem vítima;336,000;BR-101/SC;Decrescente;Choque;1;0;0;0;0;0;0;0;0;0;0;0;0;0;0
06/11/2022;17:06:37;71;Sem vítima;298,000;BR-101/SC;Crescente;Acidentes de outra natureza;0;0;1;0;0;0;0;0;0;0;0;0;0;0;0
06/11/2022;23:34:18;102;Sem vítima;276,000;BR-101/SC;Decrescente;Acidentes de outra natureza;0;0;0;0;0;0;0;0;0;0;0;0;0;0;0
06/11/2022;23:55:06;103;Sem vítima;395,000;BR-101/SC;Crescente;Colisão traseira;1;0;0;0;0;0;0;0;0;0;0;0;0;0;0
07/11/2022;06:51:39;120;Sem vítima;344,000;BR-101/SC;Crescente;Acidentes de outra natureza;1;0;0;0;0;0;0;0;0;0;0;0;0;0;0
07/11/2022;07:11:57;123;Sem vítima;339,000;BR-101/SC;Crescente;Acidentes de outra natureza;1;0;0;0;0;0;0;0;0;0;0;0;0;0;0
07/11/2022;09:02:40;161;Sem vítima;372,000;BR-101/SC;Crescente;Acidentes de outra natureza;0;0;0;0;0;0;0;0;0;0;0;0;0;0;0
07/11/2022;15:59:21;217;Sem vítima;311,000;BR-101/SC;Crescente;Acidentes de outra natureza;0;0;1;0;0;0;0;0;0;0;0;0;0;0;0
07/11/2022;19:41:14;232;Sem vítima;359,000;BR-101/SC;Decrescente;Acidentes de outra natureza;1;0;0;0;0;0;0;0;0;0;0;0;0;0;0
08/11/2022;07:25:07;18;Sem vítima;431,000;BR-101/SC;Crescente;Acidentes de outra natureza;0;0;0;0;0;0;0;0;0;0;0;0;0;0;0
08/11/2022;20:44:19;111;Sem vítima;344,000;BR-101/SC;Decrescente;Acidentes de outra natureza;0;0;1;0;0;0;0;0;0;0;0;0;0;0;0
09/11/2022;13:49:51;105;Sem vítima;249,000;BR-101/SC;Crescente;Acidentes de outra natureza;0;0;0;0;0;0;0;0;0;0;0;0;0;0;0
09/11/2022;13:49:51;106;Sem vítima;249,000;BR-101/SC;Crescente;Acidentes de outra natureza;0;0;0;0;0;0;0;0;0;0;0;0;0;0;0
09/11/2022;15:46:42;123;Sem vítima;266,000;BR-101/SC;Crescente;Colisão lateral no mesmo sentido;0;0;0;0;0;0;0;0;0;0;0;0;0;0;0
09/11/2022;17:08:01;133;Sem vítima;333,000;BR-101/SC;Decrescente;Acidentes de outra natureza;1;0;0;0;0;0;0;0;0;0;0;0;0;0;0
09/11/2022;17:42:42;136;Sem vítima;333,000;BR-101/SC;Decrescente;Acidentes de outra natureza;1;0;0;0;0;0;0;0;0;0;0;0;0;0;0
09/11/2022;17:57:05;142;Sem vítima;391,500;BR-101/SC;Decrescente;Acidentes de outra natureza;1;0;0;0;0;0;0;0;0;0;0;0;0;0;0
09/11/2022;20:47:15;150;Sem vítima;405,000;BR-101/SC;Decrescente;Acidentes de outra natureza;1;0;0;0;0;0;0;0;0;0;0;0;0;0;0
10/11/2022;08:12:13;43;Sem vítima;317,000;BR-101/SC;Decrescente;Acidentes de outra natureza;1;0;0;0;0;0;0;0;0;0;0;0;0;0;0
10/11/2022;10:51:05;73;Sem vítima;328,000;BR-101/SC;Crescente;Acidentes de outra natureza;1;0;0;0;0;0;0;0;0;0;0;0;0;0;0
10/11/2022;16:25:49;113;Sem vítima;375,000;BR-101/SC;Decrescente;Acidentes de outra natureza;1;0;0;0;0;0;0;0;0;0;0;0;0;0;0
10/11/2022;20:26:25;130;Sem vítima;325,000;BR-101/SC;Decrescente;Acidentes de outra natureza;1;0;0;0;0;0;0;0;0;0;0;0;0;0;0
11/11/2022;00:56:15;4;Sem vítima;354,000;BR-101/SC;Decrescente;Acidentes de outra natureza;0;0;0;0;0;0;0;0;0;0;0;0;0;0;0
11/11/2022;01:37:26;7;Com vítima;411,000;BR-101/SC;Crescente;Atropelamento de animal;0;0;0;0;0;0;0;0;0;0;0;0;0;0;0
11/11/2022;04:02:01;12;Sem vítima;341,000;BR-101/SC;Crescente;Colisão lateral no mesmo sentido;0;0;0;0;0;0;0;0;0;0;0;0;0;0;0
11/11/2022;07:51:42;46;Sem vítima;311,000;BR-101/SC;Crescente;Acidentes de outra natureza;0;0;0;1;0;0;0;0;0;0;0;0;0;0;0
11/11/2022;12:20:36;109;Sem vítima;282,000;BR-101/SC;Decrescente;Acidentes de outra natureza;0;0;1;0;0;0;0;0;0;0;0;0;0;0;0
11/11/2022;14:21:17;120;Sem vítima;288,000;BR-101/SC;Crescente;Acidentes de outra natureza;0;0;0;0;0;0;0;0;0;0;0;0;0;0;0
11/11/2022;16:26:14;131;Sem vítima;301,000;BR-101/SC;Decrescente;Acidentes de outra natureza;1;0;0;0;0;0;0;0;0;0;0;0;0;0;0
11/11/2022;18:40:25;144;Sem vítima;332,000;BR-101/SC;Decrescente;Acidentes de outra natureza;0;0;0;0;0;0;0;0;0;1;0;0;0;0;0
12/11/2022;01:26:26;8;Sem vítima;308,000;BR-101/SC;Decrescente;Acidentes de outra natureza;1;0;0;0;0;0;0;0;0;0;0;0;0;0;0
12/11/2022;03:50:08;14;Sem vítima;329,000;BR-101/SC;Crescente;Acidentes de outra natureza;0;0;0;0;0;0;0;0;0;0;0;0;0;0;0
12/11/2022;05:12:09;22;Sem vítima;360,000;BR-101/SC;Crescente;Acidentes de outra natureza;0;0;0;0;0;0;0;0;0;0;0;0;0;0;0
12/11/2022;12:08:46;65;Sem vítima;344,000;BR-101/SC;Decrescente;Acidentes de outra natureza;0;0;1;0;0;0;0;0;0;0;0;0;0;0;0
12/11/2022;12:44:10;70;Sem vítima;342,000;BR-101/SC;Decrescente;Acidentes de outra natureza;1;0;0;0;0;0;0;0;0;0;0;0;0;0;0
12/11/2022;16:22:06;87;Sem vítima;282,000;BR-101/SC;Decrescente;Acidentes de outra natureza;1;0;0;0;0;0;0;0;0;0;0;0;0;0;0