data;horario;n_da_ocorrencia;tipo_de_ocorrencia;km;trecho;sentido;tipo_de_acidente;automovel;bicicleta;caminhao;moto;onibus;outros;tracao_animal;transporte_de_cargas_especiais;trator_maquinas;utilitarios;ilesos;levemente_feridos;moderadamente_feridos;gravemente_feridos;mortos
15/12/2022;15:22:50;99;Sem vítima;457,000;BR-101/SC;Decrescente;Acidentes de outra natureza;0;0;0;0;0;0;0;0;0;0;0;0;0;0;0
15/12/2022;17:02:21;109;Sem vítima;277,000;BR-101/SC;Decrescente;Acidentes de outra natureza;1;0;0;0;0;0;0;0;0;0;0;0;0;0;0
16/12/2022;04:57:26;22;Sem vítima;291,000;BR-101/SC;Decrescente;Acidentes de outra natureza;0;0;1;0;0;0;0;0;0;0;0;0;0;0;0
16/12/2022;08:09:35;58;Sem vítima;337,000;BR-101/SC;Decrescente;Acidentes de outra natureza;1;0;0;0;0;0;0;0;0;0;0;0;0;0;0
16/12/2022;13:32:51;110;Sem vítima;349,300;BR-101/SC;Decrescente;Acidentes de outra natureza;1;0;0;0;0;0;0;0;0;0;0;0;0;0;0
16/12/2022;16:04:07;122;Sem vítima;293,000;BR-101/SC;Crescente;Acidentes de outra natureza;1;0;0;0;0;0;0;0;0;0;0;0;0;0;0
16/12/2022;20:36:11;151;Sem vítima;297,000;BR-101/SC;Crescente;Acidentes de outra natureza;0;0;0;0;0;0;0;0;0;0;0;0;0;0;0
17/12/2022;00:58:55;2;Sem vítima;336,000;BR-101/SC;Crescente;Acidentes de outra natureza;1;0;0;0;0;0;0;0;0;0;0;0;0;0;0
17/12/2022;02:50:16;14;Sem vítima;313,000;BR-101/SC;Crescente;Acidentes de outra natureza;1;0;0;0;0;0;0;0;0;0;0;0;0;0;0
17/12/2022;06:40:56;27;Sem vítima;450,000;BR-101/SC;Decrescente;Acidentes de outra natureza;1;0;0;0;0;0;0;0;0;0;0;0;0;0;0
17/12/2022;07:30:53;36;Sem vítima;280,000;BR-101/SC;Crescente;Acidentes de outra natureza;1;0;0;0;0;0;0;0;0;0;0;0;0;0;0
17/12/2022;16:20:21;100;Sem vítima;268,500;BR-101/SC;Crescente;Acidentes de outra natureza;0;0;0;0;0;0;0;0;0;0;0;0;0;0;0
18/12/2022;05:06:17;10;Sem vítima;370,000;BR-101/SC;Decrescente;Acidentes de outra natureza;1;0;0;0;0;0;0;0;0;0;0;0;0;0;0
18/12/2022;11:31:15;32;Sem vítima;369,000;BR-101/SC;Crescente;Acidentes de outra natureza;1;0;0;0;0;0;0;0;0;0;0;0;0;0;0
18/12/2022;16:04:26;55;Sem vítima;336,000;BR-101/SC;Crescente;Acidentes de outra natureza;0;0;0;0;0;0;0;0;0;0;0;0;0;0;0
18/12/2022;16:30:33;60;Sem vítima;330,000;BR-101/SC;Crescente;Acidentes de outra natureza;0;0;0;0;0;0;0;0;0;0;0;0;0;0;0
18/12/2022;17:13:10;67;Sem vítima;383,000;BR-101/SC;Crescente;Acidentes de outra natureza;1;0;0;0;0;0;0;0;0;0;0;0;0;0;0
18/12/2022;19:57:30;79;Sem vítima;406,000;BR-101/SC;Decrescente;Acidentes de outra natureza;1;0;0;0;0;0;0;0;0;0;0;0;0;0;0
18/12/2022;21:21:17;89;Sem vítima;298,000;BR-101/SC;Crescente;Acidentes de outra natureza;1;0;0;0;0;0;0;0;0;0;0;0;0;0;0
18/12/2022;22:39:01;95;Sem vítima;327,000;BR-101/SC;Crescente;Acidentes de outra natureza;1;0;0;0;0;0;0;0;0;0;0;0;0;0;0
19/12/2022;01:11:47;2;Sem vítima;406,000;BR-101/SC;Crescente;Acidentes de outra natureza;0;0;0;0;0;0;0;0;0;0;0;0;0;0;0
19/12/2022;08:29:20;31;Sem vítima;424,000;BR-101/SC;Crescente;Acidentes de outra natureza;0;0;0;0;0;0;0;0;0;0;0;0;0;0;0
19/12/2022;09:28:19;47;Sem vítima;334,000;BR-101/SC;Decrescente;Acidentes de outra natureza;1;0;0;0;0;0;0;0;0;0;0;0;0;0;0
19/12/2022;10:02:33;53;Sem vítima;308,000;BR-101/SC;Decrescente;Acidentes de outra natureza;1;0;0;0;0;0;0;0;0;0;0;0;0;0;0
19/12/2022;11:48:27;66;Sem vítima;258,000;BR-101/SC;Decrescente;Acidentes de outra natureza;1;0;0;0;0;0;0;0;0;0;0;0;0;0;0
19/12/2022;12:27:04;71;Sem vítima;340,000;BR-101/SC;Decrescente;Acidentes de outra natureza;1;0;0;0;0;0;0;0;0;0;0;0;0;0;0
19/12/2022;13:14:54;75;Sem vítima;334,000;BR-101/SC;Crescente;Choque;1;0;0;0;0;0;0;0;0;0;0;0;0;0;0
19/12/2022;13:43:59;78;Sem vítima;288,000;BR-101/SC;Decrescente;Acidentes de outra natureza;1;0;0;0;0;0;0;0;0;0;0;0;0;0;0
19/12/2022;15:03:34;92;Sem vítima;273,300;BR-101/SC;Decrescente;Acidentes de outra natureza;1;0;0;0;0;0;0;0;0;0;0;0;0;0;0
19/12/2022;17:26:34;101;Sem vítima;332,000;BR-101/SC;Decrescente;Acidentes de outra natureza;0;0;0;0;0;0;0;0;0;0;0;0;0;0;0
19/12/2022;23:20:46;131;Sem vítima;322,000;BR-101/SC;Decrescente;Acidentes de outra natureza;1;0;0;0;0;0;0;0;0;0;0;0;0;0;0
20/12/2022;00:06:00;1;Sem vítima;387,000;BR-101/SC;Crescente;Acidentes de outra natureza;1;0;0;0;0;0;0;0;0;0;0;0;0;0;0
20/12/2022;01:55:08;6;Sem vítima;353,000;BR-101/SC;Crescente;Acidentes de outra natureza;1;0;0;0;0;0;0;0;0;0;0;0;0;0;0
20/12/2022;20:57:51;109;Sem vítima;306,000;BR-101/SC;Crescente;Acidentes de outra natureza;0;0;0;0;0;0;0;0;0;0;0;0;0;0;0
20/12/2022;22:46:04;114;Sem vítima;455,000;BR-101/SC;Decrescente;Acidentes de outra natureza;1;0;0;0;0;0;0;0;0;0;0;0;0;0;0
21/12/2022;04:17:33;13;Sem vítima;331,000;BR-101/SC;Decrescente;Acidentes de outra natureza;0;0;0;0;0;0;0;0;0;0;0;0;0;0;0
21/12/2022;11:27:58;77;Sem vítima;282,000;BR-101/SC;Crescente;Acidentes de outra natureza;0;0;1;0;0;0;0;0;0;0;0;0;0;0;0
21/12/2022;11:52:16;83;Sem vítima;348,000;BR-101/SC;Crescente;Acidentes de outra natureza;1;0;0;0;0;0;0;0;0;0;0;0;0;0;0
21/12/2022;19:16:41;122;Sem vítima;344,000;BR-101/SC;Decrescente;Acidentes de outra natureza;1;0;0;0;0;0;0;0;0;0;0;0;0;0;0
22/12/2022;02:20:05;12;Sem vítima;263,000;BR-101/SC;Decrescente;Acidentes de outra natureza;0;0;0;0;0;0;0;0;0;0;0;0;0;0;0
22/12/2022;07:01:46;30;Sem vítima;287,000;BR-101/SC;Decrescente;Acidentes de outra natureza;1;0;0;0;0;0;0;0;0;0;0;0;0;0;0
22/12/2022;08:53:02;59;Sem vítima;385,000;BR-101/SC;Decrescente;Acidentes de outra natureza;1;0;0;0;0;0;0;0;0;0;0;0;0;0;0
22/12/2022;13:58:27;92;Sem vítima;336,000;BR-101/SC;Decrescente;Colisão traseira;1;0;0;0;0;0;0;0;0;0;0;0;0;0;0
22/12/2022;14:35:07;97;Sem vítima;354,000;BR-101/SC;Decrescente;Acidentes de outra natureza;0;0;0;0;0;0;0;0;0;0;0;0;0;0;0
22/12/2022;16:53:30;117;Sem vítima;332,600;BR-101/SC;Decrescente;Acidentes de outra natureza;1;0;0;0;0;0;0;0;0;0;0;0;0;0;0
22/12/2022;17:30:27;122;Sem vítima;279,000;BR-101/SC;Crescente;Acidentes de outra natureza;0;0;0;0;0;0;0;0;0;0;0;0;0;0;0
22/12/2022;19:47:45;137;Sem vítima;298,000;BR-101/SC;Decrescente;Acidentes de outra natureza;0;0;0;0;0;0;0;0;0;0;0;0;0;0;0
23/12/2022;00:15:17;1;Sem vítima;292,000;BR-101/SC;Decrescente;Acidentes de outra natureza;0;0;0;0;0;0;0;0;0;0;0;0;0;0;0
23/12/2022;02:36:46;8;Sem vítima;388,000;BR-101/SC;Crescente;Acidentes de outra natureza;0;0;0;0;0;0;0;0;0;0;0;0;0;0;0
23/12/2022;03:43:03;13;Sem vítima;435,000;BR-101/SC;Crescente;Acidentes de outra natureza;1;0;0;0;0;0;0;0;0;0;0;0;0;0;0
23/12/2022;04:31:29;14;Sem vítima;335,000;BR-101/SC;Crescente;Choque;1;0;0;0;0;0;0;0;0;0;0;0;0;0;0
23/12/2022;11:51:30;86;Sem vítima;420,000;BR-101/SC;Crescente;Acidentes de outra natureza;0;0;0;1;0;0;0;0;0;0;0;0;0;0;0
23/12/2022;15:02:12;113;Sem vítima;333,600;BR-101/SC;Decrescente;Acidentes de outra natureza;2;0;0;0;0;0;0;0;0;0;0;0;0;0;0
24/12/2022;00:09:33;1;Sem vítima;328,000;BR-101/SC;Decrescente;Acidentes de outra natureza;1;0;0;0;0;0;0;0;0;0;0;0;0;0;0
24/12/2022;05:47:42;19;Sem vítima;389,000;BR-101/SC;Decrescente;Acidentes de outra natureza;1;0;0;0;0;0;0;0;0;0;0;0;0;0;0
24/12/2022;08:27:51;37;Sem vítima;417,500;BR-101/SC;Decrescente;Acidentes de outra natureza;1;0;0;0;0;0;0;0;0;0;0;0;0;0;0
25/12/2022;14:52:15;54;Sem vítima;255,000;BR-101/SC;Crescente;Acidentes de outra natureza;1;0;0;0;0;0;0;0;0;0;0;0;0;0;0
25/12/2022;23:20:58;104;Sem vítima;404,000;BR-101/SC;Decrescente;Acidentes de outra natureza;1;0;0;0;0;0;0;0;0;0;0;0;0;0;0
26/12/2022;00:09:06;1;Sem vítima;419,000;BR-101/SC;Decrescente;Acidentes de outra natureza;1;0;0;0;0;0;0;0;0;0;0;0;0;0;0
26/12/2022;04:38:43;12;Sem vítima;456,000;BR-101/SC;Crescente;Acidentes de outra natureza;0;0;1;0;0;0;0;0;0;0;0;0;0;0;0
26/12/2022;05:11:41;14;Sem vítima;246,000;BR-101/SC;Decrescente;Acidentes de outra natureza;1;0;0;0;0;0;0;0;0;0;0;0;0;0;0
26/12/2022;08:34:43;41;Sem vítima;438,000;BR-101/SC;Decrescente;Acidentes de outra natureza;0;0;0;1;0;0;0;0;0;0;0;0;0;0;0
26/12/2022;16:11:12;102;Sem vítima;322,000;BR-101/SC;Decrescente;Queda de moto;0;0;0;1;0;0;0;0;0;0;0;0;0;0;0
27/12/2022;02:07:39;4;Sem vítima;276,000;BR-101/SC;Crescente;Acidentes de outra natureza;0;0;0;0;0;0;0;0;0;0;0;0;0;0;0
27/12/2022;03:23:45;5;Sem vítima;344,000;BR-101/SC;Decrescente;Acidentes de outra natureza;0;0;0;0;0;0;0;0;0;0;0;0;0;0;0
27/12/2022;13:01:14;77;Sem vítima;333,000;BR-101/SC;Crescente;Acidentes de outra natureza;0;0;0;1;0;0;0;0;0;0;0;0;0;0;0
27/12/2022;15:17:06;87;Sem vítima;382,000;BR-101/SC;Crescente;Acidentes de outra natureza;0;0;0;1;0;0;0;0;0;0;0;0;0;0;0
27/12/2022;16:40:24;97;Sem vítima;277,000;BR-101/SC;Crescente;Colisão frontal;1;0;0;0;0;0;0;0;0;0;0;0;0;0;0
27/12/2022;21:49:05;133;Sem vítima;246,000;BR-101/SC;Decrescente;Acidentes de outra natureza;1;0;0;0;0;0;0;0;0;0;0;0;0;0;0
28/12/2022;05:47:11;11;Sem vítima;298,000;BR-101/SC;Crescente;Acidentes de outra natureza;0;0;1;0;0;0;0;0;0;0;0;0;0;0;0
28/12/2022;08:13:27;29;Sem vítima;421,000;BR-101/SC;Decrescente;Acidentes de outra natureza;1;0;0;0;0;0;0;0;0;0;0;0;0;0;0
28/12/2022;08:23:51;31;Sem vítima;252,000;BR-101/SC;Decrescente;Acidentes de outra natureza;1;0;0;0;0;0;0;0;0;0;0;0;0;0;0
28/12/2022;09:36:50;50;Sem vítima;264,000;BR-101/SC;Decrescente;Acidentes de outra natureza;1;0;0;0;0;0;0;0;0;0;0;0;0;0;0
29/12/2022;06:57:55;22;Sem vítima;431,000;BR-101/SC;Crescente;Colisão traseira;0;0;0;0;1;0;0;0;0;0;0;0;0;0;0
29/12/2022;07:38:02;37;Sem vítima;321,000;BR-101/SC;Crescente;Queda de moto;0;0;0;0;0;0;0;0;0;0;0;0;0;0;0
29/12/2022;12:53:17;80;Sem vítima;332,000;BR-101/SC;Crescente;Acidentes de outra natureza;0;0;1;0;0;0;0;0;0;0;0;0;0;0;0
29/12/2022;22:16:08;146;Sem vítima;280,000;BR-101/SC;Decrescente;Acidentes de outra natureza;1;0;0;0;0;0;0;0;0;0;0;0;0;0;0
29/12/2022;23:45:33;154;Sem vítima;396,000;BR-101/SC;Crescente;Acidentes de outra natureza;1;0;0;0;0;0;0;0;0;0;0;0;0;0;0
30/12/2022;08:47:05;25;Sem vítima;406,000;BR-101/SC;Decrescente;Acidentes de outra natureza;0;0;0;1;0;0;0;0;0;0;0;0;0;0;0
30/12/2022;10:22:30;36;Sem vítima;298,000;BR-101/SC;Crescente;Acidentes de outra natureza;1;0;0;0;0;0;0;0;0;0;0;0;0;0;0
30/12/2022;21:51:11;123;Sem vítima;399,000;BR-101/SC;Decrescente;Acidentes de outra natureza;1;0;0;0;0;0;0;0;0;0;0;0;0;0;0
31/12/2022;02:25:29;12;Sem vítima;392,000;BR-101/SC;Crescente;Acidentes de outra natureza;0;0;0;0;0;0;0;0;0;0;0;0;0;0;0
31/12/2022;04:10:02;18;Sem vítima;308,000;BR-101/SC;Crescente;Acidentes de outra natureza;0;0;0;0;0;0;0;0;0;0;0;0;0;0;0
31/12/2022;10:51:25;38;Sem vítima;311,000;BR-101/SC;Decrescente;Acidentes de outra natureza;0;0;0;1;0;0;0;0;0;0;0;0;0;0;0
31/12/2022;14:04:06;55;Sem vítima;269,000;BR-101/SC;Decrescente;Capotamento;1;0;0;0;0;0;0;0;0;0;0;0;0;0;0
31/12/2022;18:03:38;83;Sem vítima;372,000;BR-101/SC;Decrescente;Acidentes de outra natureza;1;0;0;0;0;0;0;0;0;0;0;0;0;0;0
31/12/2022;18:09:14;85;Sem vítima;440,000;BR-101/SC;Decrescente;Acidentes de outra natureza;1;0;0;0;0;0;0;0;0;0;0;0;0;0;0
31/12/2022;20:26:26;94;Sem vítima;463,000;BR-101/SC;Decrescente;Acidentes de outra natureza;1;0;0;0;0;0;0;0;0;0;0;0;0;0;0
31/12/2022;21:09:38;98;Sem vítima;381,000;BR-101/SC;Decrescente;Acidentes de outra natureza;1;0;0;0;0;0;0;0;0;0;0;0;0;0;0
31/12/2022;23:02:44;108;Sem vítima;463,000;BR-101/SC;Decrescente;Acidentes de outra natureza;1;0;0;0;0;0;0;0;0;0;0;0;0;0;0
01/01/2023;04:14:59;19;Sem vítima;349,000;BR-101/SC;Decrescente;Acidentes de outra natureza;0;0;0;0;0;0;0;0;0;0;0;0;0;0;0
01/01/2023;06:38:00;29;Sem vítima;354,000;BR-101/SC;Decrescente;Acidentes de outra natureza;1;0;0;0;0;0;0;0;0;0;0;0;0;0;0
01/01/2023;07:12:59;31;Sem vítima;253,000;BR-101/SC;Crescente;Acidentes de outra natureza;1;0;0;0;0;0;0;0;0;0;0;0;0;0;0
01/01/2023;12:55:36;61;Sem vítima;273,000;BR-101/SC;Decrescente;Acidentes de outra natureza;0;0;0;1;0;0;0;0;0;0;0;0;0;0;0
01/01/2023;15:08:24;76;Sem vítima;311,000;BR-101/SC;Decrescente;Acidentes de outra natureza;0;0;0;1;0;0;0;0;0;0;0;0;0;0;0
01/01/2023;23:36:51;158;Sem vítima;344,000;BR-101/SC;Crescente;Acidentes de outra natureza;0;0;0;0;0;0;0;0;0;0;0;0;0;0;0
02/01/2023;14:38:59;90;Sem vítima;357,000;BR-101/SC;Crescente;Acidentes de outra natureza;0;0;0;0;0;0;0;0;0;0;0;0;0;0;0
02/01/2023;16:18:52;105;Sem vítima;300,000;BR-101/SC;Decrescente;Colisão traseira;0;0;0;0;0;0;0;0;0;0;1;0;0;0;0
02/01/2023;17:34:36;118;Sem vítima;253,000;BR-101/SC;Decrescente;Engavetamento;0;0;0;0;0;0;0;0;0;0;2;0;0;0;0
02/01/2023;17:50:26;121;Sem vítima;335,000;BR-101/SC;Crescente;Engavetamento;0;0;0;0;0;0;0;0;0;0;1;0;0;0;0
02/01/2023;23:25:07;171;Sem vítima;291,000;BR-101/SC;Crescente;Acidentes de outra natureza;0;0;0;1;0;0;0;0;0;0;0;0;0;0;0
03/01/2023;06:14:41;13;Sem vítima;262,000;BR-101/SC;Crescente;Acidentes de outra natureza;1;0;0;0;0;0;0;0;0;0;0;0;0;0;0
03/01/2023;11:34:48;83;Sem vítima;277,000;BR-101/SC;Decrescente;Engavetamento;1;0;0;0;0;0;0;0;0;0;1;0;0;0;0
03/01/2023;11:40:09;84;Sem vítima;350,300;BR-101/SC;Decrescente;Acidentes de outra natureza;0;0;0;1;0;0;0;0;0;0;0;0;0;0;0
03/01/2023;19:17:31;145;Sem vítima;272,000;BR-101/SC;Crescente;Acidentes de outra natureza;0;1;0;0;0;0;0;0;0;0;0;0;0;0;0
03/01/2023;20:55:52;157;Sem vítima;436,000;BR-101/SC;Crescente;Acidentes de outra natureza;0;0;0;1;0;0;0;0;0;0;0;0;0;0;0
03/01/2023;23:00:28;167;Sem vítima;307,290;BR-101/SC;Decrescente;Acidentes de outra natureza;0;0;1;0;0;0;0;0;0;0;0;0;0;0;0
03/01/2023;23:33:07;170;Sem vítima;372,000;BR-101/SC;Decrescente;Acidentes de outra natureza;1;0;0;0;0;0;0;0;0;0;0;0;0;0;0
04/01/2023;13:33:28;70;Sem vítima;261,000;BR-101/SC;Decrescente;Acidentes de outra natureza;0;0;1;0;0;0;0;0;0;0;0;0;0;0;0
04/01/2023;14:06:31;74;Sem vítima;374,000;BR-101/SC;Decrescente;Acidentes de outra natureza;0;0;0;0;0;0;0;0;0;0;0;0;0;0;0
04/01/2023;14:59:39;79;Sem vítima;308,000;BR-101/SC;Decrescente;Colisão traseira;0;0;0;0;0;0;0;0;0;0;1;0;0;0;0
04/01/2023;16:10:40;93;Com vítima;266,000;BR-101/SC;Decrescente;Colisão traseira;0;0;0;0;0;0;0;0;0;0;0;1;0;0;0
04/01/2023;18:22:40;104;Sem vítima;329,000;BR-101/SC;Decrescente;Acidentes de outra natureza;0;0;0;0;0;0;0;0;0;0;0;0;0;0;0
05/01/2023;06:35:08;29;Sem vítima;289,000;BR-101/SC;Crescente;Acidentes de outra natureza;0;0;0;1;0;0;0;0;0;0;0;0;0;0;0
05/01/2023;10:53:06;76;Sem vítima;344,000;BR-101/SC;Decrescente;Colisão traseira;0;0;0;0;0;0;0;0;0;0;1;0;0;0;0
05/01/2023;10:56:27;78;Com vítima;354,000;BR-101/SC;Crescente;Choque;0;0;0;0;0;0;0;0;0;0;0;1;0;0;0
05/01/2023;11:03:52;80;Sem vítima;306,000;BR-101/SC;Decrescente;Acidentes de outra natureza;0;0;0;0;0;0;0;0;0;0;0;0;0;0;0
05/01/2023;12:08:55;93;Sem vítima;274,000;BR-101/SC;Decrescente;Acidentes de outra natureza;1;0;0;0;0;0;0;0;0;0;0;0;0;0;0
05/01/2023;18:03:35;123;Sem vítima;344,000;BR-101/SC;Crescente;Colisão traseira;0;0;0;0;0;0;0;0;0;0;1;0;0;0;0
05/01/2023;18:18:53;124;Sem vítima;338,000;BR-101/SC;Decrescente;Colisão traseira;0;0;0;0;0;0;0;0;0;0;2;0;0;0;0
05/01/2023;18:33:43;125;Sem vítima;266,000;BR-101/SC;Crescente;Acidentes de outra natureza;0;0;0;0;0;0;0;0;0;0;0;0;0;0;0
05/01/2023;18:57:10;129;Sem vítima;338,000;BR-101/SC;Decrescente;Acidentes de outra natureza;1;0;0;0;0;0;0;0;0;0;0;0;0;0;0
05/01/2023;22:03:47;147;Sem vítima;334,000;BR-101/SC;Decrescente;Acidentes de outra natureza;0;0;0;1;0;0;0;0;0;0;0;0;0;0;0
06/01/2023;05:39:39;15;Sem vítima;397,000;BR-101/SC;Crescente;Acidentes de outra natureza;0;0;0;0;1;0;0;0;0;0;0;0;0;0;0
06/01/2023;14:44:38;91;Sem vítima;256,270;BR-101/SC;Decrescente;Acidentes de outra natureza;1;0;0;0;0;0;0;0;0;0;0;0;0;0;0
06/01/2023;18:17:55;108;Sem vítima;334,000;BR-101/SC;Crescente;Acidentes de outra natureza;1;0;0;0;0;0;0;0;0;0;0;0;0;0;0
06/01/2023;18:58:49;110;Sem vítima;385,000;BR-101/SC;Crescente;Acidentes de outra natureza;0;0;0;0;0;0;0;0;0;0;0;0;0;0;0
07/01/2023;06:00:12;12;Sem vítima;344,000;BR-101/SC;Decrescente;Acidentes de outra natureza;0;0;0;0;0;0;0;0;0;0;0;0;0;0;0
07/01/2023;06:06:16;13;Sem vítima;360,000;BR-101/SC;Crescente;Acidentes de outra natureza;1;0;0;0;0;0;0;0;0;0;0;0;0;0;0
07/01/2023;15:28:40;63;Sem vítima;272,000;BR-101/SC;Decrescente;Acidentes de outra natureza;0;0;0;0;0;0;0;0;0;0;0;0;0;0;0
07/01/2023;20:15:57;85;Sem vítima;360,000;BR-101/SC;Decrescente;Acidentes de outra natureza;1;0;0;0;0;0;0;0;0;0;0;0;0;0;0
07/01/2023;21:51:34;91;Sem vítima;446,000;BR-101/SC;Crescente;Acidentes de outra natureza;1;0;0;0;0;0;0;0;0;0;0;0;0;0;0
08/01/2023;05:21:52;10;Sem vítima;274,000;BR-101/SC;Crescente;Acidentes de outra natureza;1;0;0;0;0;0;0;0;0;0;0;0;0;0;0
08/01/2023;11:29:55;34;Sem vítima;336,000;BR-101/SC;Decrescente;Acidentes de outra natureza;1;0;0;0;0;0;0;0;0;0;0;0;0;0;0
08/01/2023;17:10:09;68;Sem vítima;324,000;BR-101/SC;Crescente;Acidentes de outra natureza;1;0;0;0;0;0;0;0;0;0;0;0;0;0;0
08/01/2023;19:36:55;82;Sem vítima;313,000;BR-101/SC;Decrescente;Acidentes de outra natureza;1;0;0;0;0;0;0;0;0;0;0;0;0;0;0
08/01/2023;19:39:34;84;Sem vítima;265,000;BR-101/SC;Crescente;Acidentes de outra natureza;1;0;0;0;0;0;0;0;0;0;0;0;0;0;0
09/01/2023;02:03:54;5;Sem vítima;285,000;BR-101/SC;Decrescente;Acidentes de outra natureza;1;0;0;0;0;0;0;0;0;0;0;0;0;0;0
09/01/2023;08:16:31;33;Com vítima;368,000;BR-101/SC;Crescente;Colisão frontal;0;0;0;0;0;0;0;0;0;0;0;1;0;0;0
09/01/2023;08:56:40;37;Sem vítima;367,000;BR-101/SC;Crescente;Choque;0;0;1;0;0;0;0;0;0;0;1;0;0;0;0
09/01/2023;09:35:22;45;Sem vítima;368,000;BR-101/SC;Crescente;Acidentes de outra natureza;1;0;0;0;0;0;0;0;0;0;0;0;0;0;0
09/01/2023;11:12:40;53;Sem vítima;326,000;BR-101/SC;Crescente;Acidentes de outra natureza;1;0;0;0;0;0;0;0;0;0;0;0;0;0;0
09/01/2023;11:40:48;55;Sem vítima;368,120;BR-101/SC;Crescente;Colisão traseira;0;0;0;0;0;0;0;0;0;0;1;0;0;0;0
09/01/2023;15:21:27;79;Sem vítima;323,000;BR-101/SC;Decrescente;Acidentes de outra natureza;0;0;0;0;0;0;0;0;0;0;0;0;0;0;0
09/01/2023;17:12:37;95;Com vítima;333,000;BR-101/SC;Crescente;Colisão lateral no mesmo sentido;0;0;0;0;0;0;0;0;0;0;1;0;0;0;0
09/01/2023;18:18:26;98;Sem vítima;382,000;BR-101/SC;Crescente;Acidentes de outra natureza;0;0;1;0;0;0;0;0;0;0;0;0;0;0;0
09/01/2023;18:56:44;102;Com vítima;276,000;BR-101/SC;Crescente;Colisão lateral no mesmo sentido;0;0;0;0;0;0;0;0;0;0;1;0;0;0;0
09/01/2023;19:59:22;110;Sem vítima;407,000;BR-101/SC;Crescente;Acidentes de outra natureza;1;0;0;0;0;0;0;0;0;0;0;0;0;0;0
10/01/2023;01:08:39;2;Sem vítima;270,000;BR-101/SC;Decrescente;Acidentes de outra natureza;0;0;0;0;0;0;0;0;0;0;0;0;0;0;0
10/01/2023;03:49:23;10;Sem vítima;347,000;BR-101/SC;Decrescente;Acidentes de outra natureza;0;0;1;0;0;0;0;0;0;0;0;0;0;0;0
10/01/2023;06:16:18;15;Sem vítima;357,000;BR-101/SC;Decrescente;Acidentes de outra natureza;1;0;0;0;0;0;0;0;0;0;0;0;0;0;0
10/01/2023;08:21:38;41;Sem vítima;299,370;BR-101/SC;Decrescente;Acidentes de outra natureza;0;0;1;0;0;0;0;0;0;0;0;0;0;0;0
10/01/2023;13:02:08;80;Sem vítima;296,000;BR-101/SC;Decrescente;Acidentes de outra natureza;0;0;0;1;0;0;0;0;0;0;0;0;0;0;0
10/01/2023;14:33:22;91;Sem vítima;263,000;BR-101/SC;Crescente;Colisão lateral no mesmo sentido;0;0;0;0;0;0;0;0;0;0;0;0;0;0;0
10/01/2023;16:17:57;99;Sem vítima;341,000;BR-101/SC;Crescente;Acidentes de outra natureza;0;0;0;0;0;0;0;0;0;0;0;0;0;0;0
10/01/2023;19:11:47;112;Sem vítima;393,000;BR-101/SC;Crescente;Colisão traseira;1;0;1;0;0;0;0;0;0;0;4;0;0;0;0
10/01/2023;23:13:52;134;Com vítima;350,000;BR-101/SC;Crescente;Queda de moto;0;0;1;2;0;0;0;0;0;0;2;0;0;0;1
11/01/2023;01:15:54;3;Sem vítima;344,000;BR-101/SC;Crescente;Acidentes de outra natureza;1;0;0;0;0;0;0;0;0;0;3;0;0;0;0
11/01/2023;06:42:07;18;Sem vítima;379,000;BR-101/SC;Crescente;Colisão lateral no mesmo sentido;1;0;1;0;0;0;0;0;0;0;2;0;0;0;0
11/01/2023;07:29:34;32;Sem vítima;336,000;BR-101/SC;Decrescente;Choque;1;0;0;0;0;0;0;0;0;0;4;0;0;0;0
11/01/2023;11:23:54;73;Sem vítima;348,000;BR-101/SC;Decrescente;Colisão traseira;2;0;0;0;0;0;0;0;0;0;3;0;0;0;0
11/01/2023;16:19:33;102;Sem vítima;245,000;BR-101/SC;Decrescente;Acidentes de outra natureza;1;0;0;0;0;0;0;0;0;0;1;0;0;0;0
11/01/2023;18:15:54;109;Com vítima;316,000;BR-101/SC;Decrescente;Tombamento;0;0;1;0;0;0;0;0;0;0;0;0;1;0;0
11/01/2023;23:49:30;135;Sem vítima;424,000;BR-101/SC;Decrescente;Acidentes de outra natureza;1;0;0;0;0;0;0;0;0;0;2;0;0;0;0
12/01/2023;03:24:53;7;Sem vítima;345,000;BR-101/SC;Decrescente;Choque;0;0;1;0;0;0;0;0;0;0;0;0;0;0;0
12/01/2023;15:03:27;111;Sem vítima;439,000;BR-101/SC;Decrescente;Acidentes de outra natureza;2;0;0;0;0;0;0;0;0;0;1;0;0;0;0