data;horario;n_da_ocorrencia;tipo_de_ocorrencia;km;trecho;sentido;tipo_de_acidente;automovel;bicicleta;caminhao;moto;onibus;outros;tracao_animal;transporte_de_cargas_especiais;trator_maquinas;utilitarios;ilesos;levemente_feridos;moderadamente_feridos;gravemente_feridos;mortos
12/01/2023;16:56:08;122;Sem vítima;372,000;BR-101/SC;Crescente;Choque;0;0;1;0;0;0;0;0;0;0;0;0;0;0;0
12/01/2023;19:57:36;137;Sem vítima;310,000;BR-101/SC;Decrescente;Colisão traseira;1;0;1;0;0;0;0;0;0;0;1;0;0;0;0
13/01/2023;17:51:55;168;Sem vítima;353,000;BR-101/SC;Decrescente;Acidentes de outra natureza;1;0;0;0;0;0;0;0;0;0;0;0;0;0;0
13/01/2023;19:33:16;197;Sem vítima;310,000;BR-101/SC;Decrescente;Acidentes de outra natureza;0;0;1;0;0;0;0;0;0;0;0;0;0;0;0
14/01/2023;04:51:02;12;Sem vítima;370,000;BR-101/SC;Crescente;Acidentes de outra natureza;1;0;0;0;0;0;0;0;0;0;0;0;0;0;0
14/01/2023;14:39:11;71;Sem vítima;306,000;BR-101/SC;Crescente;Acidentes de outra natureza;1;0;0;0;0;0;0;0;0;0;0;0;0;0;0
14/01/2023;16:11:00;82;Sem vítima;443,000;BR-101/SC;Decrescente;Acidentes de outra natureza;0;0;0;0;0;0;0;0;0;0;0;0;0;0;0
14/01/2023;18:17:15;94;Sem vítima;369,000;BR-101/SC;Crescente;Acidentes de outra natureza;1;0;0;0;0;0;0;0;0;0;0;0;0;0;0
14/01/2023;19:25:05;102;Com vítima;350,000;BR-101/SC;Crescente;Capotamento;0;0;0;0;0;0;0;0;0;0;0;1;0;0;0
14/01/2023;20:05:29;106;Sem vítima;351,000;BR-101/SC;Crescente;Acidentes de outra natureza;1;0;0;0;0;0;0;0;0;0;0;0;0;0;0
14/01/2023;20:54:21;111;Sem vítima;450,000;BR-101/SC;Decrescente;Acidentes de outra natureza;1;0;0;0;0;0;0;0;0;0;1;0;0;0;0
14/01/2023;20:54:28;110;Sem vítima;417,000;BR-101/SC;Crescente;Acidentes de outra natureza;1;0;0;0;0;0;0;0;0;0;0;0;0;0;0
14/01/2023;23:51:37;116;Sem vítima;358,000;BR-101/SC;Crescente;Acidentes de outra natureza;1;0;0;0;0;0;0;0;0;0;0;0;0;0;0
15/01/2023;01:12:30;4;Sem vítima;323,000;BR-101/SC;Decrescente;Acidentes de outra natureza;1;0;0;0;0;0;0;0;0;0;0;0;0;0;0
15/01/2023;09:06:22;23;Sem vítima;357,000;BR-101/SC;Crescente;Acidentes de outra natureza;0;0;1;0;0;0;0;0;0;0;0;0;0;0;0
15/01/2023;09:46:10;24;Sem vítima;298,000;BR-101/SC;Decrescente;Acidentes de outra natureza;0;0;0;0;0;0;0;0;0;0;0;0;0;0;0
15/01/2023;12:11:03;31;Sem vítima;335,000;BR-101/SC;Crescente;Acidentes de outra natureza;1;0;0;0;0;0;0;0;0;0;0;0;0;0;0
15/01/2023;12:47:29;35;Sem vítima;333,000;BR-101/SC;Decrescente;Acidentes de outra natureza;1;0;0;0;0;0;0;0;0;0;0;0;0;0;0
15/01/2023;16:01:28;51;Sem vítima;340,000;BR-101/SC;Decrescente;Acidentes de outra natureza;0;0;0;0;0;0;0;0;0;0;0;0;0;0;0
15/01/2023;16:29:16;56;Sem vítima;363,000;BR-101/SC;Decrescente;Acidentes de outra natureza;0;0;0;1;0;0;0;0;0;0;0;0;0;0;0
15/01/2023;18:09:45;60;Sem vítima;354,000;BR-101/SC;Crescente;Acidentes de outra natureza;1;0;0;0;0;0;0;0;0;0;0;0;0;0;0
15/01/2023;19:59:31;70;Sem vítima;347,000;BR-101/SC;Decrescente;Acidentes de outra natureza;1;0;0;0;0;0;0;0;0;0;0;0;0;0;0
16/01/2023;08:29:35;32;Sem vítima;321,000;BR-101/SC;Decrescente;Acidentes de outra natureza;0;0;0;0;0;0;0;0;0;0;0;0;0;0;0
16/01/2023;08:36:30;35;Sem vítima;273,000;BR-101/SC;Decrescente;Acidentes de outra natureza;1;0;0;0;0;0;0;0;0;0;0;0;0;0;0
16/01/2023;08:51:48;39;Sem vítima;326,490;BR-101/SC;Decrescente;Acidentes de outra natureza;0;0;1;0;0;0;0;0;0;0;0;0;0;0;0
16/01/2023;17:18:32;111;Sem vítima;429,000;BR-101/SC;Decrescente;Colisão traseira;0;0;0;0;0;0;0;0;0;0;2;0;0;0;0
16/01/2023;18:05:04;115;Sem vítima;345,000;BR-101/SC;Decrescente;Acidentes de outra natureza;0;0;0;0;0;0;0;0;0;0;0;0;0;0;0
16/01/2023;18:39:50;120;Sem vítima;274,000;BR-101/SC;Decrescente;Acidentes de outra natureza;0;0;1;0;0;0;0;0;0;0;0;0;0;0;0
17/01/2023;08:40:24;44;Com vítima;329,000;BR-101/SC;Decrescente;Queda de moto;0;0;0;0;0;0;0;0;0;0;0;1;0;0;0
17/01/2023;11:00:57;69;Sem vítima;458,360;BR-101/SC;Decrescente;Acidentes de outra natureza;1;0;0;0;0;0;0;0;0;0;0;0;0;0;0
17/01/2023;15:24:37;101;Sem vítima;281,000;BR-101/SC;Crescente;Acidentes de outra natureza;0;0;0;0;0;0;0;0;0;0;0;0;0;0;0
18/01/2023;02:20:46;7;Sem vítima;286,000;BR-101/SC;Crescente;Acidentes de outra natureza;1;0;0;0;0;0;0;0;0;0;0;0;0;0;0
18/01/2023;06:53:44;15;Sem vítima;327,000;BR-101/SC;Crescente;Acidentes de outra natureza;1;0;0;0;0;0;0;0;0;0;0;0;0;0;0
18/01/2023;09:25:19;45;Sem vítima;339,000;BR-101/SC;Decrescente;Acidentes de outra natureza;1;0;0;0;0;0;0;0;0;0;0;0;0;0;0
18/01/2023;15:18:16;83;Sem vítima;270,000;BR-101/SC;Crescente;Acidentes de outra natureza;1;0;0;0;0;0;0;0;0;0;0;0;0;0;0
18/01/2023;15:23:21;84;Sem vítima;400,000;BR-101/SC;Decrescente;Acidentes de outra natureza;0;0;0;0;0;0;0;0;0;0;0;0;0;0;0
18/01/2023;15:44:06;86;Sem vítima;308,000;BR-101/SC;Crescente;Acidentes de outra natureza;0;0;1;0;0;0;0;0;0;0;0;0;0;0;0
18/01/2023;19:57:14;111;Sem vítima;452,000;BR-101/SC;Crescente;Acidentes de outra natureza;1;0;0;0;0;0;0;0;0;0;0;0;0;0;0
18/01/2023;19:59:13;112;Sem vítima;337,000;BR-101/SC;Decrescente;Acidentes de outra natureza;0;0;0;0;0;0;0;0;0;0;0;0;0;0;0
18/01/2023;23:21:32;127;Sem vítima;353,000;BR-101/SC;Decrescente;Acidentes de outra natureza;0;0;1;0;0;0;0;0;0;0;0;0;0;0;0
19/01/2023;11:10:37;62;Sem vítima;363,000;BR-101/SC;Crescente;Acidentes de outra natureza;1;0;0;0;0;0;0;0;0;0;0;0;0;0;0
19/01/2023;11:32:02;65;Sem vítima;363,000;BR-101/SC;Crescente;Acidentes de outra natureza;1;0;0;0;0;0;0;0;0;0;0;0;0;0;0
19/01/2023;22:35:24;113;Sem vítima;344,000;BR-101/SC;Crescente;Acidentes de outra natureza;0;0;0;0;0;0;0;0;0;0;0;0;0;0;0
20/01/2023;07:14:09;21;Sem vítima;464,000;BR-101/SC;Decrescente;Acidentes de outra natureza;0;0;0;0;0;0;0;0;0;0;0;0;0;0;0
20/01/2023;07:52:53;36;Sem vítima;326,000;BR-101/SC;Decrescente;Acidentes de outra natureza;1;0;0;0;0;0;0;0;0;0;0;0;0;0;0
20/01/2023;08:24:39;43;Sem vítima;336,000;BR-101/SC;Crescente;Acidentes de outra natureza;1;0;0;0;0;0;0;0;0;0;0;0;0;0;0
20/01/2023;10:21:21;64;Sem vítima;312,000;BR-101/SC;Crescente;Acidentes de outra natureza;1;0;0;0;0;0;0;0;0;0;0;0;0;0;0
20/01/2023;10:30:12;108;Sem vítima;312,000;BR-101/SC;Crescente;Acidentes de outra natureza;0;0;1;0;0;0;0;0;0;0;0;0;0;0;0
20/01/2023;22:16:28;136;Sem vítima;252,000;BR-101/SC;Crescente;Acidentes de outra natureza;1;0;0;0;0;0;0;0;0;0;0;0;0;0;0
21/01/2023;02:33:24;7;Sem vítima;374,000;BR-101/SC;Decrescente;Acidentes de outra natureza;1;0;0;0;0;0;0;0;0;0;0;0;0;0;0
21/01/2023;10:20:05;58;Sem vítima;446,000;BR-101/SC;Crescente;Acidentes de outra natureza;0;0;0;0;0;0;0;0;0;0;0;0;0;0;0
21/01/2023;10:28:40;59;Sem vítima;288,000;BR-101/SC;Crescente;Acidentes de outra natureza;0;0;0;0;0;0;0;0;0;0;0;0;0;0;0
21/01/2023;16:05:54;95;Com vítima;285,000;BR-101/SC;Crescente;Acidentes de outra natureza;0;0;0;0;0;0;0;0;0;0;0;0;1;0;0
21/01/2023;17:50:37;110;Sem vítima;363,000;BR-101/SC;Decrescente;Acidentes de outra natureza;0;0;1;0;0;0;0;0;0;0;0;0;0;0;0
21/01/2023;18:35:28;112;Sem vítima;273,000;BR-101/SC;Decrescente;Acidentes de outra natureza;0;0;0;0;0;0;0;0;0;0;0;0;0;0;0
21/01/2023;21:30:39;129;Sem vítima;357,000;BR-101/SC;Crescente;Acidentes de outra natureza;1;0;0;0;0;0;0;0;0;0;0;0;0;0;0
22/01/2023;00:22:00;1;Sem vítima;342,000;BR-101/SC;Crescente;Acidentes de outra natureza;1;0;0;0;0;0;0;0;0;0;0;0;0;0;0
22/01/2023;03:30:47;14;Sem vítima;385,000;BR-101/SC;Decrescente;Acidentes de outra natureza;1;0;0;0;0;0;0;0;0;0;0;0;0;0;0
22/01/2023;04:07:51;16;Sem vítima;379,000;BR-101/SC;Crescente;Acidentes de outra natureza;1;0;0;0;0;0;0;0;0;0;0;0;0;0;0
22/01/2023;05:11:35;18;Sem vítima;253,000;BR-101/SC;Crescente;Acidentes de outra natureza;0;0;0;0;0;0;0;0;0;0;0;0;0;0;0
22/01/2023;17:11:56;78;Sem vítima;376,000;BR-101/SC;Decrescente;Acidentes de outra natureza;0;0;0;1;0;0;0;0;0;0;0;0;0;0;0
22/01/2023;19:46:24;102;Sem vítima;381,000;BR-101/SC;Decrescente;Acidentes de outra natureza;1;0;0;0;0;0;0;0;0;0;0;0;0;0;0
23/01/2023;10:41:28;55;Sem vítima;344,000;BR-101/SC;Crescente;Acidentes de outra natureza;0;0;0;0;0;0;0;0;0;0;0;0;0;0;0
23/01/2023;11:01:19;58;Sem vítima;258,000;BR-101/SC;Crescente;Acidentes de outra natureza;1;0;0;0;0;0;0;0;0;0;0;0;0;0;0
23/01/2023;15:25:44;92;Sem vítima;379,000;BR-101/SC;Crescente;Acidentes de outra natureza;1;0;0;0;0;0;0;0;0;0;0;0;0;0;0
23/01/2023;17:26:04;107;Sem vítima;268,000;BR-101/SC;Crescente;Acidentes de outra natureza;1;0;0;0;0;0;0;0;0;0;0;0;0;0;0
23/01/2023;21:44:53;122;Sem vítima;328,000;BR-101/SC;Decrescente;Acidentes de outra natureza;1;0;0;0;0;0;0;0;0;0;0;0;0;0;0
23/01/2023;23:00:42;128;Sem vítima;277,000;BR-101/SC;Crescente;Acidentes de outra natureza;0;0;0;0;0;0;0;0;0;0;0;0;0;0;0
24/01/2023;07:56:30;33;Sem vítima;405,000;BR-101/SC;Crescente;Colisão lateral no mesmo sentido;0;0;0;0;0;0;0;0;0;0;1;0;0;0;0
24/01/2023;09:28:55;54;Sem vítima;414,000;BR-101/SC;Decrescente;Acidentes de outra natureza;0;0;0;0;0;0;0;0;0;0;0;0;0;0;0
24/01/2023;10:12:17;61;Sem vítima;407,000;BR-101/SC;Decrescente;Acidentes de outra natureza;1;0;0;0;0;0;0;0;0;0;0;0;0;0;0
24/01/2023;11:01:42;70;Sem vítima;297,000;BR-101/SC;Crescente;Acidentes de outra natureza;1;0;0;0;0;0;0;0;0;0;0;0;0;0;0
24/01/2023;17:42:26;113;Sem vítima;363,000;BR-101/SC;Crescente;Acidentes de outra natureza;0;0;0;0;0;0;0;0;0;0;0;0;0;0;0
24/01/2023;17:54:35;114;Sem vítima;404,000;BR-101/SC;Decrescente;Choque;0;0;0;0;0;0;0;0;0;0;2;0;0;0;0
24/01/2023;18:11:56;117;Sem vítima;368,000;BR-101/SC;Crescente;Acidentes de outra natureza;0;0;0;0;0;0;0;0;0;0;0;0;0;0;0
25/01/2023;06:46:58;21;Sem vítima;436,000;BR-101/SC;Decrescente;Acidentes de outra natureza;0;0;0;1;0;0;0;0;0;0;0;0;0;0;0
25/01/2023;07:10:04;26;Sem vítima;269,000;BR-101/SC;Crescente;Acidentes de outra natureza;0;0;1;0;0;0;0;0;0;0;0;0;0;0;0
25/01/2023;10:39:21;75;Sem vítima;406,210;BR-101/SC;Decrescente;Colisão traseira;0;0;0;0;0;0;0;0;0;0;1;0;0;0;0
25/01/2023;10:54:21;77;Sem vítima;382,000;BR-101/SC;Decrescente;Acidentes de outra natureza;0;0;0;0;0;0;0;0;0;0;0;0;0;0;0
25/01/2023;12:37:28;95;Sem vítima;287,000;BR-101/SC;Decrescente;Engavetamento;1;0;0;0;0;0;0;0;0;0;1;0;0;0;0
25/01/2023;12:43:29;96;Sem vítima;352,000;BR-101/SC;Crescente;Acidentes de outra natureza;1;0;0;0;0;0;0;0;0;0;0;0;0;0;0
25/01/2023;14:08:59;106;Sem vítima;405,000;BR-101/SC;Decrescente;Acidentes de outra natureza;1;0;0;0;0;0;0;0;0;0;0;0;0;0;0
25/01/2023;18:37:21;136;Sem vítima;329,000;BR-101/SC;Decrescente;Acidentes de outra natureza;0;0;0;1;0;0;0;0;0;0;0;0;0;0;0
26/01/2023;05:23:26;16;Sem vítima;406,000;BR-101/SC;Decrescente;Acidentes de outra natureza;1;0;0;0;0;0;0;0;0;0;0;0;0;0;0
26/01/2023;08:30:13;48;Sem vítima;334,000;BR-101/SC;Decrescente;Acidentes de outra natureza;0;0;0;0;0;0;0;0;0;0;0;0;0;0;0
26/01/2023;10:18:43;73;Sem vítima;396,000;BR-101/SC;Crescente;Acidentes de outra natureza;0;0;0;0;0;0;0;0;0;0;0;0;0;0;0
27/01/2023;08:19:03;37;Sem vítima;304,000;BR-101/SC;Crescente;Acidentes de outra natureza;1;0;0;0;0;0;0;0;0;0;0;0;0;0;0
27/01/2023;08:44:40;42;Sem vítima;404,000;BR-101/SC;Crescente;Acidentes de outra natureza;0;0;0;0;0;0;0;0;0;0;0;0;0;0;0
27/01/2023;14:40:57;87;Sem vítima;286,000;BR-101/SC;Crescente;Acidentes de outra natureza;1;0;0;0;0;0;0;0;0;0;0;0;0;0;0
27/01/2023;15:34:09;93;Sem vítima;298,000;BR-101/SC;Crescente;Acidentes de outra natureza;0;0;0;0;0;0;0;0;0;0;2;0;0;0;0
27/01/2023;17:29:47;107;Com vítima;278,000;BR-101/SC;Crescente;Colisão lateral no mesmo sentido;0;0;0;0;0;0;0;0;0;0;1;0;0;0;0
27/01/2023;17:44:19;109;Com vítima;263,000;BR-101/SC;Decrescente;Capotamento;1;0;0;0;0;0;0;0;0;0;0;0;0;1;0
27/01/2023;18:50:57;118;Sem vítima;336,000;BR-101/SC;Crescente;Acidentes de outra natureza;0;0;0;0;0;0;0;0;0;0;0;0;0;0;0
27/01/2023;22:04:30;142;Sem vítima;433,000;BR-101/SC;Crescente;Acidentes de outra natureza;0;0;0;1;0;0;0;0;0;0;0;0;0;0;0
28/01/2023;05:22:51;13;Sem vítima;273,000;BR-101/SC;Crescente;Acidentes de outra natureza;0;0;0;0;0;0;0;0;0;0;0;0;0;0;0
28/01/2023;18:17:33;100;Sem vítima;382,000;BR-101/SC;Crescente;Acidentes de outra natureza;0;0;0;0;0;0;0;0;0;0;0;0;0;0;0
29/01/2023;01:51:20;6;Sem vítima;344,000;BR-101/SC;Crescente;Acidentes de outra natureza;1;0;0;0;0;0;0;0;0;0;0;0;0;0;0
29/01/2023;15:02:58;56;Sem vítima;381,000;BR-101/SC;Crescente;Capotamento;0;0;0;0;0;0;0;0;0;0;1;0;0;0;0
29/01/2023;15:30:22;59;Sem vítima;323,000;BR-101/SC;Decrescente;Acidentes de outra natureza;1;0;0;0;0;0;0;0;0;0;0;0;0;0;0
29/01/2023;16:44:42;67;Sem vítima;334,000;BR-101/SC;Crescente;Colisão lateral no mesmo sentido;0;0;0;0;0;0;0;0;0;0;2;0;0;0;0
29/01/2023;16:50:04;68;Sem vítima;314,000;BR-101/SC;Crescente;Engavetamento;0;0;0;0;0;0;0;0;0;0;2;0;0;0;0
29/01/2023;18:12:35;72;Com vítima;317,000;BR-101/SC;Decrescente;Engavetamento;0;0;0;0;0;0;0;0;0;0;0;1;0;0;0
29/01/2023;18:30:43;76;Sem vítima;405,000;BR-101/SC;Decrescente;Acidentes de outra natureza;0;0;0;0;0;0;0;0;0;0;0;0;0;0;0
29/01/2023;21:43:33;92;Sem vítima;335,000;BR-101/SC;Crescente;Acidentes de outra natureza;1;0;0;0;0;0;0;0;0;0;0;0;0;0;0
30/01/2023;03:31:57;9;Sem vítima;371,000;BR-101/SC;Decrescente;Acidentes de outra natureza;0;0;0;0;0;0;0;0;0;0;0;0;0;0;0
30/01/2023;07:56:54;30;Sem vítima;329,110;BR-101/SC;Crescente;Colisão traseira;0;0;0;0;0;0;0;0;0;0;1;0;0;0;0
30/01/2023;08:05:42;32;Com vítima;329,580;BR-101/SC;Crescente;Engavetamento;1;0;0;0;0;0;0;0;0;0;0;1;0;0;0
30/01/2023;08:12:02;33;Sem vítima;331,000;BR-101/SC;Crescente;Colisão traseira;0;0;0;0;0;0;0;0;0;0;2;0;0;0;0
30/01/2023;10:12:21;63;Sem vítima;367,000;BR-101/SC;Crescente;Colisão lateral no mesmo sentido;0;0;0;0;0;0;0;0;0;0;1;0;0;0;0
30/01/2023;11:02:51;71;Sem vítima;353,000;BR-101/SC;Decrescente;Engavetamento;0;0;0;0;0;0;0;0;0;0;3;0;0;0;0
30/01/2023;13:30:38;84;Sem vítima;264,000;BR-101/SC;Decrescente;Choque;0;0;0;0;0;0;0;0;0;0;1;0;0;0;0
30/01/2023;14:03:06;89;Sem vítima;457,000;BR-101/SC;Decrescente;Acidentes de outra natureza;0;0;0;0;0;0;0;0;0;0;0;0;0;0;0
30/01/2023;14:33:12;94;Sem vítima;263,000;BR-101/SC;Decrescente;Engavetamento;0;0;0;0;0;0;0;0;0;0;1;0;0;0;0
30/01/2023;14:42:04;96;Sem vítima;264,000;BR-101/SC;Decrescente;Acidentes de outra natureza;1;0;0;0;0;0;0;0;0;0;0;0;0;0;0
31/01/2023;05:28:06;10;Sem vítima;257,000;BR-101/SC;Decrescente;Acidentes de outra natureza;0;0;1;0;0;0;0;0;0;0;0;0;0;0;0
31/01/2023;09:45:20;54;Sem vítima;347,000;BR-101/SC;Crescente;Acidentes de outra natureza;0;0;1;0;0;0;0;0;0;0;0;0;0;0;0
31/01/2023;11:54:11;75;Sem vítima;264,000;BR-101/SC;Crescente;Acidentes de outra natureza;1;0;0;0;0;0;0;0;0;0;0;0;0;0;0
31/01/2023;12:06:30;81;Sem vítima;263,220;BR-101/SC;Decrescente;Acidentes de outra natureza;0;0;1;0;0;0;0;0;0;0;0;0;0;0;0
31/01/2023;17:18:23;116;Sem vítima;334,000;BR-101/SC;Decrescente;Acidentes de outra natureza;1;0;0;0;0;0;0;0;0;0;0;0;0;0;0
31/01/2023;20:54:56;136;Sem vítima;423,000;BR-101/SC;Decrescente;Colisão lateral no mesmo sentido;0;0;0;0;0;0;0;0;0;0;1;0;0;0;0
31/01/2023;21:12:50;138;Sem vítima;298,000;BR-101/SC;Decrescente;Acidentes de outra natureza;0;0;1;0;0;0;0;0;0;0;0;0;0;0;0
01/02/2023;04:07:45;6;Sem vítima;419,000;BR-101/SC;Decrescente;Acidentes de outra natureza;1;0;0;0;0;0;0;0;0;0;0;0;0;0;0
01/02/2023;07:32:44;25;Sem vítima;336,000;BR-101/SC;Crescente;Acidentes de outra natureza;1;0;0;0;0;0;0;0;0;0;0;0;0;0;0
02/02/2023;12:11:27;84;Sem vítima;442,500;BR-101/SC;Decrescente;Acidentes de outra natureza;0;0;0;0;0;0;0;0;0;0;0;0;0;0;0
02/02/2023;16:09:29;115;Sem vítima;382,000;BR-101/SC;Decrescente;Acidentes de outra natureza;1;0;0;0;0;0;0;0;0;0;0;0;0;0;0
02/02/2023;18:36:15;128;Sem vítima;357,000;BR-101/SC;Crescente;Acidentes de outra natureza;1;0;0;0;0;0;0;0;0;0;0;0;0;0;0
02/02/2023;23:05:24;146;Sem vítima;270,000;BR-101/SC;Decrescente;Acidentes de outra natureza;1;0;0;0;0;0;0;0;0;0;0;0;0;0;0
03/02/2023;00:51:43;2;Sem vítima;389,000;BR-101/SC;Decrescente;Acidentes de outra natureza;0;0;1;0;0;0;0;0;0;0;0;0;0;0;0
03/02/2023;04:53:34;10;Sem vítima;451,000;BR-101/SC;Crescente;Acidentes de outra natureza;0;0;1;0;0;0;0;0;0;0;0;0;0;0;0
03/02/2023;10:10:03;56;Sem vítima;251,000;BR-101/SC;Decrescente;Acidentes de outra natureza;0;0;0;0;0;0;0;0;0;0;0;0;0;0;0
03/02/2023;14:05:26;83;Sem vítima;264,000;BR-101/SC;Decrescente;Acidentes de outra natureza;0;0;0;1;0;0;0;0;0;0;0;0;0;0;0
03/02/2023;18:22:05;101;Sem vítima;327,000;BR-101/SC;Decrescente;Acidentes de outra natureza;1;0;0;0;0;0;0;0;0;0;0;0;0;0;0
03/02/2023;19:32:42;107;Sem vítima;403,000;BR-101/SC;Decrescente;Acidentes de outra natureza;1;0;0;0;0;0;0;0;0;0;0;0;0;0;0
04/02/2023;00:32:51;2;Sem vítima;431,000;BR-101/SC;Decrescente;Acidentes de outra natureza;1;0;0;0;0;0;0;0;0;0;0;0;0;0;0
04/02/2023;01:15:12;3;Sem vítima;367,000;BR-101/SC;Crescente;Acidentes de outra natureza;1;0;0;0;0;0;0;0;0;0;0;0;0;0;0
04/02/2023;02:31:55;6;Sem vítima;389,000;BR-101/SC;Crescente;Acidentes de outra natureza;0;0;0;0;0;0;0;0;0;0;0;0;0;0;0
04/02/2023;03:04:27;9;Sem vítima;379,000;BR-101/SC;Decrescente;Acidentes de outra natureza;0;0;0;0;0;0;0;0;0;0;0;0;0;0;0
04/02/2023;08:05:37;32;Sem vítima;314,000;BR-101/SC;Decrescente;Acidentes de outra natureza;1;0;0;0;0;0;0;0;0;0;0;0;0;0;0
04/02/2023;13:59:13;68;Sem vítima;400,000;BR-101/SC;Decrescente;Acidentes de outra natureza;1;0;0;0;0;0;0;0;0;0;0;0;0;0;0
05/02/2023;05:05:45;13;Sem vítima;344,000;BR-101/SC;Decrescente;Acidentes de outra natureza;0;0;0;0;0;0;0;0;0;0;0;0;0;0;0
05/02/2023;05:14:09;14;Sem vítima;306,000;BR-101/SC;Decrescente;Acidentes de outra natureza;1;0;0;0;0;0;0;0;0;0;0;0;0;0;0
05/02/2023;13:21:33;53;Sem vítima;458,000;BR-101/SC;Decrescente;Acidentes de outra natureza;1;0;0;0;0;0;0;0;0;0;0;0;0;0;0
05/02/2023;18:31:38;84;Sem vítima;405,000;BR-101/SC;Decrescente;Acidentes de outra natureza;1;0;0;0;0;0;0;0;0;0;0;0;0;0;0
05/02/2023;18:57:22;90;Sem vítima;321,000;BR-101/SC;Crescente;Acidentes de outra natureza;1;0;0;0;0;0;0;0;0;0;0;0;0;0;0
05/02/2023;20:27:22;100;Sem vítima;320,000;BR-101/SC;Crescente;Acidentes de outra natureza;1;0;0;0;0;0;0;0;0;0;0;0;0;0;0
05/02/2023;22:30:54;112;Sem vítima;293,000;BR-101/SC;Crescente;Acidentes de outra natureza;0;0;0;0;0;0;0;0;0;0;0;0;0;0;0
06/02/2023;00:55:44;4;Sem vítima;344,000;BR-101/SC;Crescente;Acidentes de outra natureza;1;0;0;0;0;0;0;0;0;0;0;0;0;0;0
06/02/2023;01:47:18;7;Sem vítima;411,000;BR-101/SC;Decrescente;Acidentes de outra natureza;0;0;0;0;0;0;0;0;0;0;0;0;0;0;0
06/02/2023;07:40:29;28;Sem vítima;446,000;BR-101/SC;Crescente;Acidentes de outra natureza;0;0;0;0;0;0;0;0;0;0;0;0;0;0;0
06/02/2023;15:33:56;96;Sem vítima;347,580;BR-101/SC;Crescente;Acidentes de outra natureza;1;0;0;0;0;0;0;0;0;0;0;0;0;0;0
07/02/2023;02:08:12;3;Sem vítima;443,000;BR-101/SC;Decrescente;Acidentes de outra natureza;1;0;0;0;0;0;0;0;0;0;0;0;0;0;0
07/02/2023;04:03:33;6;Sem vítima;344,000;BR-101/SC;Crescente;Acidentes de outra natureza;0;0;0;0;0;0;0;0;0;0;0;0;0;0;0
07/02/2023;11:50:59;74;Sem vítima;445,000;BR-101/SC;Crescente;Acidentes de outra natureza;0;0;1;0;0;0;0;0;0;0;0;0;0;0;0
07/02/2023;14:08:53;87;Sem vítima;371,000;BR-101/SC;Decrescente;Acidentes de outra natureza;1;0;0;0;0;0;0;0;0;0;0;0;0;0;0
07/02/2023;21:34:42;127;Sem vítima;404,000;BR-101/SC;Decrescente;Acidentes de outra natureza;1;0;0;0;0;0;0;0;0;0;0;0;0;0;0
08/02/2023;00:30:51;2;Sem vítima;358,000;BR-101/SC;Decrescente;Acidentes de outra natureza;1;0;0;0;0;0;0;0;0;0;0;0;0;0;0
08/02/2023;07:17:42;31;Sem vítima;334,000;BR-101/SC;Crescente;Acidentes de outra natureza;1;0;0;0;0;0;0;0;0;0;0;0;0;0;0
08/02/2023;09:46:20;72;Sem vítima;426,000;BR-101/SC;Decrescente;Acidentes de outra natureza;0;0;0;0;0;0;0;0;0;0;0;0;0;0;0
08/02/2023;16:49:03;128;Sem vítima;316,000;BR-101/SC;Crescente;Acidentes de outra natureza;0;0;0;0;0;0;0;0;0;0;0;0;0;0;0
08/02/2023;17:57:59;134;Sem vítima;298,000;BR-101/SC;Crescente;Acidentes de outra natureza;1;0;0;0;0;0;0;0;0;0;0;0;0;0;0
09/02/2023;04:13:26;4;Sem vítima;267,150;BR-101/SC;Decrescente;Acidentes de outra natureza;1;0;0;0;0;0;0;0;0;0;0;0;0;0;0
09/02/2023;16:08:02;117;Sem vítima;410,000;BR-101/SC;Crescente;Acidentes de outra natureza;0;0;1;0;0;0;0;0;0;0;0;0;0;0;0
09/02/2023;20:42:55;141;Sem vítima;344,000;BR-101/SC;Crescente;Acidentes de outra natureza;1;0;0;0;0;0;0;0;0;0;0;0;0;0;0
10/02/2023;09:41:47;54;Sem vítima;390,000;BR-101/SC;Crescente;Acidentes de outra natureza;0;0;1;0;0;0;0;0;0;0;1;0;0;0;0
10/02/2023;20:23:00;128;Sem vítima;327,000;BR-101/SC;Decrescente;Colisão lateral no mesmo sentido;1;0;0;0;0;0;0;0;0;0;0;0;0;0;0