data;horario;n_da_ocorrencia;tipo_de_ocorrencia;km;trecho;sentido;tipo_de_acidente;automovel;bicicleta;caminhao;moto;onibus;outros;tracao_animal;transporte_de_cargas_especiais;trator_maquinas;utilitarios;ilesos;levemente_feridos;moderadamente_feridos;gravemente_feridos;mortos
11/02/2023;04:48:49;22;Sem vítima;423,000;BR-101/SC;Crescente;Acidentes de outra natureza;1;0;0;0;0;0;0;0;0;0;0;0;0;0;0
11/02/2023;05:18:41;24;Sem vítima;308,000;BR-101/SC;Decrescente;Acidentes de outra natureza;0;0;0;0;0;0;0;0;0;0;0;0;0;0;0
11/02/2023;20:50:47;104;Sem vítima;416,000;BR-101/SC;Crescente;Acidentes de outra natureza;0;0;0;1;0;0;0;0;0;0;0;0;0;0;0
12/02/2023;00:17:24;2;Sem vítima;448,000;BR-101/SC;Crescente;Acidentes de outra natureza;0;0;0;0;1;0;0;0;0;0;0;0;0;0;0
12/02/2023;04:07:58;13;Sem vítima;457,000;BR-101/SC;Crescente;Acidentes de outra natureza;0;0;0;0;0;0;0;0;0;0;0;0;0;0;0
12/02/2023;09:03:07;34;Sem vítima;344,000;BR-101/SC;Crescente;Acidentes de outra natureza;0;0;0;0;0;0;0;0;0;0;0;0;0;0;0
12/02/2023;16:23:45;85;Sem vítima;296,000;BR-101/SC;Crescente;Acidentes de outra natureza;1;0;0;0;0;0;0;0;0;0;0;0;0;0;0
12/02/2023;17:10:06;94;Sem vítima;295,000;BR-101/SC;Crescente;Acidentes de outra natureza;0;0;0;0;0;0;0;0;0;0;0;0;0;0;0
12/02/2023;18:15:10;100;Sem vítima;312,000;BR-101/SC;Crescente;Colisão traseira;0;0;0;0;0;0;0;0;0;0;1;0;0;0;0
12/02/2023;18:28:17;103;Com vítima;317,000;BR-101/SC;Crescente;Colisão traseira;0;0;0;0;0;0;0;0;0;0;1;0;0;0;0
13/02/2023;02:04:19;8;Sem vítima;354,000;BR-101/SC;Decrescente;Acidentes de outra natureza;0;0;0;0;0;0;0;0;0;0;0;0;0;0;0
13/02/2023;12:15:23;79;Com vítima;387,000;BR-101/SC;Crescente;Colisão traseira;0;0;0;0;0;0;0;0;0;0;1;0;0;0;0
13/02/2023;15:08:58;118;Sem vítima;360,000;BR-101/SC;Crescente;Acidentes de outra natureza;0;0;0;0;0;0;0;0;0;0;0;0;0;0;0
13/02/2023;19:20:32;143;Sem vítima;337,000;BR-101/SC;Decrescente;Acidentes de outra natureza;1;0;0;0;0;0;0;0;0;0;0;0;0;0;0
14/02/2023;07:20:37;33;Sem vítima;311,000;BR-101/SC;Decrescente;Acidentes de outra natureza;0;0;0;1;0;0;0;0;0;0;0;0;0;0;0
14/02/2023;08:53:46;59;Sem vítima;436,000;BR-101/SC;Crescente;Colisão lateral no mesmo sentido;1;0;0;0;0;0;0;0;0;0;0;0;0;0;0
14/02/2023;10:04:18;73;Sem vítima;311,000;BR-101/SC;Crescente;Acidentes de outra natureza;0;0;0;0;0;0;0;0;0;0;0;0;0;0;0
14/02/2023;15:05:57;116;Sem vítima;426,000;BR-101/SC;Crescente;Acidentes de outra natureza;0;0;0;0;0;0;0;0;0;0;0;0;0;0;0
14/02/2023;19:42:08;141;Sem vítima;284,000;BR-101/SC;Decrescente;Acidentes de outra natureza;0;0;0;1;0;0;0;0;0;0;0;0;0;0;0
14/02/2023;21:45:41;148;Sem vítima;464,000;BR-101/SC;Decrescente;Acidentes de outra natureza;1;0;0;0;0;0;0;0;0;0;0;0;0;0;0
15/02/2023;07:42:39;36;Sem vítima;341,000;BR-101/SC;Crescente;Acidentes de outra natureza;0;0;0;1;0;0;0;0;0;0;1;0;0;0;0
15/02/2023;12:21:34;69;Sem vítima;348,000;BR-101/SC;Crescente;Acidentes de outra natureza;0;0;1;0;0;0;0;0;0;0;0;0;0;0;0
15/02/2023;15:55:00;96;Sem vítima;404,000;BR-101/SC;Crescente;Acidentes de outra natureza;0;0;1;0;0;0;0;0;0;0;0;0;0;0;0
16/02/2023;01:30:07;6;Sem vítima;285,000;BR-101/SC;Decrescente;Acidentes de outra natureza;1;0;0;0;0;0;0;0;0;0;0;0;0;0;0
16/02/2023;12:56:09;84;Sem vítima;298,000;BR-101/SC;Crescente;Acidentes de outra natureza;0;0;0;0;0;0;0;0;0;0;0;0;0;0;0
16/02/2023;16:07:35;102;Sem vítima;405,000;BR-101/SC;Decrescente;Acidentes de outra natureza;0;0;0;0;0;0;0;0;0;0;1;0;0;0;0
16/02/2023;16:10:26;103;Sem vítima;425,000;BR-101/SC;Decrescente;Acidentes de outra natureza;0;0;0;0;0;0;0;0;0;0;0;0;0;0;0
16/02/2023;17:32:22;108;Sem vítima;406,000;BR-101/SC;Decrescente;Acidentes de outra natureza;0;0;0;0;0;0;0;0;0;0;0;0;0;0;0
16/02/2023;23:43:32;129;Sem vítima;357,000;BR-101/SC;Crescente;Acidentes de outra natureza;0;0;0;0;0;0;0;0;0;0;0;0;0;0;0
17/02/2023;09:08:12;39;Sem vítima;344,000;BR-101/SC;Decrescente;Acidentes de outra natureza;1;0;0;0;0;0;0;0;0;0;0;0;0;0;0
17/02/2023;10:27:47;49;Sem vítima;328,000;BR-101/SC;Decrescente;Acidentes de outra natureza;0;0;0;0;0;0;0;0;0;0;0;0;0;0;0
17/02/2023;16:33:39;99;Com vítima;335,000;BR-101/SC;Decrescente;Colisão traseira;0;0;0;0;0;0;0;0;0;0;1;0;0;0;0
17/02/2023;17:51:44;109;Sem vítima;338,000;BR-101/SC;Decrescente;Colisão traseira;0;0;0;0;0;0;0;0;0;0;1;0;0;0;0
17/02/2023;19:08:09;119;Sem vítima;334,000;BR-101/SC;Decrescente;Colisão traseira;0;0;0;0;0;0;0;0;0;0;1;0;0;0;0
18/02/2023;05:21:56;27;Sem vítima;322,000;BR-101/SC;Crescente;Colisão lateral no mesmo sentido;1;0;0;0;0;0;0;0;0;0;1;0;0;0;0
18/02/2023;18:19:18;115;Sem vítima;344,000;BR-101/SC;Decrescente;Colisão transversal;0;0;0;0;0;0;0;0;0;0;1;0;0;0;0
19/02/2023;01:18:45;3;Sem vítima;337,000;BR-101/SC;Decrescente;Acidentes de outra natureza;0;0;0;0;0;0;0;0;0;0;1;0;0;0;0
19/02/2023;06:30:10;22;Sem vítima;344,000;BR-101/SC;Crescente;Queda de moto;0;0;0;0;0;0;0;0;0;0;1;0;0;0;0
19/02/2023;09:45:49;43;Sem vítima;264,000;BR-101/SC;Crescente;Capotamento;0;0;0;0;0;0;0;0;0;0;2;0;0;0;0
19/02/2023;10:12:55;46;Com vítima;336,000;BR-101/SC;Crescente;Queda de moto;0;0;0;0;0;0;0;0;0;0;0;0;0;1;0
19/02/2023;12:39:37;62;Sem vítima;367,000;BR-101/SC;Decrescente;Acidentes de outra natureza;1;0;0;0;0;0;0;0;0;0;0;0;0;0;0
19/02/2023;12:43:24;63;Sem vítima;404,000;BR-101/SC;Decrescente;Acidentes de outra natureza;1;0;0;0;0;0;0;0;0;0;0;0;0;0;0
19/02/2023;13:01:45;65;Sem vítima;404,000;BR-101/SC;Crescente;Acidentes de outra natureza;1;0;0;0;0;0;0;0;0;0;0;0;0;0;0
19/02/2023;13:15:36;68;Sem vítima;342,000;BR-101/SC;Decrescente;Acidentes de outra natureza;0;0;0;1;0;0;0;0;0;0;0;0;0;0;0
19/02/2023;13:24:44;69;Sem vítima;369,000;BR-101/SC;Decrescente;Acidentes de outra natureza;1;0;0;0;0;0;0;0;0;0;0;0;0;0;0
19/02/2023;16:34:23;80;Com vítima;284,000;BR-101/SC;Decrescente;Choque;0;0;0;0;0;0;0;0;0;0;1;0;0;0;0
19/02/2023;17:25:05;84;Sem vítima;351,000;BR-101/SC;Decrescente;Colisão traseira;0;0;0;0;0;0;0;0;0;0;1;0;0;0;0
19/02/2023;19:33:31;99;Com vítima;380,000;BR-101/SC;Crescente;Colisão frontal;1;0;0;0;0;0;0;0;0;0;0;0;0;0;0
20/02/2023;00:05:59;1;Sem vítima;272,000;BR-101/SC;Crescente;Acidentes de outra natureza;1;0;0;0;0;0;0;0;0;0;0;0;0;0;0
20/02/2023;01:51:35;5;Com vítima;323,000;BR-101/SC;Crescente;Acidentes de outra natureza;1;0;0;0;0;0;0;0;0;0;1;0;0;0;0
20/02/2023;05:52:13;15;Sem vítima;388,000;BR-101/SC;Crescente;Acidentes de outra natureza;0;0;0;0;0;0;0;0;0;0;1;0;0;0;0
20/02/2023;06:53:33;18;Com vítima;378,000;BR-101/SC;Crescente;Colisão traseira;0;0;0;0;0;0;0;0;0;0;0;1;0;0;0
20/02/2023;07:17:26;19;Sem vítima;450,000;BR-101/SC;Crescente;Colisão traseira;0;0;0;0;0;0;0;0;0;0;1;0;0;0;0
20/02/2023;11:00:38;35;Com vítima;326,000;BR-101/SC;Crescente;Colisão traseira;0;0;0;0;0;0;0;0;0;0;1;1;0;0;0
20/02/2023;11:04:09;36;Sem vítima;325,000;BR-101/SC;Crescente;Engavetamento;0;0;0;0;0;0;0;0;0;0;1;0;0;0;0
20/02/2023;11:42:07;40;Sem vítima;409,000;BR-101/SC;Crescente;Acidentes de outra natureza;1;0;0;0;0;0;0;0;0;0;1;0;0;0;0
20/02/2023;12:37:09;44;Sem vítima;304,000;BR-101/SC;Crescente;Acidentes de outra natureza;1;0;0;0;0;0;0;0;0;0;0;0;0;0;0
20/02/2023;12:58:21;47;Sem vítima;262,000;BR-101/SC;Crescente;Colisão traseira;0;0;0;0;0;0;0;0;0;0;1;0;0;0;0
20/02/2023;13:40:57;53;Sem vítima;360,000;BR-101/SC;Crescente;Acidentes de outra natureza;0;0;0;0;0;0;0;0;0;0;1;0;0;0;0
20/02/2023;13:49:01;54;Com vítima;462,000;BR-101/SC;Crescente;Acidentes de outra natureza;0;0;0;0;0;0;0;0;0;0;1;0;0;0;0
20/02/2023;14:03:14;56;Sem vítima;335,000;BR-101/SC;Crescente;Acidentes de outra natureza;0;0;0;0;0;0;0;0;0;0;1;0;0;0;0
20/02/2023;18:16:46;87;Sem vítima;453,000;BR-101/SC;Decrescente;Acidentes de outra natureza;1;0;0;0;0;0;0;0;0;0;0;0;0;0;0
20/02/2023;18:58:06;93;Sem vítima;360,000;BR-101/SC;Crescente;Choque;1;0;0;0;0;0;0;0;0;0;1;0;0;0;0
20/02/2023;20:10:00;100;Sem vítima;346,000;BR-101/SC;Decrescente;Acidentes de outra natureza;0;0;0;0;0;0;0;0;0;0;1;0;0;0;0
20/02/2023;21:49:05;114;Sem vítima;404,000;BR-101/SC;Crescente;Acidentes de outra natureza;1;0;0;0;0;0;0;0;0;0;0;0;0;0;0
21/02/2023;07:12:50;13;Sem vítima;370,000;BR-101/SC;Crescente;Acidentes de outra natureza;1;0;0;0;0;0;0;0;0;0;0;0;0;0;0
21/02/2023;07:26:09;17;Sem vítima;249,000;BR-101/SC;Decrescente;Acidentes de outra natureza;1;0;0;0;0;0;0;0;0;0;0;0;0;0;0
21/02/2023;07:33:48;19;Sem vítima;282,000;BR-101/SC;Crescente;Acidentes de outra natureza;0;0;0;0;0;0;0;0;0;0;1;0;0;0;0
21/02/2023;07:41:40;21;Sem vítima;277,000;BR-101/SC;Crescente;Acidentes de outra natureza;1;0;0;0;0;0;0;0;0;0;0;0;0;0;0
21/02/2023;07:42:49;22;Sem vítima;246,000;BR-101/SC;Decrescente;Acidentes de outra natureza;1;0;0;0;0;0;0;0;0;0;0;0;0;0;0
21/02/2023;08:27:33;24;Sem vítima;330,000;BR-101/SC;Crescente;Colisão traseira;0;0;0;0;0;0;0;0;0;0;1;0;0;0;0
21/02/2023;08:36:49;25;Sem vítima;456,000;BR-101/SC;Crescente;Acidentes de outra natureza;1;0;0;0;0;0;0;0;0;0;0;0;0;0;0
21/02/2023;08:51:37;26;Sem vítima;310,000;BR-101/SC;Crescente;Acidentes de outra natureza;0;0;1;0;0;0;0;0;0;0;0;0;0;0;0
21/02/2023;10:00:48;31;Sem vítima;369,000;BR-101/SC;Crescente;Acidentes de outra natureza;1;0;0;0;0;0;0;0;0;0;0;0;0;0;0
21/02/2023;10:49:57;34;Sem vítima;317,000;BR-101/SC;Crescente;Colisão traseira;0;0;0;0;0;0;0;0;0;0;1;0;0;0;0
21/02/2023;10:58:37;35;Sem vítima;273,000;BR-101/SC;Crescente;Colisão traseira;0;0;0;0;0;0;0;0;0;0;1;0;0;0;0
21/02/2023;11:06:47;36;Sem vítima;298,000;BR-101/SC;Crescente;Engavetamento;0;0;0;0;0;0;0;0;0;0;1;0;0;0;0
21/02/2023;12:02:47;41;Sem vítima;257,000;BR-101/SC;Crescente;Acidentes de outra natureza;1;0;0;0;0;0;0;0;0;0;0;0;0;0;0
21/02/2023;12:21:57;44;Sem vítima;298,000;BR-101/SC;Decrescente;Acidentes de outra natureza;0;0;0;1;0;0;0;0;0;0;0;0;0;0;0
21/02/2023;12:34:18;45;Sem vítima;457,000;BR-101/SC;Decrescente;Acidentes de outra natureza;1;0;0;0;0;0;0;0;0;0;0;0;0;0;0
21/02/2023;13:30:26;48;Sem vítima;446,000;BR-101/SC;Crescente;Colisão lateral no mesmo sentido;0;0;0;0;0;0;0;0;0;0;1;0;0;0;0
21/02/2023;14:07:40;50;Sem vítima;318,000;BR-101/SC;Decrescente;Acidentes de outra natureza;0;0;1;0;0;0;0;0;0;0;0;0;0;0;0
21/02/2023;14:59:03;53;Sem vítima;315,000;BR-101/SC;Crescente;Colisão traseira;0;0;0;0;0;0;0;0;0;0;1;0;0;0;0
21/02/2023;15:06:58;54;Sem vítima;267,000;BR-101/SC;Crescente;Colisão traseira;0;0;0;0;0;0;0;0;0;0;1;0;0;0;0
21/02/2023;15:17:10;55;Sem vítima;344,000;BR-101/SC;Decrescente;Acidentes de outra natureza;1;0;0;0;0;0;0;0;0;0;0;0;0;0;0
21/02/2023;16:00:57;61;Com vítima;315,000;BR-101/SC;Crescente;Colisão traseira;0;0;0;0;0;0;0;0;0;0;1;0;0;0;0
21/02/2023;16:26:33;64;Sem vítima;362,000;BR-101/SC;Crescente;Acidentes de outra natureza;0;0;0;1;0;0;0;0;0;0;0;0;0;0;0
21/02/2023;16:29:28;65;Sem vítima;395,000;BR-101/SC;Crescente;Engavetamento;1;0;0;0;0;0;0;0;0;0;1;0;0;0;0
21/02/2023;16:47:55;67;Sem vítima;251,000;BR-101/SC;Decrescente;Acidentes de outra natureza;1;0;0;0;0;0;0;0;0;0;0;0;0;0;0
21/02/2023;16:54:41;68;Sem vítima;343,000;BR-101/SC;Crescente;Acidentes de outra natureza;1;0;0;0;0;0;0;0;0;0;0;0;0;0;0
21/02/2023;17:12:59;70;Sem vítima;392,000;BR-101/SC;Crescente;Engavetamento;0;0;0;0;0;0;0;0;0;0;1;0;0;0;0
21/02/2023;17:28:38;72;Sem vítima;441,100;BR-101/SC;Crescente;Acidentes de outra natureza;0;0;1;0;0;0;0;0;0;0;0;0;0;0;0
21/02/2023;17:42:30;73;Sem vítima;441,000;BR-101/SC;Crescente;Colisão traseira;0;0;0;0;0;0;0;0;0;0;1;0;0;0;0
21/02/2023;18:47:26;80;Sem vítima;393,000;BR-101/SC;Decrescente;Acidentes de outra natureza;0;0;0;1;0;0;0;0;0;0;0;0;0;0;0
21/02/2023;18:59:36;81;Sem vítima;269,000;BR-101/SC;Crescente;Acidentes de outra natureza;0;0;1;0;0;0;0;0;0;0;0;0;0;0;0
21/02/2023;19:07:09;82;Sem vítima;316,000;BR-101/SC;Crescente;Acidentes de outra natureza;0;0;1;0;0;0;0;0;0;0;0;0;0;0;0
21/02/2023;19:10:07;84;Sem vítima;436,000;BR-101/SC;Crescente;Acidentes de outra natureza;1;0;0;0;0;0;0;0;0;0;0;0;0;0;0
21/02/2023;19:15:26;86;Sem vítima;386,000;BR-101/SC;Crescente;Acidentes de outra natureza;1;0;0;0;0;0;0;0;0;0;0;0;0;0;0
21/02/2023;19:20:11;87;Sem vítima;298,000;BR-101/SC;Decrescente;Acidentes de outra natureza;0;0;1;0;0;0;0;0;0;0;0;0;0;0;0
21/02/2023;19:39:52;88;Sem vítima;441,000;BR-101/SC;Crescente;Acidentes de outra natureza;1;0;0;0;0;0;0;0;0;0;0;0;0;0;0
21/02/2023;19:46:16;89;Sem vítima;298,000;BR-101/SC;Crescente;Acidentes de outra natureza;1;0;0;0;0;0;0;0;0;0;0;0;0;0;0
21/02/2023;20:05:50;90;Sem vítima;302,000;BR-101/SC;Decrescente;Acidentes de outra natureza;1;0;0;0;0;0;0;0;0;0;0;0;0;0;0
21/02/2023;21:07:19;94;Sem vítima;378,000;BR-101/SC;Crescente;Acidentes de outra natureza;0;0;0;0;0;0;0;0;0;0;1;0;0;0;0
21/02/2023;21:28:47;95;Sem vítima;449,000;BR-101/SC;Crescente;Acidentes de outra natureza;1;0;0;0;0;0;0;0;0;0;0;0;0;0;0
21/02/2023;21:36:48;96;Sem vítima;317,000;BR-101/SC;Crescente;Acidentes de outra natureza;1;0;0;0;0;0;0;0;0;0;0;0;0;0;0
21/02/2023;21:41:11;97;Sem vítima;423,000;BR-101/SC;Crescente;Acidentes de outra natureza;1;0;0;0;0;0;0;0;0;0;0;0;0;0;0
21/02/2023;21:53:28;98;Sem vítima;404,000;BR-101/SC;Crescente;Colisão traseira;0;0;0;0;0;0;0;0;0;0;1;0;0;0;0
21/02/2023;22:06:48;101;Sem vítima;450,000;BR-101/SC;Crescente;Acidentes de outra natureza;1;0;0;0;0;0;0;0;0;0;0;0;0;0;0
21/02/2023;22:18:00;102;Sem vítima;352,000;BR-101/SC;Decrescente;Acidentes de outra natureza;1;0;0;0;0;0;0;0;0;0;0;0;0;0;0
21/02/2023;22:52:38;103;Sem vítima;318,000;BR-101/SC;Crescente;Acidentes de outra natureza;1;0;0;0;0;0;0;0;0;0;0;0;0;0;0
22/02/2023;00:40:59;1;Sem vítima;362,000;BR-101/SC;Crescente;Acidentes de outra natureza;0;0;0;0;0;0;0;0;0;0;1;0;0;0;0
22/02/2023;01:06:00;3;Sem vítima;360,000;BR-101/SC;Crescente;Acidentes de outra natureza;1;0;0;0;0;0;0;0;0;0;0;0;0;0;0
22/02/2023;02:15:53;5;Sem vítima;266,000;BR-101/SC;Decrescente;Acidentes de outra natureza;1;0;0;0;0;0;0;0;0;0;1;0;0;0;0
22/02/2023;03:18:11;7;Sem vítima;272,000;BR-101/SC;Decrescente;Acidentes de outra natureza;1;0;0;0;0;0;0;0;0;0;0;0;0;0;0
22/02/2023;15:57:13;93;Sem vítima;370,000;BR-101/SC;Decrescente;Acidentes de outra natureza;0;0;1;0;0;0;0;0;0;0;0;0;0;0;0
22/02/2023;19:46:06;116;Sem vítima;425,000;BR-101/SC;Crescente;Acidentes de outra natureza;1;0;0;0;0;0;0;0;0;0;0;0;0;0;0
22/02/2023;20:05:29;117;Sem vítima;407,000;BR-101/SC;Decrescente;Acidentes de outra natureza;1;0;0;0;0;0;0;0;0;0;0;0;0;0;0
22/02/2023;20:23:11;118;Sem vítima;336,000;BR-101/SC;Crescente;Acidentes de outra natureza;1;0;0;0;0;0;0;0;0;0;0;0;0;0;0
22/02/2023;20:40:58;120;Sem vítima;336,000;BR-101/SC;Crescente;Acidentes de outra natureza;1;0;0;0;0;0;0;0;0;0;0;0;0;0;0
22/02/2023;21:08:14;123;Sem vítima;423,000;BR-101/SC;Decrescente;Acidentes de outra natureza;0;0;1;0;0;0;0;0;0;0;0;0;0;0;0
22/02/2023;21:15:01;125;Sem vítima;298,000;BR-101/SC;Decrescente;Acidentes de outra natureza;1;0;0;0;0;0;0;0;0;0;0;0;0;0;0
22/02/2023;21:32:34;126;Sem vítima;344,000;BR-101/SC;Decrescente;Acidentes de outra natureza;0;0;1;0;0;0;0;0;0;0;0;0;0;0;0
22/02/2023;21:44:43;127;Sem vítima;369,000;BR-101/SC;Decrescente;Acidentes de outra natureza;1;0;0;0;0;0;0;0;0;0;0;0;0;0;0
22/02/2023;21:51:35;128;Sem vítima;306,000;BR-101/SC;Crescente;Acidentes de outra natureza;1;0;0;0;0;0;0;0;0;0;0;0;0;0;0
22/02/2023;23:11:27;130;Sem vítima;404,000;BR-101/SC;Crescente;Acidentes de outra natureza;1;0;0;0;0;0;0;0;0;0;0;0;0;0;0
22/02/2023;23:27:03;131;Sem vítima;265,000;BR-101/SC;Crescente;Acidentes de outra natureza;1;0;0;0;0;0;0;0;0;0;0;0;0;0;0
23/02/2023;01:15:04;1;Sem vítima;332,000;BR-101/SC;Decrescente;Acidentes de outra natureza;0;0;1;0;0;0;0;0;0;0;0;0;0;0;0
23/02/2023;04:03:37;4;Sem vítima;298,000;BR-101/SC;Decrescente;Acidentes de outra natureza;0;0;1;0;0;0;0;0;0;0;0;0;0;0;0
23/02/2023;04:59:37;6;Com vítima;451,000;BR-101/SC;Decrescente;Acidentes de outra natureza;1;0;0;0;0;0;0;0;0;0;0;1;0;0;0
23/02/2023;07:08:05;15;Sem vítima;327,000;BR-101/SC;Crescente;Colisão traseira;0;0;0;1;0;0;0;0;0;0;1;0;0;0;0
23/02/2023;07:15:58;19;Sem vítima;461,000;BR-101/SC;Crescente;Acidentes de outra natureza;1;0;0;0;0;0;0;0;0;0;0;0;0;0;0
23/02/2023;07:20:46;20;Sem vítima;428,000;BR-101/SC;Decrescente;Acidentes de outra natureza;0;0;1;0;0;0;0;0;0;0;0;0;0;0;0
23/02/2023;11:29:18;53;Sem vítima;395,000;BR-101/SC;Crescente;Acidentes de outra natureza;1;0;0;0;0;0;0;0;0;0;0;0;0;0;0
23/02/2023;11:35:16;54;Com vítima;257,000;BR-101/SC;Decrescente;Capotamento;1;0;0;0;0;0;0;0;0;0;0;0;0;0;0
23/02/2023;15:04:42;69;Sem vítima;358,000;BR-101/SC;Decrescente;Acidentes de outra natureza;1;0;0;0;0;0;0;0;0;0;0;0;0;0;0
23/02/2023;15:23:02;72;Sem vítima;420,000;BR-101/SC;Decrescente;Acidentes de outra natureza;1;0;0;0;0;0;0;0;0;0;0;0;0;0;0
23/02/2023;15:30:36;73;Sem vítima;251,000;BR-101/SC;Decrescente;Acidentes de outra natureza;1;0;0;0;0;0;0;0;0;0;0;0;0;0;0
23/02/2023;15:47:19;75;Sem vítima;327,000;BR-101/SC;Crescente;Acidentes de outra natureza;0;0;1;0;0;0;0;0;0;0;0;0;0;0;0
23/02/2023;16:09:54;78;Sem vítima;364,000;BR-101/SC;Decrescente;Acidentes de outra natureza;1;0;0;0;0;0;0;0;0;0;0;0;0;0;0
23/02/2023;16:12:07;79;Sem vítima;428,000;BR-101/SC;Crescente;Acidentes de outra natureza;1;0;0;0;0;0;0;0;0;0;0;0;0;0;0
23/02/2023;16:25:44;81;Sem vítima;344,000;BR-101/SC;Crescente;Acidentes de outra natureza;0;0;0;0;0;0;0;0;0;0;1;0;0;0;0
23/02/2023;17:15:11;85;Sem vítima;448,000;BR-101/SC;Decrescente;Acidentes de outra natureza;0;0;1;0;0;0;0;0;0;0;0;0;0;0;0
23/02/2023;17:41:58;88;Com vítima;364,000;BR-101/SC;Crescente;Acidentes de outra natureza;1;0;0;0;0;0;0;0;0;0;0;1;0;0;0
23/02/2023;17:52:36;89;Sem vítima;348,000;BR-101/SC;Crescente;Acidentes de outra natureza;1;0;0;0;0;0;0;0;0;0;0;0;0;0;0
23/02/2023;18:19:54;91;Sem vítima;268,000;BR-101/SC;Decrescente;Acidentes de outra natureza;1;0;0;0;0;0;0;0;0;0;0;0;0;0;0
23/02/2023;18:35:27;94;Sem vítima;298,190;BR-101/SC;Crescente;Acidentes de outra natureza;1;0;0;0;0;0;0;0;0;0;0;0;0;0;0
23/02/2023;18:46:40;95;Sem vítima;404,000;BR-101/SC;Crescente;Acidentes de outra natureza;1;0;0;0;0;0;0;0;0;0;0;0;0;0;0
23/02/2023;18:56:37;96;Sem vítima;449,000;BR-101/SC;Crescente;Acidentes de outra natureza;1;0;0;0;0;0;0;0;0;0;0;0;0;0;0
23/02/2023;19:05:37;97;Sem vítima;298,000;BR-101/SC;Crescente;Acidentes de outra natureza;0;0;1;0;0;0;0;0;0;0;0;0;0;0;0
23/02/2023;19:41:29;99;Sem vítima;453,000;BR-101/SC;Decrescente;Acidentes de outra natureza;1;0;0;0;0;0;0;0;0;0;0;0;0;0;0
23/02/2023;20:09:43;100;Sem vítima;344,000;BR-101/SC;Decrescente;Acidentes de outra natureza;1;0;0;0;0;0;0;0;0;0;0;0;0;0;0
23/02/2023;20:30:10;101;Sem vítima;344,000;BR-101/SC;Decrescente;Acidentes de outra natureza;0;0;0;0;0;0;0;0;0;0;1;0;0;0;0
23/02/2023;20:38:45;102;Sem vítima;443,000;BR-101/SC;Crescente;Acidentes de outra natureza;1;0;0;0;0;0;0;0;0;0;0;0;0;0;0
23/02/2023;21:10:16;103;Sem vítima;298,000;BR-101/SC;Decrescente;Acidentes de outra natureza;1;0;0;0;0;0;0;0;0;0;0;0;0;0;0
23/02/2023;22:24:48;106;Sem vítima;258,000;BR-101/SC;Decrescente;Acidentes de outra natureza;0;0;1;0;0;0;0;0;0;0;0;0;0;0;0
23/02/2023;23:13:06;107;Sem vítima;247,000;BR-101/SC;Decrescente;Acidentes de outra natureza;1;0;0;0;0;0;0;0;0;0;0;0;0;0;0
23/02/2023;23:25:19;108;Sem vítima;376,000;BR-101/SC;Decrescente;Acidentes de outra natureza;0;0;1;0;0;0;0;0;0;0;0;0;0;0;0
23/02/2023;23:44:21;109;Sem vítima;297,000;BR-101/SC;Decrescente;Acidentes de outra natureza;1;0;0;0;0;0;0;0;0;0;0;0;0;0;0
24/02/2023;02:23:37;1;Sem vítima;367,000;BR-101/SC;Crescente;Acidentes de outra natureza;1;0;0;0;0;0;0;0;0;0;0;0;0;0;0
24/02/2023;03:17:18;4;Sem vítima;252,000;BR-101/SC;Decrescente;Acidentes de outra natureza;0;0;1;0;0;0;0;0;0;0;0;0;0;0;0
24/02/2023;04:12:24;5;Sem vítima;458,000;BR-101/SC;Crescente;Acidentes de outra natureza;1;0;0;0;0;0;0;0;0;0;0;0;0;0;0
24/02/2023;04:41:00;10;Sem vítima;336,000;BR-101/SC;Crescente;Acidentes de outra natureza;0;0;1;0;0;0;0;0;0;0;0;0;0;0;0
24/02/2023;06:25:05;12;Sem vítima;266,000;BR-101/SC;Crescente;Acidentes de outra natureza;0;0;1;0;0;0;0;0;0;0;0;0;0;0;0
24/02/2023;07:15:36;17;Sem vítima;273,000;BR-101/SC;Crescente;Acidentes de outra natureza;1;0;0;0;0;0;0;0;0;0;0;0;0;0;0
24/02/2023;07:41:37;24;Sem vítima;336,000;BR-101/SC;Crescente;Acidentes de outra natureza;1;0;0;0;0;0;0;0;0;0;0;0;0;0;0
24/02/2023;08:04:25;33;Sem vítima;426,000;BR-101/SC;Crescente;Acidentes de outra natureza;1;0;0;0;0;0;0;0;0;0;0;0;0;0;0
24/02/2023;08:35:48;39;Sem vítima;272,000;BR-101/SC;Crescente;Acidentes de outra natureza;1;0;0;0;0;0;0;0;0;0;0;0;0;0;0