data;horario;n_da_ocorrencia;tipo_de_ocorrencia;km;trecho;sentido;tipo_de_acidente;automovel;bicicleta;caminhao;moto;onibus;outros;tracao_animal;transporte_de_cargas_especiais;trator_maquinas;utilitarios;ilesos;levemente_feridos;moderadamente_feridos;gravemente_feridos;mortos
24/02/2023;08:56:20;44;Sem vítima;428,000;BR-101/SC;Decrescente;Acidentes de outra natureza;1;0;0;0;0;0;0;0;0;0;0;0;0;0;0
24/02/2023;09:58:39;50;Sem vítima;268,000;BR-101/SC;Crescente;Acidentes de outra natureza;1;0;0;0;0;0;0;0;0;0;0;0;0;0;0
24/02/2023;10:19:57;54;Sem vítima;357,000;BR-101/SC;Decrescente;Acidentes de outra natureza;1;0;0;0;0;0;0;0;0;0;0;0;0;0;0
24/02/2023;10:34:39;55;Sem vítima;399,000;BR-101/SC;Decrescente;Acidentes de outra natureza;1;0;0;0;0;0;0;0;0;0;0;0;0;0;0
24/02/2023;10:35:10;56;Sem vítima;260,000;BR-101/SC;Decrescente;Acidentes de outra natureza;1;0;0;0;0;0;0;0;0;0;0;0;0;0;0
24/02/2023;10:38:10;57;Sem vítima;259,000;BR-101/SC;Decrescente;Acidentes de outra natureza;0;0;0;0;0;0;0;0;0;0;1;0;0;0;0
24/02/2023;10:45:21;59;Sem vítima;336,000;BR-101/SC;Crescente;Colisão traseira;0;0;0;0;0;0;0;0;0;0;1;0;0;0;0
24/02/2023;11:01:16;60;Sem vítima;298,000;BR-101/SC;Decrescente;Acidentes de outra natureza;0;0;1;0;0;0;0;0;0;0;0;0;0;0;0
24/02/2023;11:59:42;63;Sem vítima;345,000;BR-101/SC;Decrescente;Acidentes de outra natureza;0;0;1;0;0;0;0;0;0;0;0;0;0;0;0
24/02/2023;13:12:53;71;Sem vítima;439,000;BR-101/SC;Decrescente;Acidentes de outra natureza;1;0;0;0;0;0;0;0;0;0;0;0;0;0;0
24/02/2023;13:37:58;74;Sem vítima;258,000;BR-101/SC;Decrescente;Acidentes de outra natureza;1;0;0;0;0;0;0;0;0;0;0;0;0;0;0
24/02/2023;14:29:03;77;Sem vítima;346,000;BR-101/SC;Crescente;Acidentes de outra natureza;0;0;0;1;0;0;0;0;0;0;0;0;0;0;0
24/02/2023;14:43:03;78;Sem vítima;256,000;BR-101/SC;Decrescente;Acidentes de outra natureza;1;0;0;0;0;0;0;0;0;0;0;0;0;0;0
24/02/2023;15:19:16;79;Sem vítima;417,000;BR-101/SC;Decrescente;Acidentes de outra natureza;1;0;0;0;0;0;0;0;0;0;0;0;0;0;0
24/02/2023;15:29:05;81;Sem vítima;363,000;BR-101/SC;Decrescente;Acidentes de outra natureza;1;0;0;0;0;0;0;0;0;0;0;0;0;0;0
24/02/2023;15:36:38;82;Sem vítima;271,000;BR-101/SC;Decrescente;Acidentes de outra natureza;0;0;1;0;0;0;0;0;0;0;0;0;0;0;0
24/02/2023;15:38:19;83;Sem vítima;309,000;BR-101/SC;Decrescente;Acidentes de outra natureza;1;0;0;0;0;0;0;0;0;0;0;0;0;0;0
24/02/2023;15:50:26;84;Sem vítima;269,000;BR-101/SC;Crescente;Acidentes de outra natureza;1;0;0;0;0;0;0;0;0;0;0;0;0;0;0
24/02/2023;16:40:35;90;Sem vítima;277,000;BR-101/SC;Crescente;Acidentes de outra natureza;0;0;1;0;0;0;0;0;0;0;0;0;0;0;0
24/02/2023;16:52:42;91;Sem vítima;464,000;BR-101/SC;Decrescente;Acidentes de outra natureza;1;0;0;0;0;0;0;0;0;0;0;0;0;0;0
24/02/2023;17:07:43;93;Sem vítima;362,000;BR-101/SC;Decrescente;Acidentes de outra natureza;1;0;0;0;0;0;0;0;0;0;0;0;0;0;0
24/02/2023;17:09:42;94;Sem vítima;403,000;BR-101/SC;Decrescente;Acidentes de outra natureza;0;0;1;0;0;0;0;0;0;0;0;0;0;0;0
24/02/2023;17:10:57;95;Sem vítima;274,000;BR-101/SC;Decrescente;Acidentes de outra natureza;0;0;1;0;0;0;0;0;0;0;0;0;0;0;0
24/02/2023;17:34:38;97;Sem vítima;404,000;BR-101/SC;Crescente;Acidentes de outra natureza;0;0;1;0;0;0;0;0;0;0;0;0;0;0;0
24/02/2023;17:35:41;98;Sem vítima;417,000;BR-101/SC;Decrescente;Acidentes de outra natureza;0;0;1;0;0;0;0;0;0;0;0;0;0;0;0
24/02/2023;17:40:09;99;Sem vítima;278,000;BR-101/SC;Crescente;Acidentes de outra natureza;1;0;0;0;0;0;0;0;0;0;0;0;0;0;0
24/02/2023;17:43:43;100;Sem vítima;337,000;BR-101/SC;Decrescente;Acidentes de outra natureza;1;0;0;0;0;0;0;0;0;0;0;0;0;0;0
24/02/2023;18:59:49;104;Sem vítima;419,000;BR-101/SC;Decrescente;Queda de moto;0;0;0;1;0;0;0;0;0;0;1;0;0;0;0
24/02/2023;19:01:08;105;Sem vítima;362,000;BR-101/SC;Decrescente;Acidentes de outra natureza;1;0;0;0;0;0;0;0;0;0;0;0;0;0;0
24/02/2023;19:16:17;107;Sem vítima;362,000;BR-101/SC;Decrescente;Acidentes de outra natureza;0;0;1;0;0;0;0;0;0;0;0;0;0;0;0
24/02/2023;19:36:12;109;Sem vítima;292,000;BR-101/SC;Decrescente;Acidentes de outra natureza;0;0;1;0;0;0;0;0;0;0;0;0;0;0;0
24/02/2023;20:05:20;110;Sem vítima;403,000;BR-101/SC;Decrescente;Acidentes de outra natureza;0;0;1;0;0;0;0;0;0;0;0;0;0;0;0
24/02/2023;20:15:38;112;Sem vítima;366,000;BR-101/SC;Crescente;Acidentes de outra natureza;0;0;0;0;1;0;0;0;0;0;0;0;0;0;0
24/02/2023;20:47:34;114;Sem vítima;417,000;BR-101/SC;Crescente;Acidentes de outra natureza;0;0;1;0;0;0;0;0;0;0;0;0;0;0;0
24/02/2023;21:51:39;116;Sem vítima;271,000;BR-101/SC;Crescente;Acidentes de outra natureza;0;0;1;0;0;0;0;0;0;0;0;0;0;0;0
24/02/2023;21:53:26;117;Sem vítima;314,000;BR-101/SC;Decrescente;Acidentes de outra natureza;1;0;0;0;0;0;0;0;0;0;0;0;0;0;0
24/02/2023;22:02:37;118;Sem vítima;351,000;BR-101/SC;Crescente;Acidentes de outra natureza;1;0;0;0;0;0;0;0;0;0;0;0;0;0;0
24/02/2023;22:24:23;120;Sem vítima;365,000;BR-101/SC;Decrescente;Acidentes de outra natureza;1;0;0;0;0;0;0;0;0;0;0;0;0;0;0
24/02/2023;23:21:02;121;Sem vítima;344,000;BR-101/SC;Decrescente;Acidentes de outra natureza;1;0;0;0;0;0;0;0;0;0;0;0;0;0;0
24/02/2023;23:42:35;124;Sem vítima;263,000;BR-101/SC;Crescente;Acidentes de outra natureza;1;0;0;0;0;0;0;0;0;0;0;0;0;0;0
24/02/2023;23:49:42;125;Sem vítima;328,000;BR-101/SC;Crescente;Acidentes de outra natureza;0;0;1;0;0;0;0;0;0;0;0;0;0;0;0
25/02/2023;00:33:31;1;Sem vítima;305,000;BR-101/SC;Crescente;Acidentes de outra natureza;1;0;0;0;0;0;0;0;0;0;0;0;0;0;0
25/02/2023;00:51:36;2;Sem vítima;344,000;BR-101/SC;Crescente;Acidentes de outra natureza;0;0;0;0;0;0;0;0;0;0;1;0;0;0;0
25/02/2023;00:52:52;3;Sem vítima;316,000;BR-101/SC;Decrescente;Acidentes de outra natureza;0;0;1;0;0;0;0;0;0;0;0;0;0;0;0
25/02/2023;02:01:15;5;Sem vítima;361,000;BR-101/SC;Crescente;Choque;0;0;0;0;0;0;0;0;0;0;1;0;0;0;0
25/02/2023;06:16:07;15;Sem vítima;374,000;BR-101/SC;Crescente;Acidentes de outra natureza;0;0;1;0;0;0;0;0;0;0;0;0;0;0;0
25/02/2023;08:36:38;39;Sem vítima;461,000;BR-101/SC;Crescente;Acidentes de outra natureza;0;0;0;0;0;0;0;0;0;0;1;0;0;0;0
25/02/2023;11:11:13;62;Sem vítima;268,000;BR-101/SC;Crescente;Acidentes de outra natureza;0;0;1;0;0;0;0;0;0;0;0;0;0;0;0
25/02/2023;11:42:26;64;Sem vítima;404,000;BR-101/SC;Decrescente;Acidentes de outra natureza;0;0;0;0;0;0;0;0;0;0;1;0;0;0;0
25/02/2023;21:08:06;117;Sem vítima;364,000;BR-101/SC;Decrescente;Colisão traseira;0;0;0;0;0;0;0;0;0;0;1;0;0;0;0
26/02/2023;01:25:28;4;Sem vítima;384,000;BR-101/SC;Crescente;Capotamento;0;0;0;0;0;0;0;0;0;0;1;0;0;0;0
26/02/2023;17:31:53;67;Sem vítima;338,000;BR-101/SC;Decrescente;Acidentes de outra natureza;0;0;0;0;0;0;0;0;0;0;1;0;0;0;0
26/02/2023;18:04:34;69;Sem vítima;404,000;BR-101/SC;Decrescente;Colisão traseira;0;0;0;0;0;0;0;0;0;0;1;0;0;0;0
26/02/2023;19:52:10;75;Sem vítima;346,000;BR-101/SC;Decrescente;Acidentes de outra natureza;0;0;0;0;0;0;0;0;0;0;1;0;0;0;0
26/02/2023;20:14:50;78;Sem vítima;286,000;BR-101/SC;Crescente;Acidentes de outra natureza;1;0;0;0;0;0;0;0;0;0;0;0;0;0;0
26/02/2023;21:25:20;83;Sem vítima;376,000;BR-101/SC;Decrescente;Acidentes de outra natureza;0;0;0;0;0;0;0;0;0;0;1;0;0;0;0
26/02/2023;22:46:45;87;Sem vítima;404,000;BR-101/SC;Decrescente;Acidentes de outra natureza;1;0;0;0;0;0;0;0;0;0;0;0;0;0;0
27/02/2023;05:07:30;11;Com vítima;434,000;BR-101/SC;Decrescente;Queda de moto;0;0;0;1;0;0;0;0;0;0;0;0;1;0;0
27/02/2023;12:01:07;79;Sem vítima;278,000;BR-101/SC;Decrescente;Colisão traseira;0;0;0;0;0;0;0;0;0;0;1;0;0;0;0
27/02/2023;18:00:02;121;Sem vítima;448,000;BR-101/SC;Decrescente;Colisão lateral no mesmo sentido;0;0;0;0;0;0;0;0;0;0;1;0;0;0;0
28/02/2023;09:52:35;68;Sem vítima;336,000;BR-101/SC;Decrescente;Acidentes de outra natureza;1;0;0;0;0;0;0;0;0;0;0;0;0;0;0
28/02/2023;10:46:49;76;Sem vítima;335,000;BR-101/SC;Crescente;Colisão traseira;0;0;0;0;0;0;0;0;0;0;1;0;0;0;0
28/02/2023;11:49:29;84;Sem vítima;357,000;BR-101/SC;Decrescente;Acidentes de outra natureza;0;0;1;0;0;0;0;0;0;0;0;0;0;0;0
28/02/2023;13:38:19;97;Sem vítima;331,000;BR-101/SC;Decrescente;Acidentes de outra natureza;1;0;0;0;0;0;0;0;0;0;0;0;0;0;0
28/02/2023;14:07:41;101;Com vítima;456,000;BR-101/SC;Decrescente;Acidentes de outra natureza;0;0;1;0;0;0;0;0;0;0;0;1;0;0;0
28/02/2023;14:09:30;102;Sem vítima;298,000;BR-101/SC;Decrescente;Colisão traseira;0;0;0;0;0;0;0;0;0;0;1;0;0;0;0
28/02/2023;17:06:58;116;Com vítima;275,000;BR-101/SC;Decrescente;Colisão traseira;0;0;0;0;0;0;0;0;0;0;0;2;0;0;0
28/02/2023;18:26:17;124;Sem vítima;334,000;BR-101/SC;Decrescente;Choque;0;0;0;0;0;0;0;0;0;0;1;0;0;0;0
28/02/2023;21:29:08;136;Sem vítima;342,000;BR-101/SC;Crescente;Acidentes de outra natureza;1;0;0;0;0;0;0;0;0;0;0;0;0;0;0
28/02/2023;21:51:40;137;Sem vítima;274,000;BR-101/SC;Crescente;Acidentes de outra natureza;1;0;0;0;0;0;0;0;0;0;0;0;0;0;0
28/02/2023;22:10:17;139;Sem vítima;351,000;BR-101/SC;Decrescente;Acidentes de outra natureza;1;0;0;0;0;0;0;0;0;0;0;0;0;0;0
28/02/2023;22:14:58;141;Sem vítima;343,000;BR-101/SC;Crescente;Acidentes de outra natureza;0;0;1;0;0;0;0;0;0;0;0;0;0;0;0
28/02/2023;22:19:52;142;Sem vítima;347,000;BR-101/SC;Crescente;Acidentes de outra natureza;1;0;0;0;0;0;0;0;0;0;0;0;0;0;0
28/02/2023;22:20:45;143;Sem vítima;404,000;BR-101/SC;Crescente;Acidentes de outra natureza;1;0;0;0;0;0;0;0;0;0;0;0;0;0;0
01/03/2023;00:20:36;2;Sem vítima;433,000;BR-101/SC;Crescente;Acidentes de outra natureza;1;0;0;0;0;0;0;0;0;0;0;0;0;0;0
01/03/2023;00:33:17;3;Sem vítima;407,000;BR-101/SC;Crescente;Acidentes de outra natureza;0;0;1;0;0;0;0;0;0;0;0;0;0;0;0
01/03/2023;01:01:28;5;Sem vítima;338,000;BR-101/SC;Decrescente;Acidentes de outra natureza;1;0;0;0;0;0;0;0;0;0;0;0;0;0;0
01/03/2023;01:06:20;6;Sem vítima;324,000;BR-101/SC;Crescente;Acidentes de outra natureza;1;0;0;0;0;0;0;0;0;0;0;0;0;0;0
01/03/2023;01:42:28;7;Sem vítima;262,000;BR-101/SC;Decrescente;Acidentes de outra natureza;1;0;0;0;0;0;0;0;0;0;0;0;0;0;0
01/03/2023;02:34:01;9;Sem vítima;247,000;BR-101/SC;Decrescente;Acidentes de outra natureza;1;0;0;0;0;0;0;0;0;0;0;0;0;0;0
01/03/2023;04:25:17;10;Sem vítima;320,150;BR-101/SC;Crescente;Acidentes de outra natureza;1;0;0;0;0;0;0;0;0;0;0;0;0;0;0
01/03/2023;04:47:48;11;Sem vítima;328,000;BR-101/SC;Decrescente;Acidentes de outra natureza;0;0;1;0;0;0;0;0;0;0;0;0;0;0;0
01/03/2023;05:08:01;12;Sem vítima;298,000;BR-101/SC;Decrescente;Acidentes de outra natureza;1;0;0;0;0;0;0;0;0;0;0;0;0;0;0
01/03/2023;07:38:53;26;Sem vítima;309,000;BR-101/SC;Decrescente;Acidentes de outra natureza;1;0;0;0;0;0;0;0;0;0;0;0;0;0;0
01/03/2023;07:53:23;32;Sem vítima;343,000;BR-101/SC;Decrescente;Acidentes de outra natureza;1;0;0;0;0;0;0;0;0;0;0;0;0;0;0
01/03/2023;07:55:25;33;Sem vítima;328,000;BR-101/SC;Crescente;Colisão traseira;0;0;0;0;0;0;0;0;0;0;1;0;0;0;0
01/03/2023;08:20:49;40;Sem vítima;457,000;BR-101/SC;Decrescente;Acidentes de outra natureza;1;0;0;0;0;0;0;0;0;0;0;0;0;0;0
01/03/2023;08:22:07;41;Sem vítima;303,000;BR-101/SC;Decrescente;Acidentes de outra natureza;1;0;0;0;0;0;0;0;0;0;0;0;0;0;0
01/03/2023;09:01:34;50;Sem vítima;330,000;BR-101/SC;Crescente;Acidentes de outra natureza;1;0;0;0;0;0;0;0;0;0;0;0;0;0;0
01/03/2023;09:34:23;59;Sem vítima;344,000;BR-101/SC;Decrescente;Acidentes de outra natureza;1;0;0;0;0;0;0;0;0;0;0;0;0;0;0
01/03/2023;09:46:13;61;Sem vítima;411,000;BR-101/SC;Crescente;Acidentes de outra natureza;1;0;0;0;0;0;0;0;0;0;0;0;0;0;0
01/03/2023;10:12:29;63;Sem vítima;337,000;BR-101/SC;Decrescente;Acidentes de outra natureza;0;0;1;0;0;0;0;0;0;0;0;0;0;0;0
01/03/2023;10:20:56;64;Sem vítima;381,000;BR-101/SC;Decrescente;Acidentes de outra natureza;1;0;0;0;0;0;0;0;0;0;0;0;0;0;0
01/03/2023;10:23:43;65;Sem vítima;432,000;BR-101/SC;Crescente;Acidentes de outra natureza;1;0;0;0;0;0;0;0;0;0;0;0;0;0;0
01/03/2023;10:30:29;66;Sem vítima;270,000;BR-101/SC;Decrescente;Acidentes de outra natureza;0;0;1;0;0;0;0;0;0;0;0;0;0;0;0
01/03/2023;11:03:13;73;Sem vítima;350,000;BR-101/SC;Crescente;Acidentes de outra natureza;1;0;0;0;0;0;0;0;0;0;0;0;0;0;0
01/03/2023;11:21:19;75;Sem vítima;327,000;BR-101/SC;Crescente;Engavetamento;0;0;0;0;0;0;0;0;0;0;1;0;0;0;0
01/03/2023;11:30:17;78;Sem vítima;446,000;BR-101/SC;Decrescente;Acidentes de outra natureza;1;0;0;0;0;0;0;0;0;0;0;0;0;0;0
01/03/2023;11:35:29;79;Sem vítima;272,000;BR-101/SC;Crescente;Acidentes de outra natureza;1;0;0;0;0;0;0;0;0;0;0;0;0;0;0
01/03/2023;12:02:26;84;Sem vítima;448,000;BR-101/SC;Decrescente;Acidentes de outra natureza;0;0;0;1;0;0;0;0;0;0;0;0;0;0;0
01/03/2023;12:19:49;86;Sem vítima;370,000;BR-101/SC;Decrescente;Acidentes de outra natureza;0;0;0;0;1;0;0;0;0;0;0;0;0;0;0
01/03/2023;12:35:33;89;Sem vítima;330,000;BR-101/SC;Crescente;Colisão traseira;0;0;0;0;0;0;0;0;0;0;1;0;0;0;0
01/03/2023;12:39:01;90;Sem vítima;374,000;BR-101/SC;Decrescente;Acidentes de outra natureza;1;0;0;0;0;0;0;0;0;0;0;0;0;0;0
01/03/2023;13:06:24;94;Sem vítima;451,000;BR-101/SC;Decrescente;Colisão lateral no mesmo sentido;0;0;0;0;0;0;0;0;0;0;1;0;0;0;0
01/03/2023;13:08:04;95;Sem vítima;327,000;BR-101/SC;Crescente;Acidentes de outra natureza;0;0;1;0;0;0;0;0;0;0;0;0;0;0;0
01/03/2023;14:32:57;104;Sem vítima;327,000;BR-101/SC;Crescente;Colisão traseira;0;0;0;0;0;0;0;0;0;0;1;0;0;0;0
01/03/2023;14:40:15;105;Sem vítima;346,000;BR-101/SC;Crescente;Acidentes de outra natureza;0;0;1;0;0;0;0;0;0;0;0;0;0;0;0
01/03/2023;15:18:50;107;Sem vítima;274,000;BR-101/SC;Crescente;Acidentes de outra natureza;1;0;0;0;0;0;0;0;0;0;0;0;0;0;0
01/03/2023;16:15:05;113;Sem vítima;296,000;BR-101/SC;Crescente;Acidentes de outra natureza;1;0;0;0;0;0;0;0;0;0;0;0;0;0;0
01/03/2023;17:03:26;116;Sem vítima;256,000;BR-101/SC;Decrescente;Acidentes de outra natureza;1;0;0;0;0;0;0;0;0;0;0;0;0;0;0
01/03/2023;17:09:53;118;Sem vítima;336,000;BR-101/SC;Decrescente;Acidentes de outra natureza;0;0;1;0;0;0;0;0;0;0;0;0;0;0;0
01/03/2023;18:29:28;123;Sem vítima;363,000;BR-101/SC;Decrescente;Acidentes de outra natureza;1;0;0;0;0;0;0;0;0;0;0;0;0;0;0
01/03/2023;18:36:07;124;Sem vítima;339,000;BR-101/SC;Decrescente;Acidentes de outra natureza;1;0;0;0;0;0;0;0;0;0;0;0;0;0;0
01/03/2023;18:40:30;126;Sem vítima;275,000;BR-101/SC;Crescente;Acidentes de outra natureza;0;0;1;0;0;0;0;0;0;0;0;0;0;0;0
01/03/2023;19:09:37;128;Sem vítima;260,000;BR-101/SC;Decrescente;Acidentes de outra natureza;1;0;0;0;0;0;0;0;0;0;0;0;0;0;0
01/03/2023;19:28:51;129;Sem vítima;443,000;BR-101/SC;Crescente;Acidentes de outra natureza;1;0;0;0;0;0;0;0;0;0;0;0;0;0;0
01/03/2023;19:51:39;130;Sem vítima;357,000;BR-101/SC;Crescente;Acidentes de outra natureza;1;0;0;0;0;0;0;0;0;0;0;0;0;0;0
01/03/2023;21:17:42;133;Sem vítima;420,000;BR-101/SC;Crescente;Acidentes de outra natureza;1;0;0;0;0;0;0;0;0;0;0;0;0;0;0
01/03/2023;22:13:30;134;Sem vítima;313,000;BR-101/SC;Decrescente;Acidentes de outra natureza;1;0;0;0;0;0;0;0;0;0;0;0;0;0;0
01/03/2023;22:51:18;135;Sem vítima;372,000;BR-101/SC;Decrescente;Acidentes de outra natureza;1;0;0;0;0;0;0;0;0;0;0;0;0;0;0
01/03/2023;22:56:25;136;Sem vítima;294,000;BR-101/SC;Crescente;Acidentes de outra natureza;1;0;0;0;0;0;0;0;0;0;0;0;0;0;0
01/03/2023;23:08:01;137;Sem vítima;410,000;BR-101/SC;Decrescente;Acidentes de outra natureza;0;0;0;0;1;0;0;0;0;0;0;0;0;0;0
02/03/2023;00:29:37;1;Sem vítima;453,220;BR-101/SC;Crescente;Acidentes de outra natureza;1;0;0;0;0;0;0;0;0;0;0;0;0;0;0
02/03/2023;00:48:18;2;Sem vítima;268,000;BR-101/SC;Decrescente;Acidentes de outra natureza;0;0;1;0;0;0;0;0;0;0;0;0;0;0;0
02/03/2023;01:52:32;3;Sem vítima;375,000;BR-101/SC;Crescente;Acidentes de outra natureza;1;0;0;0;0;0;0;0;0;0;0;0;0;0;0
02/03/2023;03:44:22;4;Com vítima;248,000;BR-101/SC;Decrescente;Capotamento;0;0;0;0;0;0;0;0;0;0;0;0;1;0;0
02/03/2023;17:23:41;110;Sem vítima;373,000;BR-101/SC;Crescente;Acidentes de outra natureza;0;0;1;0;0;0;0;0;0;0;0;0;0;0;0
02/03/2023;17:47:26;111;Sem vítima;298,350;BR-101/SC;Crescente;Acidentes de outra natureza;0;0;1;0;0;0;0;0;0;0;0;0;0;0;0
02/03/2023;17:54:55;112;Sem vítima;392,000;BR-101/SC;Decrescente;Acidentes de outra natureza;1;0;0;0;0;0;0;0;0;0;0;0;0;0;0
02/03/2023;18:51:06;114;Sem vítima;297,000;BR-101/SC;Crescente;Acidentes de outra natureza;0;0;1;0;0;0;0;0;0;0;0;0;0;0;0
02/03/2023;18:57:41;115;Sem vítima;293,000;BR-101/SC;Decrescente;Acidentes de outra natureza;0;0;1;0;0;0;0;0;0;0;0;0;0;0;0
02/03/2023;20:10:20;120;Sem vítima;435,000;BR-101/SC;Decrescente;Acidentes de outra natureza;1;0;0;0;0;0;0;0;0;0;0;0;0;0;0
02/03/2023;21:07:13;123;Sem vítima;320,000;BR-101/SC;Crescente;Acidentes de outra natureza;1;0;0;0;0;0;0;0;0;0;0;0;0;0;0
02/03/2023;22:42:06;127;Sem vítima;401,000;BR-101/SC;Crescente;Acidentes de outra natureza;1;0;0;0;0;0;0;0;0;0;0;0;0;0;0
02/03/2023;23:01:44;128;Sem vítima;403,000;BR-101/SC;Crescente;Acidentes de outra natureza;0;0;0;1;0;0;0;0;0;0;0;0;0;0;0
02/03/2023;23:51:37;129;Sem vítima;290,050;BR-101/SC;Decrescente;Acidentes de outra natureza;0;0;0;1;0;0;0;0;0;0;0;0;0;0;0
03/03/2023;00:43:14;1;Sem vítima;426,000;BR-101/SC;Crescente;Acidentes de outra natureza;1;0;0;0;0;0;0;0;0;0;0;0;0;0;0
03/03/2023;00:57:25;2;Sem vítima;457,000;BR-101/SC;Crescente;Acidentes de outra natureza;1;0;0;0;0;0;0;0;0;0;0;0;0;0;0
03/03/2023;01:00:45;3;Sem vítima;351,000;BR-101/SC;Decrescente;Capotamento;0;0;0;0;0;0;0;0;0;0;1;0;0;0;0
03/03/2023;01:30:12;4;Sem vítima;380,000;BR-101/SC;Decrescente;Acidentes de outra natureza;0;0;1;0;0;0;0;0;0;0;0;0;0;0;0
03/03/2023;02:41:50;6;Sem vítima;279,000;BR-101/SC;Decrescente;Acidentes de outra natureza;0;0;1;0;0;0;0;0;0;0;0;0;0;0;0
03/03/2023;03:39:48;9;Sem vítima;343,000;BR-101/SC;Decrescente;Acidentes de outra natureza;1;0;0;0;0;0;0;0;0;0;0;0;0;0;0
03/03/2023;06:18:39;12;Sem vítima;434,000;BR-101/SC;Decrescente;Acidentes de outra natureza;1;0;0;0;0;0;0;0;0;0;0;0;0;0;0
03/03/2023;07:23:27;25;Sem vítima;344,000;BR-101/SC;Crescente;Acidentes de outra natureza;1;0;0;0;0;0;0;0;0;0;0;0;0;0;0
03/03/2023;07:33:44;28;Sem vítima;320,000;BR-101/SC;Crescente;Acidentes de outra natureza;1;0;0;0;0;0;0;0;0;0;0;0;0;0;0
03/03/2023;08:13:52;40;Sem vítima;373,000;BR-101/SC;Decrescente;Acidentes de outra natureza;1;0;0;0;0;0;0;0;0;0;0;0;0;0;0
03/03/2023;08:37:58;47;Sem vítima;271,000;BR-101/SC;Crescente;Acidentes de outra natureza;1;0;0;0;0;0;0;0;0;0;0;0;0;0;0
03/03/2023;09:15:06;52;Sem vítima;365,000;BR-101/SC;Crescente;Acidentes de outra natureza;0;0;1;0;0;0;0;0;0;0;0;0;0;0;0
03/03/2023;09:59:37;64;Sem vítima;394,000;BR-101/SC;Decrescente;Acidentes de outra natureza;1;0;0;0;0;0;0;0;0;0;0;0;0;0;0
03/03/2023;10:09:30;66;Sem vítima;247,000;BR-101/SC;Crescente;Acidentes de outra natureza;1;0;0;0;0;0;0;0;0;0;0;0;0;0;0
03/03/2023;10:11:36;67;Sem vítima;445,000;BR-101/SC;Crescente;Acidentes de outra natureza;1;0;0;0;0;0;0;0;0;0;0;0;0;0;0
03/03/2023;10:43:48;75;Sem vítima;441,000;BR-101/SC;Decrescente;Acidentes de outra natureza;0;0;1;0;0;0;0;0;0;0;0;0;0;0;0
03/03/2023;11:21:25;79;Sem vítima;383,000;BR-101/SC;Crescente;Acidentes de outra natureza;1;0;0;0;0;0;0;0;0;0;0;0;0;0;0
03/03/2023;15:05:34;108;Sem vítima;325,000;BR-101/SC;Decrescente;Colisão traseira;0;0;0;0;0;0;0;0;0;0;2;0;0;0;0
03/03/2023;15:47:10;115;Sem vítima;389,000;BR-101/SC;Decrescente;Capotamento;0;0;0;0;0;0;0;0;0;0;1;0;0;0;0
03/03/2023;18:46:57;131;Sem vítima;404,000;BR-101/SC;Crescente;Colisão traseira;0;0;0;0;0;0;0;0;0;0;1;0;0;0;0
03/03/2023;20:02:00;140;Sem vítima;459,000;BR-101/SC;Crescente;Acidentes de outra natureza;1;0;0;0;0;0;0;0;0;0;0;0;0;0;0
03/03/2023;21:40:32;148;Sem vítima;268,000;BR-101/SC;Crescente;Acidentes de outra natureza;0;0;0;0;0;0;0;0;0;0;2;0;0;0;0
04/03/2023;00:17:40;2;Sem vítima;378,000;BR-101/SC;Crescente;Acidentes de outra natureza;1;0;0;0;0;0;0;0;0;0;1;0;0;0;0
04/03/2023;04:20:51;8;Sem vítima;354,000;BR-101/SC;Decrescente;Acidentes de outra natureza;0;0;1;0;0;0;0;0;0;0;1;0;0;0;0
04/03/2023;04:51:57;10;Sem vítima;339,000;BR-101/SC;Decrescente;Acidentes de outra natureza;1;0;0;0;0;0;0;0;0;0;0;0;0;0;0
04/03/2023;06:54:42;15;Sem vítima;257,000;BR-101/SC;Decrescente;Choque;0;0;0;0;0;0;0;0;0;0;1;0;0;0;0
04/03/2023;10:27:22;54;Sem vítima;359,000;BR-101/SC;Decrescente;Acidentes de outra natureza;0;0;0;0;0;0;0;0;0;0;1;0;0;0;0
04/03/2023;11:20:20;56;Sem vítima;359,000;BR-101/SC;Decrescente;Acidentes de outra natureza;1;0;0;0;0;0;0;0;0;0;0;0;0;0;0
04/03/2023;14:49:21;68;Sem vítima;414,000;BR-101/SC;Crescente;Acidentes de outra natureza;1;0;0;0;0;0;0;0;0;0;0;0;0;0;0