data;horario;n_da_ocorrencia;tipo_de_ocorrencia;km;trecho;sentido;tipo_de_acidente;automovel;bicicleta;caminhao;moto;onibus;outros;tracao_animal;transporte_de_cargas_especiais;trator_maquinas;utilitarios;ilesos;levemente_feridos;moderadamente_feridos;gravemente_feridos;mortos
04/03/2023;18:48:52;93;Sem vítima;463,000;BR-101/SC;Crescente;Choque;1;0;0;0;0;0;0;0;0;0;1;0;0;0;0
04/03/2023;19:25:44;99;Sem vítima;458,000;BR-101/SC;Decrescente;Acidentes de outra natureza;1;0;0;0;0;0;0;0;0;0;0;0;0;0;0
04/03/2023;19:30:56;100;Sem vítima;439,000;BR-101/SC;Crescente;Acidentes de outra natureza;0;0;0;0;0;0;0;0;0;0;1;0;0;0;0
04/03/2023;20:36:29;105;Sem vítima;414,000;BR-101/SC;Decrescente;Choque;0;0;0;0;0;0;0;0;0;0;1;0;0;0;0
04/03/2023;21:49:33;111;Com vítima;306,000;BR-101/SC;Crescente;Colisão lateral no mesmo sentido;0;0;0;0;0;0;0;0;0;0;1;0;0;0;0
04/03/2023;23:01:18;118;Sem vítima;360,000;BR-101/SC;Decrescente;Acidentes de outra natureza;1;0;0;0;0;0;0;0;0;0;0;0;0;0;0
04/03/2023;23:42:19;122;Com vítima;431,000;BR-101/SC;Crescente;Atropelamento de animal;0;0;0;0;0;0;0;0;0;0;1;0;1;0;0
05/03/2023;00:11:56;2;Sem vítima;334,000;BR-101/SC;Crescente;Colisão transversal;0;0;0;0;0;0;0;0;0;0;1;0;0;0;0
05/03/2023;02:02:40;4;Sem vítima;432,000;BR-101/SC;Decrescente;Acidentes de outra natureza;1;0;0;0;0;0;0;0;0;0;0;0;0;0;0
05/03/2023;02:44:07;7;Sem vítima;333,000;BR-101/SC;Decrescente;Acidentes de outra natureza;1;0;0;0;0;0;0;0;0;0;0;0;0;0;0
05/03/2023;03:29:15;9;Sem vítima;258,190;BR-101/SC;Decrescente;Acidentes de outra natureza;1;0;0;0;0;0;0;0;0;0;0;0;0;0;0
05/03/2023;04:31:38;11;Com vítima;360,000;BR-101/SC;Crescente;Colisão traseira;0;0;0;0;0;0;0;0;0;0;0;0;1;0;0
05/03/2023;04:45:16;12;Sem vítima;344,000;BR-101/SC;Decrescente;Acidentes de outra natureza;1;0;0;0;0;0;0;0;0;0;0;0;0;0;0
05/03/2023;05:03:45;13;Sem vítima;364,000;BR-101/SC;Crescente;Acidentes de outra natureza;1;0;0;0;0;0;0;0;0;0;0;0;0;0;0
05/03/2023;05:22:25;15;Sem vítima;325,000;BR-101/SC;Crescente;Acidentes de outra natureza;1;0;0;0;0;0;0;0;0;0;0;0;0;0;0
05/03/2023;07:59:29;19;Sem vítima;407,000;BR-101/SC;Crescente;Acidentes de outra natureza;1;0;0;0;0;0;0;0;0;0;0;0;0;0;0
05/03/2023;08:41:49;30;Sem vítima;391,000;BR-101/SC;Crescente;Acidentes de outra natureza;1;0;0;0;0;0;0;0;0;0;0;0;0;0;0
05/03/2023;09:06:41;32;Sem vítima;402,000;BR-101/SC;Crescente;Acidentes de outra natureza;1;0;0;0;0;0;0;0;0;0;0;0;0;0;0
05/03/2023;09:22:41;36;Sem vítima;313,000;BR-101/SC;Decrescente;Acidentes de outra natureza;1;0;0;0;0;0;0;0;0;0;0;0;0;0;0
05/03/2023;09:27:29;38;Sem vítima;298,000;BR-101/SC;Crescente;Acidentes de outra natureza;0;0;1;0;0;0;0;0;0;0;0;0;0;0;0
05/03/2023;09:35:05;39;Sem vítima;392,000;BR-101/SC;Decrescente;Acidentes de outra natureza;1;0;0;0;0;0;0;0;0;0;0;0;0;0;0
05/03/2023;09:58:12;41;Sem vítima;307,000;BR-101/SC;Decrescente;Acidentes de outra natureza;0;0;1;0;0;0;0;0;0;0;0;0;0;0;0
05/03/2023;10:13:22;44;Sem vítima;298,000;BR-101/SC;Crescente;Acidentes de outra natureza;0;0;1;0;0;0;0;0;0;0;0;0;0;0;0
05/03/2023;10:30:20;45;Sem vítima;398,000;BR-101/SC;Crescente;Acidentes de outra natureza;1;0;0;0;0;0;0;0;0;0;0;0;0;0;0
05/03/2023;10:38:18;46;Sem vítima;404,000;BR-101/SC;Crescente;Acidentes de outra natureza;1;0;0;0;0;0;0;0;0;0;0;0;0;0;0
05/03/2023;10:39:00;47;Sem vítima;319,000;BR-101/SC;Decrescente;Acidentes de outra natureza;1;0;0;0;0;0;0;0;0;0;0;0;0;0;0
05/03/2023;11:36:03;49;Sem vítima;365,000;BR-101/SC;Crescente;Acidentes de outra natureza;1;0;0;0;0;0;0;0;0;0;0;0;0;0;0
05/03/2023;11:44:13;50;Sem vítima;344,000;BR-101/SC;Decrescente;Acidentes de outra natureza;1;0;0;0;0;0;0;0;0;0;0;0;0;0;0
05/03/2023;12:15:49;51;Sem vítima;250,000;BR-101/SC;Crescente;Acidentes de outra natureza;1;0;0;0;0;0;0;0;0;0;0;0;0;0;0
05/03/2023;12:17:06;52;Sem vítima;311,000;BR-101/SC;Decrescente;Acidentes de outra natureza;0;0;0;0;0;0;0;0;0;0;1;0;0;0;0
05/03/2023;12:57:27;57;Sem vítima;344,000;BR-101/SC;Crescente;Acidentes de outra natureza;1;0;0;0;0;0;0;0;0;0;0;0;0;0;0
05/03/2023;13:42:14;60;Sem vítima;328,000;BR-101/SC;Crescente;Acidentes de outra natureza;1;0;0;0;0;0;0;0;0;0;0;0;0;0;0
05/03/2023;14:31:00;61;Sem vítima;273,000;BR-101/SC;Decrescente;Acidentes de outra natureza;1;0;0;0;0;0;0;0;0;0;0;0;0;0;0
05/03/2023;15:31:09;65;Sem vítima;304,000;BR-101/SC;Decrescente;Acidentes de outra natureza;1;0;0;0;0;0;0;0;0;0;0;0;0;0;0
05/03/2023;15:34:47;67;Sem vítima;451,000;BR-101/SC;Crescente;Acidentes de outra natureza;1;0;0;0;0;0;0;0;0;0;0;0;0;0;0
05/03/2023;15:51:49;72;Sem vítima;355,000;BR-101/SC;Crescente;Acidentes de outra natureza;1;0;0;0;0;0;0;0;0;0;0;0;0;0;0
05/03/2023;16:09:21;71;Sem vítima;453,000;BR-101/SC;Decrescente;Acidentes de outra natureza;0;0;0;1;0;0;0;0;0;0;0;0;0;0;0
05/03/2023;16:26:35;74;Com vítima;287,000;BR-101/SC;Crescente;Queda de moto;0;0;0;0;0;0;0;0;0;0;0;1;0;0;0
05/03/2023;16:31:30;75;Sem vítima;408,000;BR-101/SC;Crescente;Colisão traseira;0;0;0;0;0;0;0;0;0;0;1;0;0;0;0
05/03/2023;16:38:17;77;Sem vítima;458,000;BR-101/SC;Crescente;Acidentes de outra natureza;0;0;1;0;0;0;0;0;0;0;0;0;0;0;0
05/03/2023;17:04:17;79;Sem vítima;410,000;BR-101/SC;Crescente;Acidentes de outra natureza;1;0;0;0;0;0;0;0;0;0;0;0;0;0;0
05/03/2023;17:05:18;80;Sem vítima;404,000;BR-101/SC;Decrescente;Acidentes de outra natureza;1;0;0;0;0;0;0;0;0;0;0;0;0;0;0
05/03/2023;17:05:50;81;Sem vítima;354,000;BR-101/SC;Crescente;Acidentes de outra natureza;1;0;0;0;0;0;0;0;0;0;0;0;0;0;0
05/03/2023;17:09:08;82;Sem vítima;355,000;BR-101/SC;Decrescente;Acidentes de outra natureza;1;0;0;0;0;0;0;0;0;0;0;0;0;0;0
05/03/2023;17:15:49;83;Sem vítima;327,000;BR-101/SC;Crescente;Acidentes de outra natureza;1;0;0;0;0;0;0;0;0;0;0;0;0;0;0
05/03/2023;17:32:20;85;Sem vítima;414,000;BR-101/SC;Crescente;Acidentes de outra natureza;1;0;0;0;0;0;0;0;0;0;0;0;0;0;0
05/03/2023;17:46:25;87;Sem vítima;333,000;BR-101/SC;Crescente;Tombamento;0;0;0;0;0;0;0;0;0;0;1;0;0;0;0
05/03/2023;17:49:04;88;Sem vítima;264,000;BR-101/SC;Crescente;Acidentes de outra natureza;1;0;0;0;0;0;0;0;0;0;0;0;0;0;0
05/03/2023;18:17:17;89;Sem vítima;463,000;BR-101/SC;Decrescente;Acidentes de outra natureza;0;0;1;0;0;0;0;0;0;0;0;0;0;0;0
05/03/2023;18:34:35;91;Sem vítima;406,310;BR-101/SC;Crescente;Choque;0;0;0;0;0;0;0;0;0;0;1;0;0;0;0
05/03/2023;18:35:53;92;Sem vítima;361,000;BR-101/SC;Crescente;Acidentes de outra natureza;0;0;0;0;0;0;0;0;0;1;0;0;0;0;0
05/03/2023;18:37:17;93;Sem vítima;344,000;BR-101/SC;Decrescente;Acidentes de outra natureza;1;0;0;0;0;0;0;0;0;0;0;0;0;0;0
05/03/2023;18:44:17;94;Sem vítima;314,000;BR-101/SC;Decrescente;Acidentes de outra natureza;1;0;0;0;0;0;0;0;0;0;0;0;0;0;0
05/03/2023;18:50:43;95;Sem vítima;314,000;BR-101/SC;Crescente;Acidentes de outra natureza;0;0;0;1;0;0;0;0;0;0;0;0;0;0;0
05/03/2023;19:18:07;98;Sem vítima;427,000;BR-101/SC;Crescente;Acidentes de outra natureza;1;0;0;0;0;0;0;0;0;0;0;0;0;0;0
05/03/2023;19:21:04;99;Sem vítima;254,000;BR-101/SC;Decrescente;Acidentes de outra natureza;1;0;0;0;0;0;0;0;0;0;0;0;0;0;0
05/03/2023;19:51:25;102;Sem vítima;387,000;BR-101/SC;Decrescente;Acidentes de outra natureza;1;0;0;0;0;0;0;0;0;0;0;0;0;0;0
05/03/2023;20:13:29;104;Sem vítima;463,000;BR-101/SC;Decrescente;Acidentes de outra natureza;0;0;0;0;0;0;0;0;0;0;2;0;0;0;0
06/03/2023;00:37:17;3;Sem vítima;365,000;BR-101/SC;Decrescente;Colisão lateral no mesmo sentido;0;0;0;0;0;0;0;0;0;0;1;0;0;0;0
06/03/2023;00:58:22;5;Sem vítima;247,370;BR-101/SC;Crescente;Acidentes de outra natureza;0;0;0;0;0;0;0;0;0;0;1;0;0;0;0
06/03/2023;05:57:07;16;Sem vítima;360,000;BR-101/SC;Decrescente;Choque;0;0;0;0;0;0;0;0;0;0;1;0;0;0;0
06/03/2023;06:45:44;17;Sem vítima;307,000;BR-101/SC;Decrescente;Choque;1;0;0;0;0;0;0;0;0;0;1;0;0;0;0
06/03/2023;08:06:13;27;Sem vítima;331,000;BR-101/SC;Crescente;Colisão transversal;0;0;0;0;0;0;0;0;0;0;1;0;0;0;0
06/03/2023;08:11:43;28;Sem vítima;404,000;BR-101/SC;Decrescente;Acidentes de outra natureza;0;0;1;0;0;0;0;0;0;0;0;0;0;0;0
06/03/2023;08:27:27;31;Sem vítima;323,000;BR-101/SC;Crescente;Acidentes de outra natureza;1;0;0;0;0;0;0;0;0;0;0;0;0;0;0
06/03/2023;08:43:30;33;Sem vítima;344,000;BR-101/SC;Decrescente;Acidentes de outra natureza;0;0;1;0;0;0;0;0;0;0;0;0;0;0;0
06/03/2023;08:56:14;35;Sem vítima;429,000;BR-101/SC;Crescente;Acidentes de outra natureza;0;0;1;0;0;0;0;0;0;0;0;0;0;0;0
06/03/2023;09:31:43;38;Sem vítima;429,000;BR-101/SC;Crescente;Acidentes de outra natureza;0;0;1;0;0;0;0;0;0;0;0;0;0;0;0
06/03/2023;09:42:43;39;Sem vítima;277,000;BR-101/SC;Decrescente;Acidentes de outra natureza;1;0;0;0;0;0;0;0;0;0;0;0;0;0;0
06/03/2023;10:01:53;41;Sem vítima;365,000;BR-101/SC;Decrescente;Acidentes de outra natureza;1;0;0;0;0;0;0;0;0;0;0;0;0;0;0
06/03/2023;10:14:27;42;Sem vítima;356,270;BR-101/SC;Decrescente;Acidentes de outra natureza;1;0;0;0;0;0;0;0;0;0;0;0;0;0;0
06/03/2023;10:20:15;46;Sem vítima;344,000;BR-101/SC;Crescente;Acidentes de outra natureza;1;0;0;0;0;0;0;0;0;0;0;0;0;0;0
06/03/2023;10:26:06;47;Sem vítima;391,000;BR-101/SC;Decrescente;Acidentes de outra natureza;1;0;0;0;0;0;0;0;0;0;0;0;0;0;0
06/03/2023;10:46:02;50;Sem vítima;392,000;BR-101/SC;Crescente;Acidentes de outra natureza;1;0;0;0;0;0;0;0;0;0;0;0;0;0;0
06/03/2023;11:31:27;55;Sem vítima;406,000;BR-101/SC;Decrescente;Acidentes de outra natureza;1;0;0;0;0;0;0;0;0;0;0;0;0;0;0
06/03/2023;12:16:48;58;Sem vítima;298,000;BR-101/SC;Decrescente;Acidentes de outra natureza;0;0;0;1;0;0;0;0;0;0;0;0;0;0;0
06/03/2023;12:39:05;59;Sem vítima;330,000;BR-101/SC;Crescente;Acidentes de outra natureza;0;0;1;0;0;0;0;0;0;0;0;0;0;0;0
06/03/2023;12:44:21;60;Sem vítima;285,000;BR-101/SC;Decrescente;Acidentes de outra natureza;0;0;1;0;0;0;0;0;0;0;0;0;0;0;0
06/03/2023;14:34:48;68;Sem vítima;337,000;BR-101/SC;Decrescente;Acidentes de outra natureza;1;0;0;0;0;0;0;0;0;0;0;0;0;0;0
06/03/2023;14:38:53;69;Sem vítima;340,000;BR-101/SC;Crescente;Acidentes de outra natureza;1;0;0;0;0;0;0;0;0;0;0;0;0;0;0
06/03/2023;14:41:19;70;Sem vítima;320,000;BR-101/SC;Crescente;Acidentes de outra natureza;1;0;0;0;0;0;0;0;0;0;0;0;0;0;0
06/03/2023;17:57:33;94;Com vítima;385,000;BR-101/SC;Crescente;Acidentes de outra natureza;0;0;0;0;0;0;0;0;0;0;0;1;0;0;0
07/03/2023;00:13:25;1;Sem vítima;383,000;BR-101/SC;Crescente;Acidentes de outra natureza;0;0;0;0;0;0;0;0;0;0;1;0;0;0;0
07/03/2023;06:53:18;16;Sem vítima;327,000;BR-101/SC;Crescente;Colisão lateral no mesmo sentido;0;0;0;0;0;0;0;0;0;0;1;0;0;0;0
07/03/2023;11:39:52;68;Sem vítima;293,000;BR-101/SC;Crescente;Colisão lateral no mesmo sentido;0;0;0;0;0;0;0;0;0;0;1;0;0;0;0
07/03/2023;18:11:05;112;Com vítima;307,000;BR-101/SC;Crescente;Colisão traseira;0;0;0;0;0;0;0;0;0;0;0;1;0;0;0
07/03/2023;18:21:59;113;Com vítima;285,000;BR-101/SC;Crescente;Queda de moto;0;0;0;0;0;0;0;0;0;0;0;1;0;0;0
07/03/2023;20:04:22;122;Com vítima;443,000;BR-101/SC;Decrescente;Colisão lateral no mesmo sentido;0;0;0;0;0;0;0;0;0;0;1;0;0;0;0
07/03/2023;20:04:44;123;Com vítima;350,000;BR-101/SC;Crescente;Colisão traseira;1;0;0;0;0;0;0;0;0;0;0;1;0;0;0
07/03/2023;22:33:33;124;Com vítima;341,000;BR-101/SC;Decrescente;Colisão frontal;0;0;0;0;0;0;0;0;0;0;0;1;0;0;0
08/03/2023;04:24:26;4;Sem vítima;339,000;BR-101/SC;Decrescente;Acidentes de outra natureza;0;0;0;0;0;0;0;0;0;0;1;0;0;0;0
08/03/2023;08:52:55;50;Com vítima;285,000;BR-101/SC;Crescente;Queda de moto;0;0;0;0;0;0;0;0;0;0;0;1;0;0;0
08/03/2023;08:57:56;54;Sem vítima;248,000;BR-101/SC;Decrescente;Acidentes de outra natureza;0;0;0;0;0;0;0;0;0;0;1;0;0;0;0
08/03/2023;13:36:51;93;Com vítima;354,000;BR-101/SC;Decrescente;Acidentes de outra natureza;1;0;0;0;0;0;0;0;0;0;0;1;0;0;0
09/03/2023;02:45:08;7;Sem vítima;294,000;BR-101/SC;Crescente;Acidentes de outra natureza;0;0;1;0;0;0;0;0;0;0;1;0;0;0;0
09/03/2023;07:07:35;23;Com vítima;327,000;BR-101/SC;Decrescente;Colisão traseira;0;0;0;0;0;0;0;0;0;0;1;0;0;0;0
09/03/2023;09:57:29;77;Sem vítima;330,000;BR-101/SC;Decrescente;Queda de moto;0;0;0;0;0;0;0;0;0;0;1;0;0;0;0
09/03/2023;14:18:22;103;Sem vítima;379,000;BR-101/SC;Crescente;Acidentes de outra natureza;0;0;0;0;0;0;0;0;0;0;1;0;0;0;0
09/03/2023;17:51:04;118;Sem vítima;329,000;BR-101/SC;Crescente;Capotamento;0;0;0;0;0;0;0;0;0;0;1;0;0;0;0
10/03/2023;07:01:32;19;Sem vítima;370,000;BR-101/SC;Crescente;Acidentes de outra natureza;0;0;1;0;0;0;0;0;0;0;1;0;0;0;0
10/03/2023;12:40:14;77;Sem vítima;404,000;BR-101/SC;Crescente;Colisão traseira;1;0;0;0;0;0;0;0;0;0;1;0;0;0;0
11/03/2023;04:37:08;8;Sem vítima;274,000;BR-101/SC;Crescente;Colisão traseira;1;0;0;0;0;0;0;0;0;0;1;0;0;0;0
11/03/2023;06:03:47;10;Com vítima;270,000;BR-101/SC;Decrescente;Queda de moto;0;0;0;1;0;0;0;0;0;0;0;0;0;0;1
11/03/2023;06:41:02;12;Com vítima;377,000;BR-101/SC;Decrescente;Queda de moto;0;0;0;0;0;0;0;0;0;0;0;0;0;0;1
11/03/2023;08:47:57;31;Sem vítima;307,000;BR-101/SC;Crescente;Acidentes de outra natureza;0;0;0;0;0;0;0;0;0;0;1;0;0;0;0
11/03/2023;17:10:35;81;Sem vítima;351,000;BR-101/SC;Decrescente;Colisão traseira;0;0;0;0;0;0;0;0;0;0;1;0;0;0;0
11/03/2023;18:07:24;87;Com vítima;247,000;BR-101/SC;Crescente;Capotamento;0;0;0;0;0;0;0;0;0;0;0;0;0;0;0
11/03/2023;20:15:12;100;Com vítima;452,000;BR-101/SC;Crescente;Atropelamento de ciclista;0;0;0;0;0;0;0;0;0;0;0;0;0;1;0
11/03/2023;23:14:49;111;Com vítima;419,000;BR-101/SC;Decrescente;Colisão lateral no mesmo sentido;0;0;0;0;0;0;0;0;0;0;1;0;0;0;0
12/03/2023;00:48:44;3;Sem vítima;311,000;BR-101/SC;Decrescente;Acidentes de outra natureza;1;0;0;0;0;0;0;0;0;0;1;0;0;0;0
12/03/2023;17:53:18;56;Com vítima;336,000;BR-101/SC;Decrescente;Queda de moto;0;0;0;0;0;0;0;0;0;0;0;1;0;0;0
12/03/2023;19:33:16;72;Sem vítima;325,000;BR-101/SC;Crescente;Engavetamento;0;0;0;0;0;0;0;0;0;0;1;0;0;0;0
13/03/2023;05:55:07;7;Sem vítima;274,000;BR-101/SC;Decrescente;Acidentes de outra natureza;1;0;0;0;0;0;0;0;0;0;1;0;0;0;0
13/03/2023;07:55:19;26;Sem vítima;280,000;BR-101/SC;Decrescente;Capotamento;0;0;0;0;0;0;0;0;0;0;1;0;0;0;0
13/03/2023;19:22:24;104;Com vítima;322,000;BR-101/SC;Decrescente;Atropelamento de animal;0;0;0;0;0;0;0;0;0;0;0;0;0;0;0
14/03/2023;13:37:10;76;Sem vítima;298,000;BR-101/SC;Crescente;Colisão traseira;0;0;0;0;0;0;0;0;0;0;1;0;0;0;0
14/03/2023;16:10:56;91;Com vítima;420,000;BR-101/SC;Crescente;Queda de moto;0;0;0;1;0;0;0;0;0;0;0;1;0;0;0
14/03/2023;18:13:07;102;Com vítima;308,000;BR-101/SC;Decrescente;Acidentes de outra natureza;0;0;0;0;0;0;0;0;0;0;0;1;0;0;0
14/03/2023;18:58:11;108;Com vítima;254,000;BR-101/SC;Decrescente;Choque;0;0;0;0;0;0;0;0;0;0;0;0;1;0;0
14/03/2023;20:40:20;112;Sem vítima;253,590;BR-101/SC;Decrescente;Colisão traseira;0;0;0;0;0;0;0;0;0;0;1;0;0;0;0
14/03/2023;23:43:04;120;Com vítima;256,000;BR-101/SC;Decrescente;Choque;0;0;0;0;0;0;0;0;0;0;0;1;0;0;0
15/03/2023;08:58:31;41;Sem vítima;378,000;BR-101/SC;Decrescente;Acidentes de outra natureza;0;0;0;0;0;0;0;0;0;0;1;0;0;0;0
15/03/2023;17:58:15;101;Sem vítima;289,000;BR-101/SC;Decrescente;Acidentes de outra natureza;0;0;0;0;0;0;0;0;0;0;1;0;0;0;0
15/03/2023;18:30:37;104;Com vítima;406,000;BR-101/SC;Decrescente;Capotamento;0;0;0;0;0;0;0;0;0;0;0;1;0;0;0
15/03/2023;18:41:56;107;Com vítima;282,000;BR-101/SC;Crescente;Queda de moto;0;0;0;0;0;0;0;0;0;0;1;0;0;0;0
16/03/2023;14:05:27;86;Sem vítima;298,000;BR-101/SC;Crescente;Queda de moto;0;0;0;0;0;0;0;0;0;0;1;0;0;0;0
16/03/2023;16:08:20;97;Com vítima;262,000;BR-101/SC;Decrescente;Acidentes de outra natureza;0;0;0;0;0;0;0;0;0;0;0;1;0;0;0
16/03/2023;17:15:02;99;Sem vítima;393,000;BR-101/SC;Crescente;Acidentes de outra natureza;0;0;0;0;0;0;0;0;0;0;1;0;0;0;0
16/03/2023;22:09:12;122;Sem vítima;351,000;BR-101/SC;Decrescente;Colisão traseira;0;0;0;0;0;0;0;0;0;0;1;0;0;0;0
17/03/2023;04:27:59;8;Sem vítima;346,000;BR-101/SC;Crescente;Atropelamento de animal;0;0;0;0;0;0;0;0;0;0;1;0;0;0;0
17/03/2023;08:37:41;44;Sem vítima;344,000;BR-101/SC;Decrescente;Colisão traseira;0;0;0;0;0;0;0;0;0;0;1;0;0;0;0
17/03/2023;11:39:04;80;Com vítima;364,000;BR-101/SC;Crescente;Acidentes de outra natureza;0;0;0;0;0;0;0;0;0;0;1;0;0;0;0
17/03/2023;15:21:05;107;Sem vítima;336,000;BR-101/SC;Crescente;Colisão traseira;0;0;0;0;0;0;0;0;0;0;1;0;0;0;0
17/03/2023;15:38:14;111;Sem vítima;350,000;BR-101/SC;Decrescente;Colisão traseira;0;0;0;0;0;0;0;0;0;0;1;0;0;0;0
17/03/2023;18:44:41;125;Sem vítima;435,000;BR-101/SC;Crescente;Colisão lateral no mesmo sentido;0;0;0;0;0;0;0;0;0;0;1;0;0;0;0
18/03/2023;01:55:54;4;Sem vítima;329,000;BR-101/SC;Crescente;Capotamento;0;0;0;0;0;0;0;0;0;0;1;0;0;0;0
18/03/2023;14:45:58;84;Com vítima;435,000;BR-101/SC;Decrescente;Colisão frontal;0;0;0;0;0;0;0;0;0;0;1;0;0;0;0
18/03/2023;17:08:35;95;Com vítima;332,000;BR-101/SC;Crescente;Colisão lateral no mesmo sentido;0;0;0;0;0;0;0;0;0;0;1;0;0;0;0
18/03/2023;21:44:45;116;Com vítima;248,000;BR-101/SC;Crescente;Acidentes de outra natureza;1;0;0;0;0;0;0;0;0;0;0;1;0;0;0
18/03/2023;22:40:28;118;Sem vítima;288,000;BR-101/SC;Crescente;Colisão traseira;0;0;0;0;0;0;0;0;0;0;1;0;0;0;0
19/03/2023;21:20:36;108;Com vítima;360,000;BR-101/SC;Crescente;Atropelamento de animal;0;0;0;0;0;0;0;0;0;0;0;0;0;0;0
20/03/2023;16:14:39;80;Sem vítima;316,000;BR-101/SC;Decrescente;Acidentes de outra natureza;0;0;0;0;0;0;0;0;0;0;1;0;0;0;0
21/03/2023;05:10:33;9;Sem vítima;367,000;BR-101/SC;Decrescente;Acidentes de outra natureza;0;0;0;0;0;0;0;0;0;0;1;0;0;0;0
22/03/2023;00:12:14;2;Sem vítima;335,000;BR-101/SC;Decrescente;Acidentes de outra natureza;0;0;0;0;0;0;0;0;0;0;1;0;0;0;0
22/03/2023;00:42:59;3;Sem vítima;273,000;BR-101/SC;Crescente;Acidentes de outra natureza;0;0;0;0;0;0;0;0;0;0;1;0;0;0;0
22/03/2023;21:47:20;131;Sem vítima;359,000;BR-101/SC;Crescente;Acidentes de outra natureza;1;0;0;0;0;0;0;0;0;0;1;0;0;0;0
23/03/2023;07:14:25;13;Sem vítima;257,000;BR-101/SC;Decrescente;Colisão lateral no mesmo sentido;0;0;0;0;0;0;0;0;0;0;1;0;0;0;0
23/03/2023;08:10:33;34;Sem vítima;258,000;BR-101/SC;Decrescente;Colisão traseira;0;0;0;0;0;0;0;0;0;0;1;0;0;0;0
23/03/2023;12:20:01;74;Com vítima;439,000;BR-101/SC;Crescente;Capotamento;0;0;0;0;0;0;0;0;0;0;1;0;0;0;0
23/03/2023;15:54:58;96;Com vítima;337,000;BR-101/SC;Crescente;Colisão traseira;0;0;0;0;0;0;0;0;0;0;0;1;0;0;0
25/03/2023;01:32:49;5;Com vítima;369,000;BR-101/SC;Decrescente;Acidentes de outra natureza;0;0;0;0;0;0;0;0;0;0;0;1;0;0;0
25/03/2023;07:29:34;20;Sem vítima;273,000;BR-101/SC;Crescente;Acidentes de outra natureza;0;0;0;0;0;0;0;0;0;0;1;0;0;0;0
25/03/2023;09:44:41;41;Com vítima;358,000;BR-101/SC;Decrescente;Colisão lateral no mesmo sentido;0;0;0;0;0;0;0;0;0;0;1;0;0;0;0
25/03/2023;09:57:52;44;Com vítima;374,000;BR-101/SC;Crescente;Acidentes de outra natureza;0;0;0;0;0;0;0;0;0;0;0;0;0;1;0
25/03/2023;20:40:37;77;Sem vítima;370,000;BR-101/SC;Decrescente;Acidentes de outra natureza;0;0;0;0;0;0;0;0;0;0;1;0;0;0;0
26/03/2023;15:32:36;56;Com vítima;275,000;BR-101/SC;Decrescente;Atropelamento de ciclista;0;0;0;0;0;0;0;0;0;0;0;0;1;0;0
26/03/2023;23:12:26;99;Sem vítima;336,000;BR-101/SC;Decrescente;Colisão lateral no mesmo sentido;0;0;0;0;0;0;0;0;0;0;1;0;0;0;0
27/03/2023;07:16:26;14;Com vítima;364,000;BR-101/SC;Decrescente;Colisão traseira;0;0;0;0;0;0;0;0;0;0;0;0;1;0;0
27/03/2023;07:31:45;25;Com vítima;370,060;BR-101/SC;Decrescente;Colisão lateral no mesmo sentido;0;0;0;0;0;0;0;0;0;0;0;1;0;0;0
27/03/2023;07:44:42;29;Sem vítima;347,000;BR-101/SC;Crescente;Colisão lateral no mesmo sentido;0;0;0;0;0;0;0;0;0;0;1;0;0;0;0
27/03/2023;13:34:03;73;Sem vítima;350,000;BR-101/SC;Decrescente;Colisão lateral no mesmo sentido;0;0;0;0;0;0;0;0;0;0;1;0;0;0;0
28/03/2023;20:24:49;106;Com vítima;363,000;BR-101/SC;Crescente;Acidentes de outra natureza;1;0;0;0;0;0;0;0;0;0;0;0;0;0;0
29/03/2023;08:48:24;47;Sem vítima;414,000;BR-101/SC;Crescente;Capotamento;0;0;0;0;0;0;0;0;0;0;1;0;0;0;0
29/03/2023;10:51:28;60;Sem vítima;392,000;BR-101/SC;Decrescente;Colisão traseira;0;0;0;0;0;0;0;0;0;0;1;0;0;0;0
29/03/2023;18:59:10;102;Sem vítima;349,000;BR-101/SC;Crescente;Colisão lateral no mesmo sentido;1;0;0;0;0;0;0;0;0;0;1;0;0;0;0
29/03/2023;21:32:20;108;Sem vítima;352,000;BR-101/SC;Decrescente;Colisão traseira;0;0;0;0;0;0;0;0;0;0;1;0;0;0;0
30/03/2023;11:08:02;76;Sem vítima;404,000;BR-101/SC;Decrescente;Colisão lateral no mesmo sentido;0;0;0;0;0;0;0;0;0;0;1;0;0;0;0
30/03/2023;13:56:32;95;Com vítima;299,000;BR-101/SC;Decrescente;Colisão lateral no mesmo sentido;0;0;0;0;0;0;0;0;0;0;0;0;1;0;0
30/03/2023;17:49:49;114;Com vítima;426,000;BR-101/SC;Decrescente;Queda de moto;0;0;0;0;0;0;0;0;0;0;0;1;0;0;0