data;horario;n_da_ocorrencia;tipo_de_ocorrencia;km;trecho;sentido;tipo_de_acidente;automovel;bicicleta;caminhao;moto;onibus;outros;tracao_animal;transporte_de_cargas_especiais;trator_maquinas;utilitarios;ilesos;levemente_feridos;moderadamente_feridos;gravemente_feridos;mortos
19/05/2023;02:32:39;3;Com vítima;383,000;BR-101/SC;Decrescente;Choque;0;0;0;0;0;0;0;0;0;0;1;0;0;0;0
19/05/2023;03:09:44;4;Sem vítima;330,000;BR-101/SC;Decrescente;Acidentes de outra natureza;1;0;0;0;0;0;0;0;0;0;1;0;0;0;0
19/05/2023;06:11:21;10;Sem vítima;298,000;BR-101/SC;Decrescente;Colisão traseira;0;0;0;0;0;0;0;0;0;0;1;0;0;0;0
19/05/2023;08:50:14;61;Sem vítima;404,000;BR-101/SC;Decrescente;Colisão traseira;0;0;0;0;0;0;0;0;0;0;1;0;0;0;0
19/05/2023;20:33:28;136;Sem vítima;281,000;BR-101/SC;Decrescente;Atropelamento de animal;0;0;0;0;0;0;0;0;0;0;1;0;0;0;0
20/05/2023;04:45:19;6;Com vítima;317,000;BR-101/SC;Decrescente;Colisão traseira;1;0;0;0;0;0;0;0;0;0;1;0;0;0;0
20/05/2023;17:39:58;100;Com vítima;322,000;BR-101/SC;Decrescente;Colisão lateral no mesmo sentido;0;0;0;0;0;0;0;0;0;0;0;0;1;0;0
20/05/2023;18:16:47;104;Com vítima;307,000;BR-101/SC;Decrescente;Colisão lateral no mesmo sentido;0;0;0;0;0;0;0;0;0;0;1;0;0;0;0
21/05/2023;01:08:48;1;Sem vítima;269,000;BR-101/SC;Decrescente;Acidentes de outra natureza;0;0;0;0;0;0;0;0;0;0;1;0;0;0;0
21/05/2023;02:04:27;4;Com vítima;377,000;BR-101/SC;Crescente;Colisão frontal;1;0;0;0;0;0;0;0;0;0;2;0;0;0;0
21/05/2023;13:51:19;55;Sem vítima;322,000;BR-101/SC;Crescente;Colisão traseira;0;0;0;0;0;0;0;0;0;0;1;0;0;0;0
21/05/2023;17:10:12;78;Com vítima;450,000;BR-101/SC;Decrescente;Colisão lateral no mesmo sentido;0;0;0;0;0;0;0;0;0;0;1;0;0;0;0
22/05/2023;11:16:31;81;Com vítima;276,000;BR-101/SC;Decrescente;Colisão traseira;0;0;0;0;0;0;0;0;0;0;1;0;0;0;0
22/05/2023;18:43:09;118;Sem vítima;424,000;BR-101/SC;Decrescente;Acidentes de outra natureza;0;0;0;0;0;0;0;0;0;0;1;0;0;0;0
23/05/2023;07:04:14;25;Sem vítima;405,000;BR-101/SC;Decrescente;Acidentes de outra natureza;0;0;0;0;0;0;0;0;0;0;1;0;0;0;0
26/05/2023;02:49:46;7;Com vítima;334,000;BR-101/SC;Crescente;Acidentes de outra natureza;0;0;0;0;0;0;0;0;0;0;0;0;0;0;1
26/05/2023;06:39:53;16;Com vítima;336,000;BR-101/SC;Crescente;Choque;1;0;0;0;0;0;0;0;0;0;0;1;0;0;0
26/05/2023;17:24:47;114;Sem vítima;358,000;BR-101/SC;Crescente;Tombamento;0;0;0;0;0;0;0;0;0;0;1;0;0;0;0
26/05/2023;18:02:19;118;Com vítima;332,000;BR-101/SC;Crescente;Colisão traseira;0;0;0;0;0;0;0;0;0;0;0;1;0;0;0
27/05/2023;06:30:47;10;Sem vítima;363,000;BR-101/SC;Decrescente;Acidentes de outra natureza;0;0;0;0;0;0;0;0;0;0;1;0;0;0;0
27/05/2023;07:33:49;25;Sem vítima;375,000;BR-101/SC;Crescente;Acidentes de outra natureza;0;0;0;0;0;0;0;0;0;0;1;0;0;0;0
27/05/2023;10:10:32;48;Sem vítima;337,000;BR-101/SC;Crescente;Choque;0;0;0;0;0;0;0;0;0;0;1;0;0;0;0
27/05/2023;10:39:56;52;Com vítima;349,000;BR-101/SC;Decrescente;Choque;0;0;0;0;0;0;0;0;0;0;0;0;1;0;0
27/05/2023;11:05:11;55;Com vítima;349,000;BR-101/SC;Decrescente;Colisão traseira;0;0;0;0;0;0;0;0;0;0;1;0;0;0;0
28/05/2023;00:32:02;1;Sem vítima;324,000;BR-101/SC;Decrescente;Capotamento;0;0;0;0;0;0;0;0;0;0;1;0;0;0;0
28/05/2023;03:08:33;5;Sem vítima;264,000;BR-101/SC;Crescente;Acidentes de outra natureza;0;0;0;0;0;0;0;0;0;0;1;0;0;0;0
28/05/2023;04:18:41;8;Sem vítima;400,000;BR-101/SC;Crescente;Acidentes de outra natureza;0;0;0;0;0;0;0;0;0;0;1;0;0;0;0
28/05/2023;05:34:39;11;Sem vítima;333,000;BR-101/SC;Decrescente;Capotamento;0;0;0;0;0;0;0;0;0;0;1;0;0;0;0
28/05/2023;06:16:27;15;Sem vítima;328,000;BR-101/SC;Decrescente;Acidentes de outra natureza;0;0;0;0;0;0;0;0;0;0;1;0;0;0;0
28/05/2023;06:39:20;18;Sem vítima;444,000;BR-101/SC;Crescente;Choque;0;0;0;0;0;0;0;0;0;0;1;0;0;0;0
28/05/2023;13:05:37;41;Sem vítima;350,000;BR-101/SC;Crescente;Acidentes de outra natureza;0;0;0;0;0;0;0;0;0;0;1;0;0;0;0
28/05/2023;14:20:11;48;Sem vítima;289,000;BR-101/SC;Crescente;Choque;0;0;0;0;0;0;0;0;0;0;1;0;0;0;0
28/05/2023;17:43:07;61;Sem vítima;405,000;BR-101/SC;Crescente;Colisão traseira;0;0;0;0;0;0;0;0;0;0;1;0;0;0;0
29/05/2023;02:22:56;4;Sem vítima;247,000;BR-101/SC;Crescente;Acidentes de outra natureza;0;0;0;0;0;0;0;0;0;0;1;0;0;0;0
29/05/2023;07:23:32;20;Sem vítima;417,000;BR-101/SC;Crescente;Acidentes de outra natureza;0;1;0;0;0;0;0;0;0;0;0;0;0;0;0
29/05/2023;19:11:45;106;Sem vítima;356,000;BR-101/SC;Crescente;Acidentes de outra natureza;1;0;0;0;0;0;0;0;0;0;1;0;0;0;0
30/05/2023;09:12:13;70;Sem vítima;335,000;BR-101/SC;Decrescente;Acidentes de outra natureza;1;0;0;0;0;0;0;0;0;0;0;0;0;0;0
30/05/2023;17:58:29;108;Sem vítima;420,000;BR-101/SC;Crescente;Acidentes de outra natureza;0;0;0;1;0;0;0;0;0;0;0;0;0;0;0
30/05/2023;18:36:08;113;Sem vítima;404,000;BR-101/SC;Decrescente;Acidentes de outra natureza;1;0;0;0;0;0;0;0;0;0;0;0;0;0;0
31/05/2023;18:51:25;103;Sem vítima;352,000;BR-101/SC;Decrescente;Acidentes de outra natureza;1;0;0;0;0;0;0;0;0;0;0;0;0;0;0
31/05/2023;18:58:16;107;Sem vítima;350,000;BR-101/SC;Crescente;Acidentes de outra natureza;1;0;0;0;0;0;0;0;0;0;0;0;0;0;0
31/05/2023;20:35:35;118;Sem vítima;368,000;BR-101/SC;Crescente;Acidentes de outra natureza;0;0;1;0;0;0;0;0;0;0;0;0;0;0;0
01/06/2023;17:30:39;103;Sem vítima;300,000;BR-101/SC;Crescente;Acidentes de outra natureza;0;0;1;0;0;0;0;0;0;0;0;0;0;0;0
02/06/2023;10:36:43;75;Sem vítima;321,000;BR-101/SC;Crescente;Acidentes de outra natureza;1;0;0;0;0;0;0;0;0;0;0;0;0;0;0
02/06/2023;15:54:47;110;Sem vítima;323,000;BR-101/SC;Decrescente;Acidentes de outra natureza;1;0;0;0;0;0;0;0;0;0;0;0;0;0;0
02/06/2023;17:01:27;121;Sem vítima;322,000;BR-101/SC;Decrescente;Acidentes de outra natureza;0;0;0;0;0;0;0;0;0;0;1;0;0;0;0
02/06/2023;18:49:48;129;Sem vítima;334,000;BR-101/SC;Decrescente;Acidentes de outra natureza;1;0;0;0;0;0;0;0;0;0;0;0;0;0;0
02/06/2023;23:44:44;154;Sem vítima;286,000;BR-101/SC;Crescente;Acidentes de outra natureza;1;0;0;0;0;0;0;0;0;0;0;0;0;0;0
03/06/2023;00:37:01;3;Com vítima;374,000;BR-101/SC;Decrescente;Acidentes de outra natureza;1;0;0;0;0;0;0;0;0;0;0;1;0;0;0
03/06/2023;06:47:52;12;Sem vítima;436,000;BR-101/SC;Crescente;Acidentes de outra natureza;1;0;0;0;0;0;0;0;0;0;0;0;0;0;0
03/06/2023;19:51:33;101;Sem vítima;335,000;BR-101/SC;Decrescente;Acidentes de outra natureza;1;0;0;0;0;0;0;0;0;0;0;0;0;0;0
04/06/2023;00:02:55;1;Com vítima;437,000;BR-101/SC;Decrescente;Acidentes de outra natureza;0;0;0;0;0;0;0;0;0;0;0;1;0;0;0
04/06/2023;04:12:22;7;Sem vítima;269,500;BR-101/SC;Decrescente;Acidentes de outra natureza;1;0;0;0;0;0;0;0;0;0;0;0;0;0;0
04/06/2023;05:12:30;12;Sem vítima;416,000;BR-101/SC;Crescente;Acidentes de outra natureza;1;0;0;0;0;0;0;0;0;0;0;0;0;0;0
04/06/2023;08:23:42;29;Sem vítima;357,000;BR-101/SC;Crescente;Acidentes de outra natureza;1;0;0;0;0;0;0;0;0;0;0;0;0;0;0
05/06/2023;15:51:52;121;Sem vítima;277,000;BR-101/SC;Decrescente;Acidentes de outra natureza;0;0;0;0;0;0;0;0;0;0;1;0;0;0;0
05/06/2023;18:27:56;130;Sem vítima;267,000;BR-101/SC;Decrescente;Acidentes de outra natureza;0;0;0;1;0;0;0;0;0;0;0;0;0;0;0
05/06/2023;19:32:08;135;Sem vítima;323,000;BR-101/SC;Decrescente;Acidentes de outra natureza;1;0;0;0;0;0;0;0;0;0;0;0;0;0;0
05/06/2023;22:42:59;150;Sem vítima;354,000;BR-101/SC;Decrescente;Acidentes de outra natureza;1;0;0;0;0;0;0;0;0;0;0;0;0;0;0
06/06/2023;01:18:22;2;Sem vítima;422,000;BR-101/SC;Crescente;Acidentes de outra natureza;1;0;0;0;0;0;0;0;0;0;0;0;0;0;0
06/06/2023;01:37:06;3;Sem vítima;296,000;BR-101/SC;Decrescente;Acidentes de outra natureza;1;0;0;0;0;0;0;0;0;0;0;0;0;0;0
06/06/2023;16:02:48;101;Sem vítima;337,000;BR-101/SC;Decrescente;Queda de moto;0;0;0;1;0;0;0;0;0;0;0;0;0;0;0
06/06/2023;18:28:24;119;Sem vítima;314,000;BR-101/SC;Crescente;Acidentes de outra natureza;1;0;0;0;0;0;0;0;0;0;0;0;0;0;0
06/06/2023;19:07:02;126;Sem vítima;453,000;BR-101/SC;Decrescente;Acidentes de outra natureza;0;0;1;0;0;0;0;0;0;0;0;0;0;0;0
06/06/2023;20:31:07;135;Sem vítima;264,000;BR-101/SC;Decrescente;Acidentes de outra natureza;1;0;0;0;0;0;0;0;0;0;0;0;0;0;0
07/06/2023;04:48:46;16;Sem vítima;340,000;BR-101/SC;Decrescente;Acidentes de outra natureza;0;0;0;1;0;0;0;0;0;0;0;0;0;0;0
07/06/2023;09:24:46;73;Com vítima;448,000;BR-101/SC;Crescente;Choque;0;0;1;0;0;0;0;0;0;0;0;1;0;0;0
07/06/2023;16:36:36;132;Sem vítima;343,000;BR-101/SC;Crescente;Acidentes de outra natureza;1;0;0;0;0;0;0;0;0;0;0;0;0;0;0
07/06/2023;20:42:07;149;Sem vítima;282,000;BR-101/SC;Crescente;Acidentes de outra natureza;0;0;0;1;0;0;0;0;0;0;0;0;0;0;0
08/06/2023;02:51:53;7;Sem vítima;280,000;BR-101/SC;Crescente;Acidentes de outra natureza;1;0;0;0;0;0;0;0;0;0;0;0;0;0;0
08/06/2023;12:04:44;61;Sem vítima;360,000;BR-101/SC;Decrescente;Acidentes de outra natureza;1;0;0;0;0;0;0;0;0;0;0;0;0;0;0
08/06/2023;12:36:15;66;Sem vítima;360,000;BR-101/SC;Decrescente;Acidentes de outra natureza;1;0;0;0;0;0;0;0;0;0;0;0;0;0;0
08/06/2023;19:08:30;92;Sem vítima;329,000;BR-101/SC;Decrescente;Acidentes de outra natureza;1;0;0;0;0;0;0;0;0;0;0;0;0;0;0
08/06/2023;20:36:17;104;Sem vítima;403,000;BR-101/SC;Decrescente;Acidentes de outra natureza;1;0;0;0;0;0;0;0;0;0;0;0;0;0;0
09/06/2023;12:17:58;60;Sem vítima;334,000;BR-101/SC;Crescente;Acidentes de outra natureza;1;0;0;0;0;0;0;0;0;0;0;0;0;0;0
10/06/2023;02:16:36;8;Sem vítima;362,000;BR-101/SC;Decrescente;Acidentes de outra natureza;1;0;0;0;0;0;0;0;0;0;0;0;0;0;0
10/06/2023;05:21:42;18;Sem vítima;329,000;BR-101/SC;Crescente;Acidentes de outra natureza;1;0;0;0;0;0;0;0;0;0;0;0;0;0;0
10/06/2023;21:15:45;98;Sem vítima;270,000;BR-101/SC;Decrescente;Acidentes de outra natureza;1;0;0;0;0;0;0;0;0;0;0;0;0;0;0
11/06/2023;03:57:25;9;Sem vítima;342,000;BR-101/SC;Crescente;Acidentes de outra natureza;0;0;0;0;0;0;0;0;0;0;1;0;0;0;0
11/06/2023;14:05:25;60;Sem vítima;464,000;BR-101/SC;Decrescente;Acidentes de outra natureza;1;0;0;0;0;0;0;0;0;0;0;0;0;0;0
11/06/2023;17:06:51;80;Sem vítima;339,000;BR-101/SC;Decrescente;Acidentes de outra natureza;1;0;0;0;0;0;0;0;0;0;0;0;0;0;0
11/06/2023;17:45:10;83;Sem vítima;291,000;BR-101/SC;Decrescente;Acidentes de outra natureza;1;0;0;0;0;0;0;0;0;0;0;0;0;0;0
13/06/2023;18:37:00;121;Sem vítima;326,000;BR-101/SC;Decrescente;Acidentes de outra natureza;0;0;0;1;0;0;0;0;0;0;0;0;0;0;0
14/06/2023;09:56:09;65;Sem vítima;288,000;BR-101/SC;Crescente;Acidentes de outra natureza;0;0;1;0;0;0;0;0;0;0;0;0;0;0;0
14/06/2023;12:20:26;85;Sem vítima;270,000;BR-101/SC;Decrescente;Acidentes de outra natureza;1;0;0;0;0;0;0;0;0;0;0;0;0;0;0
14/06/2023;18:37:05;120;Sem vítima;333,000;BR-101/SC;Crescente;Acidentes de outra natureza;1;0;0;0;0;0;0;0;0;0;0;0;0;0;0
14/06/2023;19:33:51;127;Sem vítima;275,000;BR-101/SC;Decrescente;Acidentes de outra natureza;0;0;1;0;0;0;0;0;0;0;0;0;0;0;0
15/06/2023;02:30:23;5;Sem vítima;410,000;BR-101/SC;Crescente;Acidentes de outra natureza;0;0;1;0;0;0;0;0;0;0;0;0;0;0;0
15/06/2023;08:03:59;36;Sem vítima;332,000;BR-101/SC;Decrescente;Acidentes de outra natureza;1;0;0;0;0;0;0;0;0;0;1;0;0;0;0
15/06/2023;13:54:34;78;Sem vítima;336,000;BR-101/SC;Crescente;Acidentes de outra natureza;1;0;0;0;0;0;0;0;0;0;0;0;0;0;0
15/06/2023;15:41:03;88;Sem vítima;381,000;BR-101/SC;Crescente;Acidentes de outra natureza;0;0;0;0;0;0;0;0;0;1;0;0;0;0;0
16/06/2023;04:38:21;9;Sem vítima;349,000;BR-101/SC;Decrescente;Acidentes de outra natureza;0;0;0;0;0;0;0;0;0;0;1;0;0;0;0
16/06/2023;12:26:13;79;Sem vítima;336,000;BR-101/SC;Decrescente;Acidentes de outra natureza;0;0;0;0;0;0;0;0;0;0;1;0;0;0;0
16/06/2023;18:32:42;120;Com vítima;416,000;BR-101/SC;Decrescente;Acidentes de outra natureza;0;0;0;0;0;0;0;0;0;0;1;0;0;0;0
17/06/2023;04:27:12;13;Sem vítima;253,000;BR-101/SC;Crescente;Acidentes de outra natureza;0;0;0;0;0;0;0;0;0;0;1;0;0;0;0
17/06/2023;06:49:58;20;Sem vítima;373,000;BR-101/SC;Decrescente;Acidentes de outra natureza;1;0;0;0;0;0;0;0;0;0;1;0;0;0;0
17/06/2023;20:34:12;110;Sem vítima;289,000;BR-101/SC;Crescente;Acidentes de outra natureza;0;0;0;0;0;0;0;0;0;0;1;0;0;0;0
18/06/2023;00:45:46;3;Com vítima;275,000;BR-101/SC;Decrescente;Acidentes de outra natureza;0;0;0;0;0;0;0;0;0;0;0;0;1;0;0
18/06/2023;03:36:39;11;Com vítima;358,000;BR-101/SC;Decrescente;Acidentes de outra natureza;0;0;0;0;0;0;0;0;0;0;0;0;1;0;0
18/06/2023;03:40:26;12;Com vítima;317,000;BR-101/SC;Decrescente;Acidentes de outra natureza;0;0;0;0;0;0;0;0;0;0;0;1;0;0;0
18/06/2023;05:49:55;22;Sem vítima;360,000;BR-101/SC;Decrescente;Acidentes de outra natureza;0;0;0;0;0;0;0;0;0;0;1;0;0;0;0
19/06/2023;04:15:46;11;Com vítima;327,000;BR-101/SC;Decrescente;Acidentes de outra natureza;0;0;0;0;0;0;0;0;0;0;0;0;0;0;1
19/06/2023;12:25:26;101;Sem vítima;356,000;BR-101/SC;Decrescente;Acidentes de outra natureza;0;0;0;0;0;0;0;0;0;0;1;0;0;0;0
20/06/2023;09:32:00;94;Sem vítima;358,000;BR-101/SC;Crescente;Acidentes de outra natureza;0;0;0;0;0;0;0;0;0;0;1;0;0;0;0
20/06/2023;14:27:52;124;Sem vítima;441,000;BR-101/SC;Decrescente;Acidentes de outra natureza;0;0;0;0;0;0;0;0;0;0;1;0;0;0;0
20/06/2023;19:47:27;151;Sem vítima;393,000;BR-101/SC;Decrescente;Acidentes de outra natureza;1;0;0;0;0;0;0;0;0;0;0;0;0;0;0
20/06/2023;20:16:13;153;Sem vítima;315,000;BR-101/SC;Crescente;Acidentes de outra natureza;1;0;0;0;0;0;0;0;0;0;0;0;0;0;0
21/06/2023;18:06:08;144;Sem vítima;337,000;BR-101/SC;Decrescente;Acidentes de outra natureza;1;0;0;0;0;0;0;0;0;0;0;0;0;0;0
21/06/2023;18:33:16;146;Sem vítima;332,000;BR-101/SC;Crescente;Acidentes de outra natureza;0;0;0;1;0;0;0;0;0;0;0;0;0;0;0
22/06/2023;16:03:11;125;Sem vítima;389,000;BR-101/SC;Crescente;Colisão lateral no mesmo sentido;1;0;0;0;0;0;0;0;0;0;1;0;0;0;0
23/06/2023;14:11:04;108;Sem vítima;353,000;BR-101/SC;Decrescente;Acidentes de outra natureza;0;0;1;0;0;0;0;0;0;0;0;0;0;0;0
23/06/2023;19:15:38;142;Sem vítima;358,000;BR-101/SC;Decrescente;Acidentes de outra natureza;1;0;0;0;0;0;0;0;0;0;0;0;0;0;0
24/06/2023;01:19:00;4;Sem vítima;347,000;BR-101/SC;Crescente;Colisão traseira;0;0;1;0;0;0;0;0;0;0;0;0;0;0;0
24/06/2023;07:38:45;23;Sem vítima;255,500;BR-101/SC;Crescente;Acidentes de outra natureza;0;0;0;0;0;0;0;0;0;0;1;0;0;0;0
24/06/2023;14:40:13;78;Sem vítima;330,000;BR-101/SC;Decrescente;Acidentes de outra natureza;1;0;0;0;0;0;0;0;0;0;0;0;0;0;0
24/06/2023;19:13:18;99;Sem vítima;383,000;BR-101/SC;Decrescente;Acidentes de outra natureza;1;0;0;0;0;0;0;0;0;0;0;0;0;0;0
25/06/2023;03:39:38;14;Sem vítima;267,000;BR-101/SC;Decrescente;Acidentes de outra natureza;1;0;0;0;0;0;0;0;0;0;0;0;0;0;0
25/06/2023;17:20:54;80;Sem vítima;365,000;BR-101/SC;Decrescente;Acidentes de outra natureza;0;0;0;1;0;0;0;0;0;0;1;0;0;0;0
25/06/2023;19:09:04;85;Sem vítima;360,000;BR-101/SC;Crescente;Acidentes de outra natureza;1;0;0;0;0;0;0;0;0;0;0;0;0;0;0
25/06/2023;19:54:18;91;Sem vítima;404,000;BR-101/SC;Decrescente;Acidentes de outra natureza;1;0;0;0;0;0;0;0;0;0;0;0;0;0;0
26/06/2023;19:24:14;111;Sem vítima;363,000;BR-101/SC;Decrescente;Acidentes de outra natureza;1;0;0;0;0;0;0;0;0;0;0;0;0;0;0
28/06/2023;06:51:20;21;Sem vítima;404,000;BR-101/SC;Crescente;Acidentes de outra natureza;1;0;0;0;0;0;0;0;0;0;0;0;0;0;0
28/06/2023;20:43:37;176;Sem vítima;312,000;BR-101/SC;Crescente;Acidentes de outra natureza;1;0;0;0;0;0;0;0;0;0;0;0;0;0;0
29/06/2023;09:15:06;84;Sem vítima;454,000;BR-101/SC;Decrescente;Acidentes de outra natureza;0;0;0;1;0;0;0;0;0;0;0;0;0;0;0
29/06/2023;12:08:43;113;Sem vítima;421,000;BR-101/SC;Decrescente;Acidentes de outra natureza;1;0;0;0;0;0;0;0;0;0;0;0;0;0;0
29/06/2023;18:22:41;164;Sem vítima;451,000;BR-101/SC;Crescente;Acidentes de outra natureza;0;0;0;1;0;0;0;0;0;0;0;0;0;0;0
30/06/2023;04:28:32;10;Sem vítima;333,000;BR-101/SC;Decrescente;Acidentes de outra natureza;0;0;0;1;0;0;0;0;0;0;0;0;0;0;0
30/06/2023;08:59:13;85;Sem vítima;271,000;BR-101/SC;Crescente;Acidentes de outra natureza;1;0;0;0;0;0;0;0;0;0;0;0;0;0;0
30/06/2023;10:01:59;99;Sem vítima;421,000;BR-101/SC;Decrescente;Acidentes de outra natureza;1;0;0;0;0;0;0;0;0;0;0;0;0;0;0
01/07/2023;08:33:32;50;Sem vítima;357,000;BR-101/SC;Crescente;Acidentes de outra natureza;1;0;0;0;0;0;0;0;0;0;1;0;0;0;0
01/07/2023;20:47:27;121;Sem vítima;383,000;BR-101/SC;Crescente;Acidentes de outra natureza;1;0;0;0;0;0;0;0;0;0;0;0;0;0;0
10/07/2023;06:30:33;16;Sem vítima;279,000;BR-101/SC;Decrescente;Acidentes de outra natureza;0;0;0;0;0;0;0;0;0;0;1;0;0;0;0
14/07/2023;16:33:01;109;Sem vítima;298,000;BR-101/SC;Crescente;Acidentes de outra natureza;1;0;0;0;0;0;0;0;0;0;0;0;0;0;0
15/07/2023;00:29:43;3;Sem vítima;317,000;BR-101/SC;Decrescente;Acidentes de outra natureza;1;0;0;0;0;0;0;0;0;0;0;0;0;0;0
15/07/2023;03:29:37;6;Sem vítima;325,000;BR-101/SC;Crescente;Acidentes de outra natureza;1;0;0;0;0;0;0;0;0;0;0;0;0;0;0
15/07/2023;11:02:10;78;Sem vítima;366,000;BR-101/SC;Crescente;Acidentes de outra natureza;1;0;0;0;0;0;0;0;0;0;0;0;0;0;0
15/07/2023;17:23:44;112;Sem vítima;436,000;BR-101/SC;Crescente;Acidentes de outra natureza;1;0;0;0;0;0;0;0;0;0;0;0;0;0;0
15/07/2023;22:08:21;135;Sem vítima;436,000;BR-101/SC;Crescente;Acidentes de outra natureza;1;0;0;0;0;0;0;0;0;0;0;0;0;0;0
16/07/2023;00:32:23;4;Sem vítima;298,000;BR-101/SC;Decrescente;Acidentes de outra natureza;0;0;1;0;0;0;0;0;0;0;1;0;0;0;0
16/07/2023;02:26:03;9;Sem vítima;444,000;BR-101/SC;Crescente;Acidentes de outra natureza;0;0;0;1;0;0;0;0;0;0;0;0;0;0;0
16/07/2023;09:56:31;60;Sem vítima;260,000;BR-101/SC;Crescente;Acidentes de outra natureza;1;0;0;0;0;0;0;0;0;0;0;0;0;0;0
16/07/2023;14:04:06;96;Sem vítima;424,000;BR-101/SC;Decrescente;Acidentes de outra natureza;0;0;0;0;0;0;0;0;0;0;1;0;0;0;0
16/07/2023;18:21:35;123;Sem vítima;321,000;BR-101/SC;Decrescente;Acidentes de outra natureza;1;0;0;0;0;0;0;0;0;0;0;0;0;0;0
16/07/2023;19:24:19;129;Sem vítima;383,000;BR-101/SC;Decrescente;Acidentes de outra natureza;0;0;0;0;0;0;0;0;0;1;0;0;0;0;0
17/07/2023;04:23:51;11;Sem vítima;267,000;BR-101/SC;Decrescente;Acidentes de outra natureza;1;0;0;0;0;0;0;0;0;0;0;0;0;0;0
20/07/2023;09:51:17;78;Sem vítima;301,000;BR-101/SC;Crescente;Acidentes de outra natureza;1;0;0;0;0;0;0;0;0;0;2;0;0;0;0
20/07/2023;23:07:57;154;Sem vítima;400,000;BR-101/SC;Crescente;Acidentes de outra natureza;1;0;0;0;0;0;0;0;0;0;0;0;0;0;0
21/07/2023;06:41:49;24;Sem vítima;428,000;BR-101/SC;Crescente;Acidentes de outra natureza;0;0;0;0;0;0;0;0;0;0;0;0;0;0;0
21/07/2023;07:55:07;53;Sem vítima;415,000;BR-101/SC;Crescente;Acidentes de outra natureza;0;0;0;0;0;0;0;0;0;0;0;0;0;0;0
21/07/2023;18:42:48;178;Sem vítima;291,000;BR-101/SC;Crescente;Acidentes de outra natureza;0;0;0;0;0;0;0;0;0;0;0;0;0;0;0
21/07/2023;23:55:53;199;Sem vítima;281,000;BR-101/SC;Decrescente;Acidentes de outra natureza;1;0;0;0;0;0;0;0;0;0;0;0;0;0;0
22/07/2023;01:20:59;4;Sem vítima;340,000;BR-101/SC;Crescente;Acidentes de outra natureza;1;0;0;0;0;0;0;0;0;0;0;0;0;0;0
22/07/2023;05:28:39;9;Sem vítima;425,000;BR-101/SC;Crescente;Acidentes de outra natureza;1;0;0;0;0;0;0;0;0;0;0;0;0;0;0
22/07/2023;06:56:43;13;Sem vítima;434,000;BR-101/SC;Decrescente;Acidentes de outra natureza;1;0;0;0;0;0;0;0;0;0;0;0;0;0;0
22/07/2023;11:10:00;69;Sem vítima;334,000;BR-101/SC;Decrescente;Acidentes de outra natureza;1;0;0;0;0;0;0;0;0;0;0;0;0;0;0
22/07/2023;19:41:03;122;Sem vítima;253,000;BR-101/SC;Crescente;Acidentes de outra natureza;1;0;0;0;0;0;0;0;0;0;0;0;0;0;0
22/07/2023;21:24:54;128;Sem vítima;312,000;BR-101/SC;Crescente;Acidentes de outra natureza;1;0;0;0;0;0;0;0;0;0;0;0;0;0;0
23/07/2023;06:29:23;18;Sem vítima;280,000;BR-101/SC;Decrescente;Acidentes de outra natureza;1;0;0;0;0;0;0;0;0;0;0;0;0;0;0
23/07/2023;18:06:49;110;Sem vítima;302,000;BR-101/SC;Decrescente;Acidentes de outra natureza;1;0;0;0;0;0;0;0;0;0;1;0;0;0;0
23/07/2023;20:10:23;115;Sem vítima;286,000;BR-101/SC;Decrescente;Acidentes de outra natureza;1;0;0;0;0;0;0;0;0;0;0;0;0;0;0
24/07/2023;06:47:18;8;Sem vítima;365,000;BR-101/SC;Crescente;Colisão traseira;1;0;0;0;0;0;0;0;0;0;0;0;0;0;0
24/07/2023;11:25:43;90;Sem vítima;399,000;BR-101/SC;Crescente;Acidentes de outra natureza;1;0;0;0;0;0;0;0;0;0;0;0;0;0;0
24/07/2023;22:32:24;141;Sem vítima;457,000;BR-101/SC;Decrescente;Acidentes de outra natureza;1;0;0;0;0;0;0;0;0;0;0;0;0;0;0
25/07/2023;05:01:24;10;Sem vítima;376,000;BR-101/SC;Crescente;Colisão transversal;0;0;0;0;0;0;0;0;0;0;1;0;0;0;0
25/07/2023;20:22:51;154;Sem vítima;455,000;BR-101/SC;Crescente;Acidentes de outra natureza;1;0;0;0;0;0;0;0;0;0;0;0;0;0;0
26/07/2023;06:40:49;15;Sem vítima;399,000;BR-101/SC;Decrescente;Acidentes de outra natureza;1;0;0;0;0;0;0;0;0;0;0;0;0;0;0