data;horario;n_da_ocorrencia;tipo_de_ocorrencia;km;trecho;sentido;tipo_de_acidente;automovel;bicicleta;caminhao;moto;onibus;outros;tracao_animal;transporte_de_cargas_especiais;trator_maquinas;utilitarios;ilesos;levemente_feridos;moderadamente_feridos;gravemente_feridos;mortos
26/07/2023;15:54:15;138;Sem vítima;295,000;BR-101/SC;Crescente;Acidentes de outra natureza;1;0;0;0;0;0;0;0;0;0;0;0;0;0;0
27/07/2023;12:20:24;118;Sem vítima;323,000;BR-101/SC;Decrescente;Acidentes de outra natureza;1;0;0;0;0;0;0;0;0;0;0;0;0;0;0
27/07/2023;13:02:45;124;Sem vítima;257,000;BR-101/SC;Crescente;Acidentes de outra natureza;0;0;1;0;0;0;0;0;0;0;0;0;0;0;0
27/07/2023;18:08:58;151;Sem vítima;372,000;BR-101/SC;Decrescente;Acidentes de outra natureza;1;0;0;0;0;0;0;0;0;0;0;0;0;0;0
28/07/2023;01:44:54;8;Sem vítima;462,000;BR-101/SC;Decrescente;Acidentes de outra natureza;1;0;0;0;0;0;0;0;0;0;1;0;0;0;0
28/07/2023;01:49:13;9;Sem vítima;341,000;BR-101/SC;Decrescente;Acidentes de outra natureza;1;0;0;0;0;0;0;0;0;0;0;0;0;0;0
28/07/2023;06:55:30;21;Sem vítima;360,000;BR-101/SC;Decrescente;Acidentes de outra natureza;1;0;0;0;0;0;0;0;0;0;1;0;0;0;0
01/08/2023;03:04:56;6;Sem vítima;269,000;BR-101/SC;Decrescente;Acidentes de outra natureza;0;0;0;0;0;0;0;0;0;0;0;0;0;0;0
01/08/2023;07:27:31;33;Sem vítima;253,300;BR-101/SC;Crescente;Acidentes de outra natureza;0;0;0;0;0;0;0;0;0;0;0;0;0;0;0
01/08/2023;07:43:50;40;Sem vítima;333,000;BR-101/SC;Crescente;Acidentes de outra natureza;0;0;0;0;0;0;0;0;0;0;0;0;0;0;0
01/08/2023;08:17:40;50;Sem vítima;316,000;BR-101/SC;Crescente;Acidentes de outra natureza;0;0;0;0;0;0;0;0;0;0;0;0;0;0;0
01/08/2023;10:52:13;89;Sem vítima;400,000;BR-101/SC;Crescente;Acidentes de outra natureza;0;0;0;0;0;0;0;0;0;0;0;0;0;0;0
01/08/2023;18:35:34;125;Sem vítima;344,000;BR-101/SC;Crescente;Acidentes de outra natureza;0;0;0;0;0;0;0;0;0;0;0;0;0;0;0
02/08/2023;19:07:05;146;Sem vítima;416,000;BR-101/SC;Crescente;Acidentes de outra natureza;1;0;0;0;0;0;0;0;0;0;0;0;0;0;0
04/08/2023;06:45:28;23;Sem vítima;442,700;BR-101/SC;Decrescente;Acidentes de outra natureza;0;0;0;0;0;0;0;0;0;0;0;0;0;0;0
05/08/2023;09:49:59;60;Sem vítima;355,100;BR-101/SC;Crescente;Acidentes de outra natureza;0;0;0;0;0;0;0;0;0;0;1;0;0;0;0
05/08/2023;19:52:45;107;Sem vítima;329,000;BR-101/SC;Crescente;Acidentes de outra natureza;1;0;0;0;0;0;0;0;0;0;0;0;0;0;0
05/08/2023;20:10:42;108;Sem vítima;333,000;BR-101/SC;Crescente;Acidentes de outra natureza;1;0;0;0;0;0;0;0;0;0;0;0;0;0;0
05/08/2023;23:19:12;113;Sem vítima;376,000;BR-101/SC;Crescente;Acidentes de outra natureza;0;0;0;0;0;0;0;0;0;0;0;0;0;0;0
06/08/2023;03:41:08;8;Sem vítima;375,000;BR-101/SC;Crescente;Acidentes de outra natureza;0;0;0;0;0;0;0;0;0;0;0;0;0;0;0
06/08/2023;04:52:43;12;Sem vítima;332,000;BR-101/SC;Decrescente;Acidentes de outra natureza;0;0;0;0;0;0;0;0;0;0;0;0;0;0;0
06/08/2023;07:54:26;37;Sem vítima;264,000;BR-101/SC;Crescente;Acidentes de outra natureza;0;0;0;0;0;0;0;0;0;0;0;0;0;0;0
06/08/2023;16:23:59;86;Sem vítima;311,000;BR-101/SC;Crescente;Acidentes de outra natureza;0;0;0;0;0;0;0;0;0;0;0;0;0;0;0
06/08/2023;16:28:55;88;Sem vítima;341,000;BR-101/SC;Decrescente;Acidentes de outra natureza;0;0;0;0;0;0;0;0;0;0;0;0;0;0;0
07/08/2023;08:04:43;31;Sem vítima;346,000;BR-101/SC;Decrescente;Acidentes de outra natureza;0;0;0;0;0;0;0;0;0;0;0;0;0;0;0
08/08/2023;03:54:24;6;Sem vítima;276,000;BR-101/SC;Decrescente;Acidentes de outra natureza;0;0;1;0;0;0;0;0;0;0;0;0;0;0;0
08/08/2023;12:02:16;86;Sem vítima;390,000;BR-101/SC;Decrescente;Acidentes de outra natureza;1;0;0;0;0;0;0;0;0;0;0;0;0;0;0
08/08/2023;18:03:45;116;Sem vítima;276,000;BR-101/SC;Decrescente;Acidentes de outra natureza;1;0;0;0;0;0;0;0;0;0;0;0;0;0;0
09/08/2023;06:12:30;11;Sem vítima;406,200;BR-101/SC;Decrescente;Acidentes de outra natureza;1;0;0;0;0;0;0;0;0;0;0;0;0;0;0
09/08/2023;08:55:21;61;Sem vítima;282,000;BR-101/SC;Crescente;Acidentes de outra natureza;1;0;0;0;0;0;0;0;0;0;0;0;0;0;0
09/08/2023;09:36:36;66;Sem vítima;406,320;BR-101/SC;Crescente;Acidentes de outra natureza;1;0;0;0;0;0;0;0;0;0;0;0;0;0;0
09/08/2023;13:36:19;76;Sem vítima;335,000;BR-101/SC;Crescente;Acidentes de outra natureza;0;0;1;0;0;0;0;0;0;0;0;0;0;0;0
09/08/2023;22:55:09;124;Sem vítima;374,000;BR-101/SC;Crescente;Acidentes de outra natureza;1;0;0;0;0;0;0;0;0;0;0;0;0;0;0
10/08/2023;11:57:16;87;Sem vítima;253,500;BR-101/SC;Crescente;Acidentes de outra natureza;1;0;0;0;0;0;0;0;0;0;0;0;0;0;0
10/08/2023;17:23:23;128;Com vítima;442,000;BR-101/SC;Decrescente;Acidentes de outra natureza;0;0;0;1;0;0;0;0;0;0;0;0;1;0;0
10/08/2023;20:21:33;141;Sem vítima;344,000;BR-101/SC;Crescente;Acidentes de outra natureza;1;0;0;0;0;0;0;0;0;0;0;0;0;0;0
11/08/2023;04:12:42;10;Sem vítima;404,100;BR-101/SC;Crescente;Colisão traseira;0;0;0;0;0;0;0;0;0;0;0;0;0;0;0
11/08/2023;07:13:12;24;Sem vítima;457,500;BR-101/SC;Crescente;Colisão traseira;0;0;0;0;0;0;0;0;0;0;0;0;0;0;0
11/08/2023;07:39:24;34;Sem vítima;325,800;BR-101/SC;Decrescente;Colisão lateral no mesmo sentido;0;0;0;0;0;0;0;0;0;0;0;0;0;0;0
11/08/2023;13:20:44;110;Sem vítima;282,000;BR-101/SC;Decrescente;Colisão lateral no mesmo sentido;0;0;0;0;0;0;0;0;0;0;0;0;0;0;0
12/08/2023;05:22:53;13;Sem vítima;368,100;BR-101/SC;Crescente;Acidentes de outra natureza;0;0;0;0;0;0;0;0;0;0;0;0;0;0;0
12/08/2023;07:32:11;30;Sem vítima;264,400;BR-101/SC;Crescente;Acidentes de outra natureza;0;0;0;0;0;0;0;0;0;0;0;0;0;0;0
12/08/2023;07:56:33;32;Com vítima;280,100;BR-101/SC;Crescente;Colisão traseira;0;0;0;0;0;0;0;0;0;0;0;0;0;0;0
12/08/2023;15:42:42;89;Com vítima;430,000;BR-101/SC;Decrescente;Queda de moto;0;0;0;0;0;0;0;0;0;0;0;0;0;0;0
12/08/2023;22:40:13;115;Sem vítima;357,000;BR-101/SC;Crescente;Acidentes de outra natureza;0;0;0;0;0;0;0;0;0;0;0;0;0;0;0
12/08/2023;22:49:22;116;Com vítima;252,900;BR-101/SC;Crescente;Acidentes de outra natureza;0;0;0;0;0;0;0;0;0;0;0;0;0;0;0
12/08/2023;23:48:44;118;Sem vítima;281,800;BR-101/SC;Crescente;Acidentes de outra natureza;0;0;0;0;0;0;0;0;0;0;0;0;0;0;0
13/08/2023;18:29:29;69;Sem vítima;344,000;BR-101/SC;Crescente;Colisão lateral no mesmo sentido;0;0;0;0;0;0;0;0;0;0;0;0;0;0;0
13/08/2023;19:52:39;79;Sem vítima;344,000;BR-101/SC;Crescente;Acidentes de outra natureza;0;0;0;0;0;0;0;0;0;0;0;0;0;0;0
13/08/2023;20:11:22;80;Sem vítima;344,000;BR-101/SC;Decrescente;Acidentes de outra natureza;0;0;0;0;0;0;0;0;0;0;0;0;0;0;0
13/08/2023;23:33:20;101;Sem vítima;421,000;BR-101/SC;Decrescente;Colisão traseira;0;0;0;0;0;0;0;0;0;0;0;0;0;0;0
15/08/2023;09:41:28;79;Sem vítima;351,100;BR-101/SC;Crescente;Acidentes de outra natureza;0;0;0;0;0;0;0;0;0;0;1;0;0;0;0
15/08/2023;14:28:28;116;Com vítima;270,000;BR-101/SC;Crescente;Queda de moto;0;0;0;0;0;0;0;0;0;0;0;0;1;0;0
15/08/2023;21:38:36;148;Sem vítima;313,000;BR-101/SC;Crescente;Acidentes de outra natureza;0;0;0;0;0;0;0;0;0;0;1;0;0;0;0
16/08/2023;02:41:43;5;Sem vítima;419,000;BR-101/SC;Crescente;Acidentes de outra natureza;0;0;0;0;0;0;0;0;0;0;1;0;0;0;0
16/08/2023;07:46:09;41;Sem vítima;368,000;BR-101/SC;Crescente;Colisão lateral no mesmo sentido;0;0;0;0;0;0;0;0;0;0;1;0;0;0;0
16/08/2023;08:21:41;51;Sem vítima;336,000;BR-101/SC;Decrescente;Colisão traseira;0;0;0;0;0;0;0;0;0;0;2;0;0;0;0
16/08/2023;11:28:57;99;Sem vítima;327,000;BR-101/SC;Decrescente;Acidentes de outra natureza;0;0;0;0;0;0;0;0;0;0;1;0;0;0;0
17/08/2023;04:29:10;10;Com vítima;383,000;BR-101/SC;Crescente;Tombamento;0;0;1;0;0;0;0;0;0;0;0;0;0;0;0
17/08/2023;07:52:49;46;Com vítima;369,000;BR-101/SC;Decrescente;Queda de moto;0;0;0;0;0;0;0;0;0;0;0;1;0;0;0
17/08/2023;08:29:33;56;Sem vítima;420,000;BR-101/SC;Crescente;Colisão lateral no mesmo sentido;0;0;0;0;0;0;0;0;0;0;1;0;0;0;0
17/08/2023;18:36:41;129;Sem vítima;424,000;BR-101/SC;Decrescente;Acidentes de outra natureza;1;0;0;0;0;0;0;0;0;0;0;0;0;0;0
18/08/2023;09:35:01;72;Sem vítima;275,950;BR-101/SC;Crescente;Acidentes de outra natureza;1;0;0;0;0;0;0;0;0;0;0;0;0;0;0
18/08/2023;11:55:14;85;Sem vítima;334,000;BR-101/SC;Crescente;Acidentes de outra natureza;1;0;0;0;0;0;0;0;0;0;0;0;0;0;0
18/08/2023;20:23:33;119;Sem vítima;258,030;BR-101/SC;Decrescente;Acidentes de outra natureza;1;0;0;0;0;0;0;0;0;0;0;0;0;0;0
19/08/2023;03:40:22;13;Sem vítima;367,500;BR-101/SC;Crescente;Acidentes de outra natureza;0;0;0;0;0;0;0;0;0;0;1;0;0;0;0
19/08/2023;16:53:27;110;Sem vítima;315,000;BR-101/SC;Decrescente;Acidentes de outra natureza;0;0;0;0;0;0;0;0;0;0;0;0;0;0;0
19/08/2023;19:28:47;121;Com vítima;463,500;BR-101/SC;Crescente;Acidentes de outra natureza;0;0;0;0;0;0;0;0;0;0;0;0;0;0;0
20/08/2023;09:58:21;39;Sem vítima;316,800;BR-101/SC;Crescente;Acidentes de outra natureza;0;0;0;0;0;0;0;0;0;0;0;0;0;0;0
20/08/2023;18:52:10;73;Com vítima;320,000;BR-101/SC;Decrescente;Acidentes de outra natureza;0;0;0;0;0;0;0;0;0;0;0;0;0;0;0
20/08/2023;19:11:00;75;Com vítima;250,000;BR-101/SC;Crescente;Acidentes de outra natureza;0;0;0;0;0;0;0;0;0;0;0;0;0;0;0
21/08/2023;20:03:36;132;Sem vítima;309,000;BR-101/SC;Decrescente;Acidentes de outra natureza;0;0;0;0;0;0;0;0;0;0;0;0;0;0;0
22/08/2023;12:01:41;90;Sem vítima;317,000;BR-101/SC;Decrescente;Acidentes de outra natureza;0;0;0;0;0;0;0;0;0;0;0;0;0;0;0
22/08/2023;20:22:52;128;Sem vítima;425,000;BR-101/SC;Decrescente;Acidentes de outra natureza;0;0;0;0;0;0;0;0;0;0;0;0;0;0;0
23/08/2023;04:39:32;8;Sem vítima;331,000;BR-101/SC;Crescente;Acidentes de outra natureza;0;0;0;0;0;0;0;0;0;0;0;0;0;0;0
23/08/2023;05:50:36;11;Sem vítima;339,000;BR-101/SC;Decrescente;Acidentes de outra natureza;0;0;0;0;0;0;0;0;0;0;0;0;0;0;0
23/08/2023;15:54:10;108;Sem vítima;317,500;BR-101/SC;Decrescente;Acidentes de outra natureza;0;0;0;0;0;0;0;0;0;0;0;0;0;0;0
23/08/2023;20:20:53;136;Sem vítima;461,000;BR-101/SC;Decrescente;Acidentes de outra natureza;1;0;0;0;0;0;0;0;0;0;1;0;0;0;0
24/08/2023;03:36:31;10;Sem vítima;460,900;BR-101/SC;Decrescente;Acidentes de outra natureza;1;0;0;0;0;0;0;0;0;0;0;0;0;0;0
24/08/2023;09:32:22;47;Sem vítima;344,000;BR-101/SC;Crescente;Acidentes de outra natureza;0;0;1;0;0;0;0;0;0;0;0;0;0;0;0
24/08/2023;11:24:20;60;Sem vítima;463,300;BR-101/SC;Decrescente;Acidentes de outra natureza;1;0;0;0;0;0;0;0;0;0;0;0;0;0;0
24/08/2023;16:12:19;80;Sem vítima;328,000;BR-101/SC;Decrescente;Acidentes de outra natureza;1;0;0;0;0;0;0;0;0;0;0;0;0;0;0
24/08/2023;22:18:58;100;Sem vítima;272,000;BR-101/SC;Decrescente;Acidentes de outra natureza;1;0;0;0;0;0;0;0;0;0;0;0;0;0;0
25/08/2023;11:10:06;86;Sem vítima;344,000;BR-101/SC;Decrescente;Acidentes de outra natureza;1;0;0;0;0;0;0;0;0;0;0;0;0;0;0
25/08/2023;21:28:18;145;Sem vítima;274,000;BR-101/SC;Decrescente;Acidentes de outra natureza;0;0;1;0;0;0;0;0;0;0;0;0;0;0;0
26/08/2023;00:53:05;4;Sem vítima;273,000;BR-101/SC;Decrescente;Acidentes de outra natureza;1;0;0;0;0;0;0;0;0;0;0;0;0;0;0
26/08/2023;19:57:40;110;Sem vítima;379,000;BR-101/SC;Decrescente;Acidentes de outra natureza;0;0;0;1;0;0;0;0;0;0;0;0;0;0;0
27/08/2023;05:26:39;13;Sem vítima;297,000;BR-101/SC;Crescente;Acidentes de outra natureza;1;0;0;0;0;0;0;0;0;0;0;0;0;0;0
27/08/2023;19:24:43;83;Sem vítima;436,000;BR-101/SC;Decrescente;Colisão lateral no mesmo sentido;0;0;1;0;0;0;0;0;0;0;0;0;0;0;0
28/08/2023;04:50:05;14;Sem vítima;328,000;BR-101/SC;Crescente;Acidentes de outra natureza;1;0;0;0;0;0;0;0;0;0;0;0;0;0;0
28/08/2023;05:05:04;16;Sem vítima;264,000;BR-101/SC;Decrescente;Acidentes de outra natureza;1;0;0;0;0;0;0;0;0;0;0;0;0;0;0
28/08/2023;10:31:47;92;Sem vítima;378,000;BR-101/SC;Crescente;Acidentes de outra natureza;0;0;1;0;0;0;0;0;0;0;0;0;0;0;0
28/08/2023;13:04:43;114;Sem vítima;432,000;BR-101/SC;Decrescente;Acidentes de outra natureza;1;0;0;0;0;0;0;0;0;0;0;0;0;0;0
28/08/2023;20:03:55;149;Sem vítima;377,320;BR-101/SC;Crescente;Acidentes de outra natureza;0;0;0;1;0;0;0;0;0;0;0;0;0;0;0
29/08/2023;16:05:45;124;Sem vítima;319,000;BR-101/SC;Decrescente;Colisão lateral no mesmo sentido;1;0;0;0;0;0;0;0;0;0;0;0;0;0;0
29/08/2023;19:11:28;135;Sem vítima;435,000;BR-101/SC;Decrescente;Acidentes de outra natureza;0;0;0;1;0;0;0;0;0;0;0;0;0;0;0
29/08/2023;20:43:42;144;Sem vítima;344,600;BR-101/SC;Crescente;Acidentes de outra natureza;1;0;0;0;0;0;0;0;0;0;0;0;0;0;0
30/08/2023;04:39:11;7;Sem vítima;366,500;BR-101/SC;Decrescente;Acidentes de outra natureza;1;0;0;0;0;0;0;0;0;0;0;0;0;0;0
30/08/2023;10:22:21;75;Sem vítima;439,000;BR-101/SC;Decrescente;Acidentes de outra natureza;1;0;0;0;0;0;0;0;0;0;0;0;0;0;0
30/08/2023;19:21:40;138;Sem vítima;377,100;BR-101/SC;Crescente;Acidentes de outra natureza;0;0;0;0;0;0;0;0;0;0;1;0;0;0;0
30/08/2023;21:06:11;150;Sem vítima;322,000;BR-101/SC;Crescente;Acidentes de outra natureza;1;0;0;0;0;0;0;0;0;0;0;0;0;0;0
30/08/2023;22:11:57;152;Sem vítima;341,000;BR-101/SC;Decrescente;Acidentes de outra natureza;0;0;0;1;0;0;0;0;0;0;0;0;0;0;0
01/09/2023;13:44:18;102;Sem vítima;392,000;BR-101/SC;Crescente;Acidentes de outra natureza;1;0;0;0;0;0;0;0;0;0;0;0;0;0;0
02/09/2023;02:01:08;4;Sem vítima;357,500;BR-101/SC;Crescente;Acidentes de outra natureza;0;0;0;0;0;0;0;0;0;0;1;0;0;0;0
02/09/2023;20:46:49;92;Sem vítima;282,000;BR-101/SC;Crescente;Acidentes de outra natureza;0;0;0;1;0;0;0;0;0;0;0;0;0;0;0
03/09/2023;14:21:43;43;Sem vítima;348,100;BR-101/SC;Decrescente;Acidentes de outra natureza;1;0;0;0;0;0;0;0;0;0;0;0;0;0;0
03/09/2023;16:30:35;57;Sem vítima;334,000;BR-101/SC;Crescente;Acidentes de outra natureza;0;0;0;1;0;0;0;0;0;0;0;0;0;0;0
03/09/2023;17:05:54;59;Sem vítima;382,900;BR-101/SC;Decrescente;Acidentes de outra natureza;1;0;0;0;0;0;0;0;0;0;0;0;0;0;0
01/11/2021;02:35:03;8;Sem vítima;63,000;BR-101/RS;Crescente;Atropelamento de animal;0;0;0;0;1;0;0;0;0;0;1;0;0;0;0
01/11/2021;16:08:23;214;Sem vítima;331,000;BR-386/RS;Decrescente;Colisão traseira;0;0;0;0;1;0;0;0;0;0;1;0;0;0;0
01/11/2021;16:09:52;215;Sem vítima;40,000;BR-101/RS;Decrescente;Choque;1;0;0;0;0;0;0;0;0;0;1;0;0;0;0
01/11/2021;23:03:25;310;Com vítima;80,000;BR-290/RS;Decrescente;Tombamento;0;0;1;0;0;0;0;0;0;0;0;0;1;0;0
02/11/2021;04:44:17;18;Sem vítima;264,000;BR-386/RS;Decrescente;Atropelamento de animal;1;0;0;0;0;0;0;0;0;0;0;0;0;0;0
02/11/2021;06:18:13;33;Sem vítima;250,000;BR-386/RS;Crescente;Acidentes de outra natureza;0;0;0;0;0;0;0;0;0;0;0;0;0;0;0
02/11/2021;08:03:48;49;Com vítima;78,000;BR-290/RS;Crescente;Queda de moto;0;0;0;1;0;0;0;0;0;0;0;1;0;0;0
02/11/2021;11:10:05;86;Com vítima;10,000;BR-101/RS;Crescente;Queda de moto;0;0;0;1;0;0;0;0;0;0;0;1;0;0;0
02/11/2021;13:48:20;130;Sem vítima;49,000;BR-290/RS;Decrescente;Colisão lateral no mesmo sentido;1;0;0;0;0;0;0;0;0;0;1;0;0;0;0
02/11/2021;17:32:23;191;Sem vítima;60,000;BR-290/RS;Decrescente;Colisão lateral no mesmo sentido;1;0;0;0;0;0;0;0;0;0;1;0;0;0;0
02/11/2021;21:37:59;262;Sem vítima;22,000;BR-101/RS;Decrescente;Colisão lateral no mesmo sentido;1;0;0;0;0;0;0;0;0;0;0;0;0;0;0
03/11/2021;01:01:19;3;Sem vítima;24,000;BR-290/RS;Crescente;Colisão traseira;1;0;0;0;0;0;0;0;0;0;1;0;0;0;0
03/11/2021;02:34:21;12;Sem vítima;367,000;BR-386/RS;Decrescente;Colisão lateral no mesmo sentido;0;0;1;0;0;0;0;0;0;0;1;0;0;0;0
03/11/2021;06:01:52;30;Sem vítima;75,000;BR-101/RS;Decrescente;Acidentes de outra natureza;1;0;0;0;0;0;0;0;0;0;0;0;0;0;0
03/11/2021;06:48:20;41;Sem vítima;92,000;BR-290/RS;Decrescente;Queda de moto;0;0;0;1;0;0;0;0;0;0;1;0;0;0;0
03/11/2021;08:03:42;84;Sem vítima;437,000;BR-386/RS;Crescente;Engavetamento;0;0;0;0;1;0;0;0;0;0;1;0;0;0;0
03/11/2021;09:03:41;116;Sem vítima;345,000;BR-386/RS;Decrescente;Colisão traseira;1;0;0;0;0;0;0;0;0;0;1;0;0;0;0
03/11/2021;10:18:30;127;Sem vítima;92,000;BR-290/RS;Decrescente;Colisão traseira;1;0;0;0;0;0;0;0;0;0;1;0;0;0;0
03/11/2021;11:31:55;142;Sem vítima;65,000;BR-290/RS;Crescente;Choque;1;0;0;0;0;0;0;0;0;0;1;0;0;0;0
03/11/2021;12:01:02;149;Sem vítima;22,000;BR-101/RS;Crescente;Choque;1;0;0;0;0;0;0;0;0;0;0;0;0;0;0
03/11/2021;13:33:29;172;Sem vítima;73,000;BR-290/RS;Decrescente;Colisão lateral no mesmo sentido;1;0;0;0;0;0;0;0;0;0;0;0;0;0;0
03/11/2021;16:26:03;197;Sem vítima;4,000;BR-101/RS;Decrescente;Acidentes de outra natureza;1;0;0;0;0;0;0;0;0;0;0;0;0;0;0
03/11/2021;16:55:20;205;Sem vítima;435,000;BR-386/RS;Decrescente;Colisão transversal;2;0;0;0;0;0;0;0;0;0;2;0;0;0;0
03/11/2021;19:05:52;228;Sem vítima;345,000;BR-386/RS;Decrescente;Queda de moto;0;0;0;1;0;0;0;0;0;0;0;0;0;0;0
03/11/2021;20:33:17;241;Sem vítima;400,000;BR-386/RS;Crescente;Acidentes de outra natureza;1;0;0;0;0;0;0;0;0;0;1;0;0;0;0
03/11/2021;23:36:52;262;Sem vítima;77,000;BR-101/RS;Decrescente;Atropelamento de animal;0;0;0;0;0;0;0;0;0;1;1;0;0;0;0
04/11/2021;10:07:21;142;Sem vítima;96,000;BR-290/RS;Crescente;Colisão traseira;0;0;0;1;0;0;0;0;0;0;0;0;0;0;0
04/11/2021;15:46:22;229;Sem vítima;335,000;BR-386/RS;Crescente;Colisão traseira;0;0;0;0;1;0;0;0;0;0;1;0;0;0;0
04/11/2021;17:31:18;245;Sem vítima;94,000;BR-290/RS;Crescente;Colisão lateral no mesmo sentido;1;0;0;0;0;0;0;0;0;0;1;0;0;0;0
04/11/2021;22:49:29;305;Sem vítima;55,000;BR-290/RS;Crescente;Acidentes de outra natureza;1;0;0;0;0;0;0;0;0;0;1;0;0;0;0
05/11/2021;04:22:03;20;Sem vítima;32,000;BR-290/RS;Decrescente;Acidentes de outra natureza;1;0;0;0;0;0;0;0;0;0;1;0;0;0;0
05/11/2021;07:54:17;95;Sem vítima;17,000;BR-101/RS;Crescente;Colisão traseira;0;0;0;0;0;0;0;0;0;0;0;0;0;0;0
05/11/2021;09:40:27;140;Sem vítima;307,000;BR-386/RS;Crescente;Choque;0;0;1;0;0;0;0;0;0;0;1;0;0;0;0
05/11/2021;10:17:09;150;Sem vítima;86,000;BR-290/RS;Crescente;Colisão traseira;1;0;0;0;0;0;0;0;0;0;1;0;0;0;0
05/11/2021;14:35:04;201;Sem vítima;96,000;BR-290/RS;Crescente;Acidentes de outra natureza;0;0;0;0;0;0;0;0;0;0;0;0;0;0;0
05/11/2021;18:33:04;267;Sem vítima;15,000;BR-101/RS;Crescente;Colisão lateral no mesmo sentido;0;0;0;0;0;0;0;0;0;0;0;0;0;0;0
06/11/2021;03:01:41;15;Sem vítima;380,000;BR-386/RS;Crescente;Acidentes de outra natureza;0;0;0;0;0;0;0;0;0;0;0;0;0;0;0
06/11/2021;03:55:10;17;Sem vítima;382,000;BR-386/RS;Crescente;Acidentes de outra natureza;0;0;0;1;0;0;0;0;0;0;1;0;0;0;0
06/11/2021;07:33:19;45;Sem vítima;234,000;BR-386/RS;Decrescente;Colisão frontal;1;0;0;1;1;0;0;0;0;0;2;0;0;0;0
06/11/2021;08:02:26;51;Sem vítima;347,000;BR-386/RS;Crescente;Capotamento;1;0;0;0;0;0;0;0;0;0;0;0;0;0;0
06/11/2021;09:32:54;74;Sem vítima;89,000;BR-290/RS;Crescente;Colisão lateral no mesmo sentido;1;0;0;0;0;0;0;0;0;0;0;0;0;0;0
06/11/2021;11:34:04;95;Sem vítima;8,000;BR-290/RS;Crescente;Choque;1;0;0;0;0;0;0;0;0;0;1;0;0;0;0
06/11/2021;11:56:32;98;Sem vítima;63,000;BR-101/RS;Decrescente;Acidentes de outra natureza;1;0;0;0;0;0;0;0;0;0;0;0;0;0;0
06/11/2021;12:12:43;103;Sem vítima;410,000;BR-386/RS;Decrescente;Acidentes de outra natureza;1;0;0;0;0;0;0;0;0;0;0;0;0;0;0
06/11/2021;13:10:12;115;Com vítima;10,000;BR-101/RS;Decrescente;Capotamento;1;0;0;0;0;0;0;0;0;0;0;1;0;0;0
06/11/2021;13:35:09;119;Sem vítima;9,000;BR-101/RS;Crescente;Colisão lateral no mesmo sentido;0;0;2;0;0;0;0;0;0;0;2;0;0;0;0
06/11/2021;14:13:11;132;Sem vítima;97,000;BR-290/RS;Crescente;Colisão lateral no mesmo sentido;3;0;0;0;0;0;0;0;0;0;2;0;0;0;0
06/11/2021;14:51:04;140;Sem vítima;397,000;BR-386/RS;Decrescente;Capotamento;1;0;0;0;0;0;0;0;0;0;0;0;0;0;0
06/11/2021;15:51:47;149;Sem vítima;396,000;BR-386/RS;Decrescente;Capotamento;1;0;0;0;0;0;0;0;0;0;0;0;0;0;0
06/11/2021;17:23:07;166;Sem vítima;92,000;BR-290/RS;Crescente;Colisão traseira;2;0;0;0;0;0;0;0;0;0;1;0;0;0;0
06/11/2021;20:43:27;197;Com vítima;240,000;BR-386/RS;Crescente;Capotamento;1;0;0;0;0;0;0;0;0;0;1;1;0;0;0
06/11/2021;23:57:18;221;Com vítima;29,000;BR-101/RS;Crescente;Acidentes de outra natureza;2;0;0;0;0;0;0;0;0;0;0;2;0;0;0
07/11/2021;09:57:11;54;Sem vítima;80,000;BR-290/RS;Crescente;Acidentes de outra natureza;1;0;0;0;0;0;0;0;0;0;1;0;0;0;0
07/11/2021;11:39:09;68;Sem vítima;19,100;BR-290/RS;Decrescente;Acidentes de outra natureza;3;0;0;0;0;0;0;0;0;0;2;0;0;0;0
07/11/2021;15:02:44;97;Com vítima;270,000;BR-386/RS;Decrescente;Colisão traseira;2;0;0;0;0;0;0;0;0;0;0;1;0;0;0
07/11/2021;16:37:53;109;Sem vítima;27,000;BR-290/RS;Crescente;Acidentes de outra natureza;1;0;0;0;0;0;0;0;0;0;0;0;0;0;0
07/11/2021;19:17:42;145;Sem vítima;416,000;BR-386/RS;Decrescente;Colisão traseira;2;0;0;0;0;0;0;0;0;0;2;0;0;0;0
07/11/2021;19:56:08;158;Sem vítima;38,000;BR-290/RS;Decrescente;Colisão lateral no mesmo sentido;0;0;0;0;0;0;0;0;0;0;0;0;0;0;0
07/11/2021;22:43:23;187;Sem vítima;7,000;BR-290/RS;Crescente;Acidentes de outra natureza;1;0;0;0;0;0;0;0;0;0;1;0;0;0;0