data;horario;n_da_ocorrencia;tipo_de_ocorrencia;km;trecho;sentido;tipo_de_acidente;automovel;bicicleta;caminhao;moto;onibus;outros;tracao_animal;transporte_de_cargas_especiais;trator_maquinas;utilitarios;ilesos;levemente_feridos;moderadamente_feridos;gravemente_feridos;mortos
08/11/2021;08:13:38;84;Sem vítima;343,000;BR-386/RS;Crescente;Colisão traseira;0;0;0;0;1;0;0;0;0;0;1;0;0;0;0
08/11/2021;15:10:08;175;Com vítima;238,000;BR-386/RS;Decrescente;Acidentes de outra natureza;1;0;0;0;0;0;0;0;0;0;0;1;0;0;0
08/11/2021;15:30:42;178;Sem vítima;17,000;BR-290/RS;Decrescente;Acidentes de outra natureza;1;0;0;0;0;0;0;0;0;0;1;0;0;0;0
08/11/2021;18:20:51;204;Com vítima;351,000;BR-386/RS;Decrescente;Acidentes de outra natureza;1;0;0;0;0;0;0;0;0;0;0;0;1;0;0
08/11/2021;23:50:49;253;Com vítima;419,000;BR-386/RS;Decrescente;Colisão traseira;2;0;0;0;0;0;0;0;0;0;0;0;2;0;0
09/11/2021;11:58:04;163;Sem vítima;358,000;BR-386/RS;Crescente;Acidentes de outra natureza;1;0;0;0;0;0;0;0;0;0;1;0;0;0;0
09/11/2021;12:38:13;169;Sem vítima;247,000;BR-386/RS;Decrescente;Acidentes de outra natureza;1;0;0;0;0;0;0;0;0;0;1;0;0;0;0
09/11/2021;13:42:06;182;Sem vítima;328,000;BR-386/RS;Decrescente;Colisão traseira;1;0;0;0;0;0;0;0;0;0;0;0;0;0;0
09/11/2021;15:37:14;206;Sem vítima;327,000;BR-386/RS;Crescente;Colisão traseira;2;0;0;0;0;0;0;0;0;0;2;0;0;0;0
09/11/2021;16:03:14;213;Sem vítima;243,000;BR-386/RS;Crescente;Tombamento;0;0;1;0;0;0;0;0;0;0;1;0;0;0;0
09/11/2021;18:38:16;255;Sem vítima;426,000;BR-386/RS;Crescente;Colisão traseira;1;0;0;0;0;0;0;0;0;0;1;0;0;0;0
09/11/2021;19:42:01;270;Com vítima;336,000;BR-386/RS;Decrescente;Queda de moto;0;0;0;1;0;0;0;0;0;0;0;1;0;0;0
10/11/2021;08:05:39;70;Sem vítima;392,000;BR-386/RS;Crescente;Acidentes de outra natureza;1;0;0;0;0;0;0;0;0;0;1;0;0;0;0
10/11/2021;12:15:01;168;Sem vítima;246,000;BR-386/RS;Decrescente;Colisão transversal;2;0;0;0;0;0;0;0;0;0;2;0;0;0;0
10/11/2021;13:13:27;181;Sem vítima;367,000;BR-386/RS;Decrescente;Colisão transversal;1;0;0;0;0;0;0;0;0;0;1;0;0;0;0
10/11/2021;13:48:40;192;Sem vítima;326,000;BR-386/RS;Decrescente;Colisão transversal;1;0;0;0;0;0;0;0;0;0;0;0;0;0;0
10/11/2021;14:18:10;203;Sem vítima;434,000;BR-386/RS;Crescente;Colisão lateral no mesmo sentido;0;0;2;0;0;0;0;0;0;0;2;0;0;0;0
10/11/2021;14:43:06;210;Sem vítima;291,000;BR-386/RS;Crescente;Tombamento;0;0;1;0;0;0;0;0;0;0;1;0;0;0;0
10/11/2021;19:24:02;288;Sem vítima;407,000;BR-386/RS;Decrescente;Acidentes de outra natureza;1;0;0;0;0;0;0;0;0;0;0;0;0;0;0
11/11/2021;04:14:57;17;Sem vítima;294,000;BR-386/RS;Decrescente;Acidentes de outra natureza;0;0;1;0;0;0;0;0;0;0;1;0;0;0;0
11/11/2021;09:05:52;115;Sem vítima;236,000;BR-386/RS;Crescente;Colisão traseira;0;0;0;0;0;0;0;0;0;0;0;0;0;0;0
11/11/2021;16:55:52;239;Sem vítima;77,000;BR-290/RS;Decrescente;Colisão lateral no mesmo sentido;1;0;0;0;0;0;0;0;0;0;0;0;0;0;0
11/11/2021;17:58:50;255;Com vítima;92,000;BR-290/RS;Crescente;Queda de moto;0;0;0;1;0;0;0;0;0;0;0;1;0;0;0
12/11/2021;01:25:17;6;Sem vítima;55,000;BR-290/RS;Decrescente;Acidentes de outra natureza;1;0;0;0;0;0;0;0;0;0;1;0;0;0;0
12/11/2021;04:27:26;18;Sem vítima;89,000;BR-290/RS;Crescente;Colisão traseira;0;0;1;0;0;0;0;0;0;0;1;0;0;0;0
12/11/2021;07:46:55;76;Sem vítima;86,000;BR-290/RS;Decrescente;Colisão lateral no mesmo sentido;0;0;0;1;0;0;0;0;0;0;1;0;0;0;0
12/11/2021;08:17:45;98;Com vítima;342,000;BR-386/RS;Decrescente;Colisão transversal;2;0;0;0;0;0;0;0;0;0;0;2;0;0;0
12/11/2021;15:37:07;211;Sem vítima;412,000;BR-386/RS;Crescente;Colisão transversal;1;0;0;0;0;0;0;0;0;0;1;0;0;0;0
12/11/2021;16:31:20;224;Sem vítima;1,000;BR-101/RS;Crescente;Choque;0;0;0;0;0;1;0;0;0;0;1;0;0;0;0
12/11/2021;17:38:40;251;Sem vítima;85,000;BR-290/RS;Decrescente;Colisão traseira;2;0;0;0;0;0;0;0;0;0;8;0;0;0;0
12/11/2021;17:59:25;256;Sem vítima;2,000;BR-101/RS;Crescente;Colisão traseira;0;0;1;0;0;0;0;0;0;0;0;0;0;0;0
12/11/2021;20:00:44;283;Com vítima;19,000;BR-290/RS;Decrescente;Queda de moto;1;0;0;0;0;0;0;0;0;0;1;1;0;0;0
12/11/2021;20:39:32;298;Sem vítima;247,000;BR-386/RS;Decrescente;Acidentes de outra natureza;1;0;0;0;0;0;0;0;0;0;1;0;0;0;0
13/11/2021;02:58:10;11;Com vítima;18,000;BR-101/RS;Decrescente;Atropelamento de animal;0;0;0;1;0;0;0;0;0;0;0;0;1;0;0
13/11/2021;05:44:35;28;Sem vítima;94,000;BR-290/RS;Crescente;Capotamento;1;0;0;0;0;0;0;0;0;0;1;0;0;0;0
13/11/2021;06:51:08;50;Com vítima;13,000;BR-101/RS;Decrescente;Capotamento;1;0;0;0;0;0;0;0;0;0;0;1;0;0;0
13/11/2021;08:13:08;77;Sem vítima;216,000;BR-386/RS;Decrescente;Colisão traseira;1;0;1;0;0;0;0;0;0;0;3;0;0;0;0
13/11/2021;08:26:07;81;Sem vítima;60,000;BR-290/RS;Decrescente;Choque;0;0;1;0;0;0;0;0;0;0;0;0;0;0;0
13/11/2021;10:05:41;112;Sem vítima;41,000;BR-290/RS;Decrescente;Acidentes de outra natureza;1;0;0;0;0;0;0;0;0;0;0;0;0;0;0
13/11/2021;12:04:20;147;Sem vítima;35,000;BR-290/RS;Decrescente;Colisão traseira;0;0;0;2;0;0;0;0;0;0;2;0;0;0;0
13/11/2021;12:42:23;153;Sem vítima;98,000;BR-290/RS;Crescente;Colisão lateral no mesmo sentido;2;0;0;0;0;0;0;0;0;0;0;0;0;0;0
13/11/2021;13:53:33;168;Sem vítima;90,000;BR-290/RS;Decrescente;Colisão lateral no mesmo sentido;1;0;1;0;0;0;0;0;0;0;0;0;0;0;0
13/11/2021;14:00:25;171;Sem vítima;24,000;BR-101/RS;Decrescente;Colisão lateral no mesmo sentido;0;0;2;0;0;0;0;0;0;0;2;0;0;0;0
13/11/2021;14:39:45;178;Sem vítima;286,000;BR-386/RS;Crescente;Acidentes de outra natureza;0;0;0;0;0;0;0;0;0;0;0;0;0;0;0
13/11/2021;21:14:24;267;Sem vítima;276,000;BR-386/RS;Crescente;Choque;1;0;0;0;0;0;0;0;0;0;0;0;0;0;0
14/11/2021;01:42:01;22;Sem vítima;378,000;BR-386/RS;Crescente;Acidentes de outra natureza;1;0;0;0;0;0;0;0;0;0;1;0;0;0;0
14/11/2021;03:01:30;20;Sem vítima;336,000;BR-386/RS;Crescente;Acidentes de outra natureza;0;0;1;0;0;0;0;0;0;0;1;0;0;0;0
14/11/2021;04:38:01;22;Sem vítima;378,000;BR-386/RS;Crescente;Acidentes de outra natureza;1;0;0;0;0;0;0;0;0;0;1;0;0;0;0
14/11/2021;05:44:44;28;Sem vítima;52,000;BR-101/RS;Crescente;Tombamento;0;0;1;0;0;0;0;0;0;0;0;0;0;0;0
14/11/2021;06:25:28;37;Com vítima;382,000;BR-386/RS;Decrescente;Acidentes de outra natureza;1;0;0;0;0;0;0;0;0;0;0;0;1;0;0
14/11/2021;06:28:25;38;Sem vítima;376,000;BR-386/RS;Crescente;Acidentes de outra natureza;0;0;0;0;0;0;0;0;0;0;0;0;0;0;0
14/11/2021;13:33:21;95;Sem vítima;437,000;BR-386/RS;Decrescente;Acidentes de outra natureza;2;0;0;0;0;0;0;0;0;0;2;0;0;0;0
15/11/2021;03:16:08;14;Com vítima;70,000;BR-101/RS;Decrescente;Acidentes de outra natureza;1;0;0;0;0;0;0;0;0;0;0;0;1;0;0
15/11/2021;05:32:57;16;Sem vítima;328,000;BR-386/RS;Decrescente;Acidentes de outra natureza;1;0;0;0;0;0;0;0;0;0;1;0;0;0;0
15/11/2021;14:50:53;168;Sem vítima;362,000;BR-386/RS;Crescente;Colisão lateral no mesmo sentido;2;0;0;0;0;0;0;0;0;0;2;0;0;0;0
15/11/2021;17:01:31;245;Sem vítima;91,000;BR-290/RS;Crescente;Tombamento;0;0;1;0;0;0;0;0;0;0;0;0;0;0;0
15/11/2021;17:56:23;271;Sem vítima;89,000;BR-290/RS;Crescente;Colisão traseira;0;0;0;1;0;0;0;0;0;0;4;0;0;0;0
15/11/2021;23:03:24;381;Sem vítima;189,000;BR-386/RS;Decrescente;Colisão lateral no mesmo sentido;0;0;1;0;0;0;0;0;0;0;1;0;0;0;0
16/11/2021;00:34:31;3;Sem vítima;42,000;BR-290/RS;Crescente;Queda de moto;1;0;0;0;0;0;0;0;0;0;2;0;0;0;0
16/11/2021;06:09:07;38;Sem vítima;35,000;BR-101/RS;Crescente;Colisão lateral no mesmo sentido;0;0;0;0;0;0;0;0;0;0;0;0;0;0;0
16/11/2021;06:41:54;41;Sem vítima;425,000;BR-386/RS;Crescente;Queda de moto;0;0;0;1;0;0;0;0;0;0;1;0;0;0;0
16/11/2021;06:54:01;45;Sem vítima;76,000;BR-290/RS;Crescente;Engavetamento;0;0;1;0;0;0;0;0;0;0;1;0;0;0;0
16/11/2021;08:51:24;107;Sem vítima;95,000;BR-290/RS;Crescente;Colisão lateral no mesmo sentido;2;0;0;0;0;0;0;0;0;0;2;0;0;0;0
16/11/2021;11:35:59;159;Sem vítima;397,000;BR-386/RS;Decrescente;Acidentes de outra natureza;1;0;0;0;0;0;0;0;0;0;1;0;0;0;0
16/11/2021;14:09:14;200;Sem vítima;23,000;BR-101/RS;Decrescente;Colisão traseira;2;0;0;0;0;0;0;0;0;0;2;0;0;0;0
16/11/2021;16:35:05;239;Sem vítima;92,000;BR-290/RS;Decrescente;Colisão lateral no mesmo sentido;2;0;0;0;0;0;0;0;0;0;2;0;0;0;0
16/11/2021;16:35:21;240;Com vítima;304,000;BR-386/RS;Decrescente;Acidentes de outra natureza;1;0;0;0;0;0;0;0;0;0;0;1;0;0;0
16/11/2021;18:06:21;268;Sem vítima;96,000;BR-290/RS;Decrescente;Colisão traseira;1;0;0;0;0;0;0;0;0;0;0;0;0;0;0
16/11/2021;18:45:57;278;Sem vítima;23,000;BR-101/RS;Decrescente;Colisão lateral no mesmo sentido;1;0;0;0;0;0;0;0;0;0;0;0;0;0;0
16/11/2021;19:22:53;289;Sem vítima;423,000;BR-386/RS;Crescente;Acidentes de outra natureza;1;0;0;0;0;0;0;0;0;0;1;0;0;0;0
17/11/2021;07:20:45;45;Sem vítima;94,000;BR-290/RS;Crescente;Colisão traseira;0;0;2;0;0;0;0;0;0;0;2;0;0;0;0
17/11/2021;08:14:35;67;Sem vítima;426,000;BR-386/RS;Decrescente;Choque;0;0;0;0;0;1;0;0;0;0;1;0;0;0;0
17/11/2021;08:20:57;73;Sem vítima;75,000;BR-290/RS;Decrescente;Acidentes de outra natureza;1;0;0;0;0;0;0;0;0;0;1;0;0;0;0
17/11/2021;10:38:45;117;Sem vítima;45,000;BR-101/RS;Decrescente;Colisão lateral no mesmo sentido;1;0;0;0;0;0;0;0;0;0;0;0;0;0;0
17/11/2021;17:08:58;199;Sem vítima;237,000;BR-386/RS;Decrescente;Acidentes de outra natureza;1;0;0;0;0;0;0;0;0;0;1;0;0;0;0
17/11/2021;17:50:48;205;Com vítima;267,000;BR-386/RS;Decrescente;Colisão lateral no mesmo sentido;1;0;0;0;0;0;0;0;0;0;0;0;1;0;0
17/11/2021;22:35:37;241;Com vítima;441,000;BR-386/RS;Crescente;Colisão lateral no mesmo sentido;2;0;0;0;0;0;0;0;0;0;0;2;0;0;0
18/11/2021;04:42:18;11;Sem vítima;82,000;BR-290/RS;Crescente;Acidentes de outra natureza;0;0;0;0;0;1;0;0;0;0;1;0;0;0;0
18/11/2021;07:25:27;39;Sem vítima;284,000;BR-386/RS;Crescente;Engavetamento;1;0;0;0;0;0;0;0;0;0;1;0;0;0;0
18/11/2021;08:16:43;58;Sem vítima;83,000;BR-101/RS;Crescente;Colisão traseira;1;0;0;0;0;0;0;0;0;0;1;0;0;0;0
18/11/2021;10:41:55;105;Sem vítima;68,000;BR-290/RS;Crescente;Colisão lateral no mesmo sentido;0;0;1;0;0;0;0;0;0;0;0;0;0;0;0
18/11/2021;11:10:30;114;Sem vítima;95,000;BR-290/RS;Crescente;Colisão traseira;1;0;0;0;0;0;0;0;0;0;0;0;0;0;0
18/11/2021;11:38:52;127;Sem vítima;39,000;BR-101/RS;Crescente;Acidentes de outra natureza;1;0;0;0;0;0;0;0;0;0;1;0;0;0;0
18/11/2021;12:40:48;137;Com vítima;331,000;BR-386/RS;Crescente;Colisão transversal;1;0;0;0;0;1;0;0;0;0;1;0;1;0;0
18/11/2021;13:50:49;151;Sem vítima;247,000;BR-386/RS;Decrescente;Colisão lateral no mesmo sentido;0;0;0;0;0;2;0;0;0;0;2;0;0;0;0
18/11/2021;14:32:27;160;Sem vítima;21,000;BR-101/RS;Decrescente;Colisão traseira;2;0;0;0;0;0;0;0;0;0;2;0;0;0;0
19/11/2021;00:07:26;2;Sem vítima;96,000;BR-290/RS;Crescente;Colisão traseira;1;0;0;0;0;0;0;0;0;0;1;0;0;0;0
19/11/2021;05:02:02;16;Sem vítima;433,000;BR-386/RS;Decrescente;Acidentes de outra natureza;0;0;0;0;2;0;0;0;0;0;2;0;0;0;0
19/11/2021;07:20:11;51;Sem vítima;21,000;BR-101/RS;Crescente;Queda de moto;0;0;0;1;0;0;0;0;0;0;0;0;0;0;0
19/11/2021;10:47:43;138;Sem vítima;414,000;BR-386/RS;Decrescente;Colisão lateral no mesmo sentido;2;0;0;0;0;0;0;0;0;0;2;0;0;0;0
19/11/2021;18:13:40;235;Com vítima;398,000;BR-386/RS;Crescente;Capotamento;1;0;0;0;0;0;0;0;0;0;0;0;1;0;0
20/11/2021;00:28:57;3;Sem vítima;35,000;BR-290/RS;Decrescente;Choque;0;0;1;0;0;0;0;0;0;0;1;0;0;0;0
20/11/2021;06:19:44;30;Sem vítima;2,000;BR-290/RS;Crescente;Colisão lateral no mesmo sentido;2;0;0;0;0;0;0;0;0;0;2;0;0;0;0
20/11/2021;07:22:40;46;Sem vítima;92,000;BR-290/RS;Crescente;Colisão traseira;1;0;0;0;1;0;0;0;0;0;0;0;0;0;0
20/11/2021;07:51:50;63;Com vítima;50,000;BR-101/RS;Decrescente;Choque;1;0;0;0;0;0;0;0;0;0;0;0;3;0;0
20/11/2021;08:18:15;69;Sem vítima;425,000;BR-386/RS;Crescente;Acidentes de outra natureza;0;0;0;0;0;0;0;0;0;0;0;0;0;0;0
20/11/2021;11:12:02;111;Sem vítima;386,000;BR-386/RS;Decrescente;Colisão traseira;1;0;0;0;0;0;0;0;0;0;0;0;0;0;0
20/11/2021;11:49:58;122;Sem vítima;3,000;BR-290/RS;Crescente;Colisão traseira;1;0;0;0;0;0;0;0;0;0;0;0;0;0;0
20/11/2021;12:01:54;125;Sem vítima;386,000;BR-386/RS;Decrescente;Acidentes de outra natureza;1;0;0;0;0;0;0;0;0;0;1;0;0;0;0
20/11/2021;15:49:29;171;Sem vítima;249,000;BR-386/RS;Crescente;Acidentes de outra natureza;1;0;0;0;0;0;0;0;0;0;1;0;0;0;0
21/11/2021;05:43:18;31;Com vítima;87,000;BR-290/RS;Decrescente;Capotamento;1;0;0;0;0;0;0;0;0;0;0;1;0;0;0
21/11/2021;13:04:13;105;Sem vítima;406,000;BR-386/RS;Crescente;Acidentes de outra natureza;1;0;0;0;0;0;0;0;0;0;1;0;0;0;0
21/11/2021;15:19:47;134;Sem vítima;50,000;BR-290/RS;Decrescente;Colisão traseira;2;0;0;0;0;0;0;0;0;0;2;0;0;0;0
21/11/2021;18:09:22;189;Sem vítima;345,000;BR-386/RS;Decrescente;Colisão lateral no mesmo sentido;1;0;0;0;0;0;0;0;0;0;0;0;0;0;0
21/11/2021;18:19:23;195;Sem vítima;87,000;BR-290/RS;Decrescente;Colisão traseira;1;0;0;0;0;0;0;0;0;0;0;0;0;0;0
21/11/2021;19:08:12;214;Sem vítima;202,000;BR-386/RS;Crescente;Acidentes de outra natureza;1;0;0;0;0;0;0;0;0;0;1;0;0;0;0
21/11/2021;19:41:31;223;Com vítima;81,000;BR-290/RS;Decrescente;Acidentes de outra natureza;1;0;0;0;0;0;0;0;0;0;1;1;0;0;0
21/11/2021;19:59:13;231;Sem vítima;362,000;BR-386/RS;Decrescente;Queda de moto;0;0;0;1;0;0;0;0;0;0;0;0;0;0;0
21/11/2021;21:35:29;255;Sem vítima;32,000;BR-101/RS;Decrescente;Colisão traseira;1;0;0;0;0;0;0;0;0;0;0;0;0;0;0
22/11/2021;07:13:00;40;Sem vítima;248,000;BR-386/RS;Decrescente;Acidentes de outra natureza;1;0;0;0;0;0;0;0;0;0;0;0;0;0;0
22/11/2021;07:46:05;58;Sem vítima;52,000;BR-101/RS;Crescente;Acidentes de outra natureza;0;0;1;0;0;0;0;0;0;0;1;0;0;0;0
22/11/2021;07:58:15;67;Com vítima;96,000;BR-290/RS;Crescente;Colisão transversal;2;0;0;0;0;0;0;0;0;0;0;2;0;0;0
22/11/2021;09:47:38;106;Sem vítima;92,000;BR-290/RS;Decrescente;Engavetamento;1;0;0;0;0;0;0;0;0;0;0;0;0;0;0
22/11/2021;10:53:49;134;Sem vítima;426,000;BR-386/RS;Crescente;Colisão traseira;2;0;0;0;0;0;0;0;0;0;5;0;0;0;0
22/11/2021;10:57:36;137;Com vítima;91,000;BR-290/RS;Crescente;Queda de moto;0;0;0;1;0;0;0;0;0;0;0;1;0;0;0
22/11/2021;15:39:21;203;Sem vítima;24,000;BR-290/RS;Decrescente;Colisão traseira;0;0;0;0;0;1;0;0;0;0;1;0;0;0;0
22/11/2021;22:39:57;289;Sem vítima;16,000;BR-290/RS;Crescente;Atropelamento de pedestre;1;0;0;0;0;0;0;0;0;0;1;0;0;0;0
23/11/2021;07:40:45;58;Sem vítima;342,000;BR-386/RS;Crescente;Engavetamento;1;0;0;0;0;0;0;0;0;0;1;0;0;0;0
23/11/2021;09:24:42;106;Sem vítima;249,000;BR-386/RS;Crescente;Engavetamento;2;0;0;0;0;0;0;0;0;0;2;0;0;0;0
23/11/2021;10:47:19;141;Sem vítima;417,000;BR-386/RS;Crescente;Acidentes de outra natureza;1;0;0;0;0;0;0;0;0;0;0;0;0;0;0
23/11/2021;11:09:23;148;Com vítima;320,000;BR-386/RS;Decrescente;Capotamento;1;0;0;0;0;0;0;0;0;0;0;1;0;0;0
23/11/2021;12:01:46;166;Com vítima;247,000;BR-386/RS;Crescente;Acidentes de outra natureza;1;0;0;0;0;0;0;0;0;0;0;1;0;0;0
23/11/2021;12:42:21;172;Sem vítima;278,000;BR-386/RS;Decrescente;Acidentes de outra natureza;1;0;0;0;0;0;0;0;0;0;0;0;0;0;0
23/11/2021;16:44:46;217;Com vítima;343,000;BR-386/RS;Decrescente;Colisão traseira;1;0;0;1;0;0;0;0;0;0;1;1;0;0;0
23/11/2021;16:59:08;220;Sem vítima;202,000;BR-386/RS;Decrescente;Choque;0;0;1;0;0;0;0;0;0;0;1;0;0;0;0
23/11/2021;17:23:30;226;Sem vítima;436,000;BR-386/RS;Decrescente;Colisão transversal;1;0;0;0;0;0;0;0;0;0;0;0;0;0;0
23/11/2021;20:05:10;259;Sem vítima;412,000;BR-386/RS;Decrescente;Acidentes de outra natureza;1;0;0;0;0;0;0;0;0;0;1;0;0;0;0
23/11/2021;21:45:51;283;Sem vítima;40,000;BR-101/RS;Crescente;Colisão traseira;2;0;0;0;0;0;0;0;0;0;1;0;0;0;0
24/11/2021;07:18:29;69;Sem vítima;88,000;BR-290/RS;Crescente;Engavetamento;2;0;0;0;0;0;0;0;0;0;2;0;0;0;0
24/11/2021;09:39:42;134;Com vítima;343,000;BR-386/RS;Decrescente;Colisão lateral no mesmo sentido;0;0;0;2;0;0;0;0;0;0;0;2;0;0;0
24/11/2021;10:39:20;156;Sem vítima;424,000;BR-386/RS;Crescente;Atropelamento de animal;2;0;0;0;0;0;0;0;0;0;2;0;0;0;0
24/11/2021;12:57:03;197;Sem vítima;407,000;BR-386/RS;Decrescente;Colisão traseira;0;0;1;0;0;0;0;0;0;0;0;0;0;0;0
24/11/2021;15:07:01;232;Sem vítima;434,000;BR-386/RS;Decrescente;Colisão traseira;1;0;0;0;0;0;0;0;0;0;0;0;0;0;0
24/11/2021;15:45:57;241;Sem vítima;40,000;BR-101/RS;Crescente;Queda de moto;0;0;0;1;0;0;0;0;0;0;1;0;0;0;0
24/11/2021;17:37:20;278;Sem vítima;352,000;BR-386/RS;Decrescente;Colisão lateral no mesmo sentido;2;0;0;0;0;0;0;0;0;0;1;0;0;0;0
24/11/2021;18:10:20;282;Sem vítima;19,000;BR-290/RS;Crescente;Colisão traseira;1;0;0;0;0;0;0;0;0;0;4;0;0;0;0
24/11/2021;18:26:23;292;Sem vítima;86,000;BR-290/RS;Decrescente;Queda de moto;0;0;0;1;0;0;0;0;0;0;0;0;0;0;0
24/11/2021;21:47:30;331;Sem vítima;49,000;BR-101/RS;Decrescente;Acidentes de outra natureza;0;0;0;0;0;0;0;0;0;0;0;0;0;0;0
24/11/2021;23:33:48;336;Sem vítima;410,000;BR-386/RS;Crescente;Colisão traseira;0;0;1;0;0;0;0;0;0;0;0;0;0;0;0
25/11/2021;05:58:29;23;Sem vítima;248,000;BR-386/RS;Crescente;Colisão lateral no mesmo sentido;0;0;1;0;0;0;0;0;0;0;0;0;0;0;0
25/11/2021;07:50:31;66;Sem vítima;345,000;BR-386/RS;Decrescente;Queda de moto;0;0;0;1;0;0;0;0;0;0;0;0;0;0;0
25/11/2021;11:05:01;140;Sem vítima;11,000;BR-290/RS;Crescente;Capotamento;1;0;0;0;0;0;0;0;0;0;1;0;0;0;0
25/11/2021;13:43:55;180;Com vítima;237,000;BR-386/RS;Crescente;Engavetamento;2;0;0;0;0;0;0;0;0;0;0;2;0;0;0
25/11/2021;15:30:02;213;Sem vítima;305,000;BR-386/RS;Decrescente;Colisão lateral no mesmo sentido;0;0;1;0;0;0;0;0;0;0;0;0;0;0;0
25/11/2021;15:51:00;219;Sem vítima;41,000;BR-101/RS;Crescente;Tombamento;0;0;0;0;0;0;0;0;0;1;1;0;0;0;0
25/11/2021;16:07:32;222;Sem vítima;235,000;BR-386/RS;Crescente;Acidentes de outra natureza;1;0;0;0;0;0;0;0;0;0;1;0;0;0;0
25/11/2021;16:47:44;237;Sem vítima;439,000;BR-386/RS;Crescente;Colisão traseira;0;0;1;0;0;0;0;0;0;0;0;0;0;0;0
25/11/2021;16:48:37;238;Sem vítima;261,000;BR-386/RS;Decrescente;Capotamento;1;0;0;0;0;0;0;0;0;0;1;0;0;0;0
25/11/2021;17:56:04;256;Sem vítima;28,000;BR-101/RS;Crescente;Acidentes de outra natureza;1;0;0;0;0;0;0;0;0;0;1;0;0;0;0
25/11/2021;17:59:41;258;Com vítima;396,230;BR-386/RS;Crescente;Colisão frontal;2;0;0;0;0;0;0;0;0;0;3;0;4;1;0
25/11/2021;18:51:25;275;Sem vítima;11,000;BR-101/RS;Decrescente;Acidentes de outra natureza;1;0;0;0;0;0;0;0;0;0;1;0;0;0;0
25/11/2021;19:15:36;281;Sem vítima;25,000;BR-101/RS;Crescente;Colisão lateral no mesmo sentido;2;0;0;0;0;0;0;0;0;0;5;0;0;0;0
25/11/2021;19:22:35;282;Sem vítima;92,000;BR-290/RS;Crescente;Acidentes de outra natureza;1;0;0;0;0;0;0;0;0;0;1;0;0;0;0
25/11/2021;20:15:33;291;Sem vítima;81,000;BR-290/RS;Decrescente;Acidentes de outra natureza;1;0;0;0;0;0;0;0;0;0;2;0;0;0;0
25/11/2021;20:41:44;302;Sem vítima;418,000;BR-386/RS;Decrescente;Acidentes de outra natureza;1;0;0;0;0;0;0;0;0;0;0;0;0;0;0
26/11/2021;07:56:49;51;Sem vítima;347,000;BR-386/RS;Crescente;Acidentes de outra natureza;2;0;0;0;0;0;0;0;0;0;2;0;0;0;0
26/11/2021;08:09:14;54;Sem vítima;84,000;BR-290/RS;Crescente;Colisão traseira;0;0;0;2;0;0;0;0;0;0;2;0;0;0;0
26/11/2021;13:26:06;141;Sem vítima;253,000;BR-386/RS;Decrescente;Acidentes de outra natureza;0;0;0;0;1;0;0;0;0;0;0;0;0;0;0
26/11/2021;14:35:21;162;Sem vítima;20,000;BR-290/RS;Decrescente;Colisão traseira;2;0;0;0;0;0;0;0;0;0;2;0;0;0;0
26/11/2021;15:31:36;173;Sem vítima;354,000;BR-386/RS;Decrescente;Acidentes de outra natureza;0;0;1;0;0;0;0;0;0;0;1;0;0;0;0
26/11/2021;15:40:50;175;Com vítima;77,000;BR-290/RS;Decrescente;Colisão lateral no mesmo sentido;2;0;0;0;0;0;0;0;0;0;0;2;0;0;0
26/11/2021;17:15:06;190;Com vítima;304,000;BR-386/RS;Decrescente;Acidentes de outra natureza;0;0;1;0;0;0;0;0;0;0;0;1;0;0;0
26/11/2021;18:17:19;208;Sem vítima;350,000;BR-386/RS;Crescente;Colisão traseira;2;0;0;0;0;0;0;0;0;0;2;0;0;0;0
26/11/2021;18:43:35;216;Sem vítima;49,000;BR-290/RS;Decrescente;Acidentes de outra natureza;1;0;0;0;0;0;0;0;0;0;1;0;0;0;0
26/11/2021;20:06:40;235;Sem vítima;80,000;BR-290/RS;Decrescente;Acidentes de outra natureza;2;0;0;0;0;0;0;0;0;0;2;0;0;0;0
26/11/2021;22:23:17;263;Sem vítima;57,000;BR-290/RS;Crescente;Acidentes de outra natureza;0;0;1;0;0;0;0;0;0;0;1;0;0;0;0
26/11/2021;22:26:28;265;Sem vítima;80,000;BR-290/RS;Decrescente;Acidentes de outra natureza;1;0;0;0;0;0;0;0;0;0;0;0;0;0;0
26/11/2021;22:28:12;266;Sem vítima;22,000;BR-101/RS;Crescente;Capotamento;1;0;0;0;0;0;0;0;0;0;1;0;0;0;0
27/11/2021;07:45:07;43;Com vítima;344,000;BR-386/RS;Decrescente;Colisão transversal;2;0;0;0;0;0;0;0;0;0;0;0;2;0;0
27/11/2021;09:42:57;66;Com vítima;235,000;BR-386/RS;Crescente;Acidentes de outra natureza;0;0;1;0;0;0;0;0;0;0;0;1;0;0;0
27/11/2021;09:53:24;70;Sem vítima;342,000;BR-386/RS;Decrescente;Colisão lateral no mesmo sentido;1;0;0;0;0;0;0;0;0;0;1;0;0;0;0