data;horario;n_da_ocorrencia;tipo_de_ocorrencia;km;trecho;sentido;tipo_de_acidente;automovel;bicicleta;caminhao;moto;onibus;outros;tracao_animal;transporte_de_cargas_especiais;trator_maquinas;utilitarios;ilesos;levemente_feridos;moderadamente_feridos;gravemente_feridos;mortos
27/11/2021;14:32:25;128;Sem vítima;357,000;BR-386/RS;Decrescente;Acidentes de outra natureza;1;0;0;0;0;0;0;0;0;0;1;0;0;0;0
27/11/2021;17:02:40;154;Sem vítima;234,000;BR-386/RS;Crescente;Colisão transversal;2;0;0;0;0;0;0;0;0;0;2;0;0;0;0
27/11/2021;20:28:33;199;Com vítima;267,000;BR-386/RS;Crescente;Acidentes de outra natureza;1;0;0;0;0;0;0;0;0;0;0;1;0;0;0
27/11/2021;23:32:59;227;Sem vítima;19,000;BR-290/RS;Crescente;Choque;1;0;0;0;0;0;0;0;0;0;1;0;0;0;0
28/11/2021;00:05:30;2;Sem vítima;270,380;BR-386/RS;Crescente;Colisão transversal;1;0;0;0;0;0;0;0;0;0;1;0;0;0;0
28/11/2021;01:22:06;12;Sem vítima;221,000;BR-386/RS;Decrescente;Acidentes de outra natureza;1;0;0;0;0;0;0;0;0;0;1;0;0;0;0
28/11/2021;02:55:10;18;Com vítima;355,000;BR-386/RS;Crescente;Tombamento;0;0;0;0;0;1;0;0;0;0;0;0;1;0;0
28/11/2021;03:56:06;22;Com vítima;386,000;BR-386/RS;Crescente;Choque;1;0;0;0;0;0;0;0;0;0;0;0;0;0;1
28/11/2021;05:46:55;36;Sem vítima;413,000;BR-386/RS;Decrescente;Queda de moto;0;0;0;1;0;0;0;0;0;0;1;0;0;0;0
28/11/2021;20:49:27;200;Sem vítima;85,000;BR-101/RS;Decrescente;Colisão transversal;2;0;0;0;0;0;0;0;0;0;2;0;0;0;0
28/11/2021;21:09:01;205;Sem vítima;79,000;BR-290/RS;Crescente;Colisão lateral no mesmo sentido;1;0;0;0;0;0;0;0;0;0;1;0;0;0;0
28/11/2021;21:35:55;208;Sem vítima;59,000;BR-290/RS;Crescente;Colisão traseira;1;0;0;0;0;0;0;0;0;0;1;0;0;0;0
29/11/2021;09:43:43;135;Sem vítima;92,270;BR-290/RS;Crescente;Colisão lateral no mesmo sentido;1;0;1;0;0;0;0;0;0;0;2;0;0;0;0
29/11/2021;10:15:28;145;Com vítima;329,000;BR-386/RS;Crescente;Queda de moto;0;0;0;1;0;0;0;0;0;0;0;1;0;0;0
29/11/2021;15:46:11;243;Sem vítima;22,000;BR-101/RS;Decrescente;Choque;1;0;0;0;0;0;0;0;0;0;1;0;0;0;0
29/11/2021;20:08:45;304;Sem vítima;68,000;BR-290/RS;Decrescente;Colisão lateral no mesmo sentido;2;0;0;0;0;0;0;0;0;0;2;0;0;0;0
29/11/2021;20:40:44;315;Sem vítima;45,000;BR-290/RS;Decrescente;Colisão traseira;0;0;0;0;0;0;0;0;0;0;0;0;0;0;0
30/11/2021;05:34:16;40;Sem vítima;19,000;BR-290/RS;Crescente;Acidentes de outra natureza;1;0;0;0;0;0;0;0;0;0;0;0;0;0;0
30/11/2021;07:28:33;88;Sem vítima;226,000;BR-386/RS;Decrescente;Colisão traseira;1;0;0;0;0;0;0;0;0;0;1;0;0;0;0
30/11/2021;07:35:26;91;Sem vítima;438,000;BR-386/RS;Decrescente;Atropelamento de animal;0;0;0;1;0;0;0;0;0;0;0;0;0;0;0
30/11/2021;08:11:00;106;Sem vítima;437,000;BR-386/RS;Decrescente;Colisão frontal;2;0;0;0;0;0;0;0;0;0;2;0;0;0;0
30/11/2021;11:39:30;160;Sem vítima;367,000;BR-386/RS;Crescente;Colisão lateral no mesmo sentido;2;0;0;0;0;0;0;0;0;0;6;0;0;0;0
30/11/2021;13:58:26;202;Com vítima;342,000;BR-386/RS;Decrescente;Colisão frontal;2;0;0;0;0;0;0;0;0;0;0;2;0;0;0
30/11/2021;15:28:34;231;Sem vítima;91,000;BR-290/RS;Decrescente;Queda de moto;0;0;0;1;0;0;0;0;0;0;0;0;0;0;0
30/11/2021;17:14:58;258;Sem vítima;19,210;BR-290/RS;Decrescente;Colisão lateral no mesmo sentido;0;0;1;0;0;0;0;0;0;0;0;0;0;0;0
30/11/2021;20:50:32;303;Sem vítima;443,000;BR-386/RS;Crescente;Acidentes de outra natureza;1;0;0;0;0;0;0;0;0;0;1;0;0;0;0
01/12/2021;04:53:48;13;Com vítima;285,540;BR-386/RS;Decrescente;Colisão transversal;0;0;0;0;2;0;0;0;0;0;0;0;0;2;0
01/12/2021;08:35:27;79;Sem vítima;231,000;BR-386/RS;Decrescente;Acidentes de outra natureza;1;0;0;0;0;0;0;0;0;0;1;0;0;0;0
01/12/2021;09:56:11;110;Sem vítima;83,000;BR-290/RS;Crescente;Acidentes de outra natureza;1;0;0;0;0;0;0;0;0;0;0;0;0;0;0
01/12/2021;14:41:20;166;Sem vítima;419,000;BR-386/RS;Decrescente;Colisão traseira;0;0;2;0;0;0;0;0;0;0;2;0;0;0;0
01/12/2021;16:11:26;188;Sem vítima;329,000;BR-386/RS;Crescente;Colisão transversal;0;0;1;0;0;0;0;0;0;0;0;0;0;0;0
02/12/2021;01:45:13;10;Sem vítima;305,000;BR-386/RS;Decrescente;Acidentes de outra natureza;1;0;0;0;0;0;0;0;0;0;1;0;0;0;0
02/12/2021;07:02:50;48;Sem vítima;11,000;BR-101/RS;Crescente;Atropelamento de animal;1;0;0;0;0;0;0;0;0;0;1;0;0;0;0
02/12/2021;08:20:53;92;Sem vítima;361,000;BR-386/RS;Decrescente;Acidentes de outra natureza;1;0;0;0;0;0;0;0;0;0;0;0;0;0;0
02/12/2021;10:12:51;135;Sem vítima;24,000;BR-290/RS;Decrescente;Colisão traseira;2;0;0;0;0;0;0;0;0;0;2;0;0;0;0
02/12/2021;13:59:05;179;Sem vítima;32,000;BR-101/RS;Decrescente;Colisão traseira;1;0;0;0;0;0;0;0;0;0;1;0;0;0;0
02/12/2021;14:08:16;182;Sem vítima;381,000;BR-386/RS;Crescente;Capotamento;1;0;0;0;0;0;0;0;0;0;1;0;0;0;0
02/12/2021;17:47:20;224;Sem vítima;388,000;BR-386/RS;Decrescente;Colisão transversal;1;0;1;0;0;0;0;0;0;0;4;0;0;0;0
02/12/2021;18:28:13;233;Sem vítima;441,000;BR-386/RS;Decrescente;Colisão traseira;1;0;0;0;0;0;0;0;0;0;1;0;0;0;0
02/12/2021;19:37:06;257;Com vítima;10,000;BR-101/RS;Decrescente;Queda de moto;0;0;0;1;0;0;0;0;0;0;0;0;1;0;0
02/12/2021;23:43:47;286;Com vítima;48,000;BR-290/RS;Crescente;Capotamento;1;0;0;0;0;0;0;0;0;0;0;1;0;0;0
03/12/2021;06:29:53;36;Sem vítima;344,000;BR-386/RS;Decrescente;Acidentes de outra natureza;1;0;0;0;0;0;0;0;0;0;1;0;0;0;0
03/12/2021;07:10:00;44;Sem vítima;12,000;BR-101/RS;Decrescente;Queda de moto;0;0;0;1;0;0;0;0;0;0;0;0;0;0;0
03/12/2021;07:12:33;47;Sem vítima;18,000;BR-290/RS;Decrescente;Capotamento;2;0;0;0;0;0;0;0;0;0;2;0;0;0;0
03/12/2021;07:39:44;65;Com vítima;88,000;BR-290/RS;Crescente;Engavetamento;1;0;0;3;0;0;0;0;0;0;2;2;0;0;0
03/12/2021;08:08:43;82;Com vítima;85,000;BR-290/RS;Crescente;Colisão lateral no mesmo sentido;0;0;0;2;0;0;0;0;0;0;1;2;0;0;0
03/12/2021;08:10:26;84;Sem vítima;426,000;BR-386/RS;Decrescente;Colisão traseira;1;0;0;0;0;0;0;0;0;0;0;0;0;0;0
03/12/2021;13:56:21;196;Sem vítima;38,470;BR-290/RS;Decrescente;Colisão traseira;2;0;0;0;0;0;0;0;0;0;2;0;0;0;0
03/12/2021;14:02:00;198;Sem vítima;87,000;BR-101/RS;Decrescente;Tombamento;0;0;0;0;0;1;0;0;0;0;1;0;0;0;0
03/12/2021;18:02:50;254;Sem vítima;88,000;BR-290/RS;Decrescente;Colisão traseira;0;0;0;2;0;0;0;0;0;0;2;0;0;0;0
03/12/2021;21:00:39;299;Sem vítima;230,000;BR-386/RS;Crescente;Choque;1;0;0;0;0;0;0;0;0;0;0;0;0;0;0
03/12/2021;21:28:59;304;Com vítima;430,000;BR-386/RS;Decrescente;Acidentes de outra natureza;1;0;0;0;0;0;0;0;0;0;0;1;0;0;0
03/12/2021;22:02:45;307;Sem vítima;29,000;BR-290/RS;Decrescente;Acidentes de outra natureza;0;0;1;0;0;0;0;0;0;0;0;0;0;0;0
04/12/2021;00:15:59;3;Sem vítima;71,000;BR-290/RS;Crescente;Colisão traseira;1;0;0;0;0;0;0;0;0;0;1;0;0;0;0
04/12/2021;05:33:09;30;Com vítima;325,000;BR-386/RS;Decrescente;Choque;0;0;0;1;0;0;0;0;0;0;0;1;0;0;0
04/12/2021;08:07:00;77;Sem vítima;332,000;BR-386/RS;Decrescente;Colisão transversal;0;0;0;0;2;0;0;0;0;0;2;0;0;0;0
04/12/2021;10:47:02;137;Sem vítima;413,000;BR-386/RS;Crescente;Choque;2;0;0;0;0;0;0;0;0;0;2;0;0;0;0
04/12/2021;14:12:14;198;Sem vítima;76,000;BR-290/RS;Crescente;Queda de moto;0;0;0;1;0;0;0;0;0;0;1;0;0;0;0
04/12/2021;14:15:47;199;Sem vítima;359,000;BR-386/RS;Decrescente;Capotamento;1;0;0;0;0;0;0;0;0;0;0;0;0;0;0
04/12/2021;20:04:23;284;Sem vítima;388,000;BR-386/RS;Crescente;Acidentes de outra natureza;1;0;0;0;0;0;0;0;0;0;1;0;0;0;0
04/12/2021;23:18:49;310;Sem vítima;34,000;BR-290/RS;Decrescente;Acidentes de outra natureza;0;0;1;0;0;0;0;0;0;0;0;0;0;0;0
04/12/2021;23:28:57;312;Sem vítima;295,000;BR-386/RS;Crescente;Acidentes de outra natureza;1;0;0;0;0;0;0;0;0;0;0;0;0;0;0
05/12/2021;00:34:45;7;Sem vítima;339,000;BR-386/RS;Crescente;Acidentes de outra natureza;1;0;0;0;0;0;0;0;0;0;1;0;0;0;0
05/12/2021;02:45:52;15;Com vítima;65,000;BR-290/RS;Decrescente;Acidentes de outra natureza;1;0;0;0;0;0;0;0;0;0;0;1;0;0;0
05/12/2021;03:26:43;19;Sem vítima;430,000;BR-386/RS;Decrescente;Acidentes de outra natureza;1;0;0;0;0;0;0;0;0;0;1;0;0;0;0
05/12/2021;04:08:39;23;Sem vítima;334,000;BR-386/RS;Decrescente;Acidentes de outra natureza;2;0;0;0;0;0;0;0;0;0;2;0;0;0;0
05/12/2021;04:13:38;24;Sem vítima;51,000;BR-290/RS;Crescente;Queda de moto;0;0;0;1;0;0;0;0;0;0;1;0;0;0;0
05/12/2021;09:10:29;79;Sem vítima;199,000;BR-386/RS;Crescente;Colisão lateral no mesmo sentido;2;0;0;0;0;0;0;0;0;0;2;0;0;0;0
05/12/2021;11:22:29;108;Com vítima;71,000;BR-290/RS;Crescente;Capotamento;1;0;0;0;0;0;0;0;0;0;0;0;1;0;0
05/12/2021;13:23:16;129;Sem vítima;431,350;BR-386/RS;Decrescente;Choque;1;0;0;0;0;0;0;0;0;0;1;0;0;0;0
06/12/2021;04:10:41;29;Sem vítima;9,000;BR-290/RS;Decrescente;Acidentes de outra natureza;1;0;0;0;0;0;0;0;0;0;1;0;0;0;0
06/12/2021;05:47:52;49;Sem vítima;284,000;BR-386/RS;Crescente;Choque;0;0;1;0;0;0;0;0;0;0;1;0;0;0;0
06/12/2021;06:11:54;52;Sem vítima;12,000;BR-290/RS;Decrescente;Acidentes de outra natureza;1;0;0;0;0;0;0;0;0;0;1;0;0;0;0
06/12/2021;06:45:25;56;Sem vítima;424,000;BR-386/RS;Crescente;Acidentes de outra natureza;1;0;0;0;0;0;0;0;0;0;1;0;0;0;0
06/12/2021;06:51:46;57;Sem vítima;76,000;BR-290/RS;Decrescente;Capotamento;1;0;0;0;0;0;0;0;0;0;1;0;0;0;0
06/12/2021;08:06:43;78;Sem vítima;419,000;BR-386/RS;Crescente;Acidentes de outra natureza;1;0;0;0;0;0;0;0;0;0;1;0;0;0;0
06/12/2021;08:08:32;79;Sem vítima;300,000;BR-386/RS;Crescente;Acidentes de outra natureza;1;0;0;0;0;0;0;0;0;0;3;0;0;0;0
06/12/2021;08:54:06;96;Sem vítima;65,000;BR-290/RS;Decrescente;Choque;1;0;0;0;0;0;0;0;0;0;1;0;0;0;0
06/12/2021;11:50:10;159;Sem vítima;435,000;BR-386/RS;Crescente;Colisão transversal;2;0;0;0;0;0;0;0;0;0;2;0;0;0;0
06/12/2021;13:57:09;188;Com vítima;373,000;BR-386/RS;Crescente;Queda de moto;0;0;0;1;0;0;0;0;0;0;0;1;0;0;0
06/12/2021;15:14:49;203;Sem vítima;334,000;BR-386/RS;Crescente;Colisão transversal;2;0;0;0;0;0;0;0;0;0;2;0;0;0;0
06/12/2021;17:10:05;223;Com vítima;444,000;BR-386/RS;Crescente;Colisão lateral no mesmo sentido;0;0;0;2;0;0;0;0;0;0;0;2;0;0;0
06/12/2021;18:26:37;235;Sem vítima;86,000;BR-290/RS;Decrescente;Colisão lateral no mesmo sentido;2;0;0;0;0;0;0;0;0;0;2;0;0;0;0
06/12/2021;23:11:08;277;Sem vítima;391,000;BR-386/RS;Crescente;Colisão lateral no mesmo sentido;2;0;0;0;0;0;0;0;0;0;2;0;0;0;0
06/12/2021;23:33:18;279;Sem vítima;394,000;BR-386/RS;Crescente;Atropelamento de animal;0;0;0;0;0;1;0;0;0;0;1;0;0;0;0
06/12/2021;23:48:12;281;Sem vítima;382,000;BR-386/RS;Decrescente;Colisão lateral no mesmo sentido;0;0;2;0;0;0;0;0;0;0;3;0;0;0;0
06/12/2021;23:56:25;282;Sem vítima;278,000;BR-386/RS;Decrescente;Acidentes de outra natureza;0;0;1;0;0;0;0;0;0;0;1;0;0;0;0
07/12/2021;00:55:48;6;Sem vítima;53,000;BR-101/RS;Decrescente;Acidentes de outra natureza;0;0;2;0;0;0;0;0;0;0;2;0;0;0;0
07/12/2021;06:31:00;47;Sem vítima;202,000;BR-386/RS;Crescente;Choque;0;0;1;0;0;0;0;0;0;0;1;0;0;0;0
07/12/2021;10:59:05;134;Sem vítima;298,000;BR-386/RS;Crescente;Colisão lateral no mesmo sentido;0;0;1;0;0;0;0;0;0;0;1;0;0;0;0
07/12/2021;12:18:38;152;Sem vítima;434,000;BR-386/RS;Decrescente;Acidentes de outra natureza;3;0;0;0;0;0;0;0;0;0;2;0;0;0;0
07/12/2021;15:26:00;188;Sem vítima;412,000;BR-386/RS;Crescente;Colisão lateral no mesmo sentido;0;0;0;1;0;0;0;0;0;0;0;0;0;0;0
08/12/2021;00:48:30;6;Sem vítima;47,000;BR-101/RS;Decrescente;Acidentes de outra natureza;0;0;1;0;0;0;0;0;0;0;1;0;0;0;0
08/12/2021;08:01:03;74;Sem vítima;26,000;BR-290/RS;Crescente;Colisão lateral no mesmo sentido;2;0;0;0;0;0;0;0;0;0;2;0;0;0;0
08/12/2021;10:36:31;131;Sem vítima;75,000;BR-290/RS;Crescente;Acidentes de outra natureza;0;0;1;0;0;0;0;0;0;0;0;0;0;0;0
08/12/2021;11:21:06;143;Sem vítima;299,000;BR-386/RS;Decrescente;Acidentes de outra natureza;0;0;0;0;0;0;0;0;0;0;0;0;0;0;0
08/12/2021;14:10:39;177;Sem vítima;344,000;BR-386/RS;Decrescente;Queda de moto;0;0;0;0;0;0;0;0;0;0;0;0;0;0;0
08/12/2021;18:31:05;252;Com vítima;435,000;BR-386/RS;Decrescente;Colisão transversal;0;0;0;1;0;0;0;0;0;0;0;0;1;0;0
08/12/2021;22:58:37;298;Sem vítima;73,000;BR-290/RS;Crescente;Colisão traseira;1;0;0;0;1;0;0;0;0;0;2;0;0;0;0
09/12/2021;00:58:59;5;Sem vítima;19,000;BR-101/RS;Crescente;Colisão transversal;1;0;0;0;0;0;0;0;0;0;1;0;0;0;0
09/12/2021;16:00:23;228;Sem vítima;241,000;BR-386/RS;Decrescente;Colisão transversal;2;0;0;0;0;0;0;0;0;0;2;0;0;0;0
10/12/2021;03:48:26;19;Sem vítima;84,000;BR-290/RS;Decrescente;Acidentes de outra natureza;1;0;0;0;0;0;0;0;0;0;1;0;0;0;0
10/12/2021;07:34:44;76;Sem vítima;3,000;BR-101/RS;Decrescente;Colisão traseira;0;0;0;2;0;0;0;0;0;0;2;0;0;0;0
10/12/2021;09:04:15;118;Com vítima;92,000;BR-290/RS;Decrescente;Colisão lateral no mesmo sentido;2;0;0;0;0;0;0;0;0;0;0;2;0;0;0
10/12/2021;12:47:41;171;Com vítima;415,000;BR-386/RS;Crescente;Queda de moto;0;0;0;2;0;0;0;0;0;0;0;0;2;0;0
10/12/2021;19:39:30;275;Sem vítima;270,000;BR-386/RS;Crescente;Colisão transversal;2;0;0;0;0;0;0;0;0;0;2;0;0;0;0
11/12/2021;05:00:07;18;Com vítima;355,000;BR-386/RS;Crescente;Colisão traseira;0;0;0;1;0;0;0;0;0;0;0;1;0;0;0
11/12/2021;05:21:19;22;Com vítima;94,000;BR-290/RS;Decrescente;Choque;2;0;0;0;0;0;0;0;0;0;0;2;0;0;0
11/12/2021;05:49:18;24;Sem vítima;70,000;BR-101/RS;Crescente;Atropelamento de pedestre;1;0;0;0;0;0;0;0;0;0;1;0;0;0;0
11/12/2021;09:13:38;61;Sem vítima;412,000;BR-386/RS;Crescente;Acidentes de outra natureza;1;0;0;0;0;0;0;0;0;0;0;0;0;0;0
11/12/2021;10:07:04;78;Sem vítima;375,000;BR-386/RS;Decrescente;Choque;1;0;0;0;0;0;0;0;0;0;0;0;0;0;0
11/12/2021;10:45:48;89;Sem vítima;19,000;BR-290/RS;Decrescente;Colisão traseira;1;0;0;0;0;0;0;0;0;0;1;0;0;0;0
11/12/2021;19:57:41;201;Com vítima;269,000;BR-386/RS;Crescente;Colisão transversal;1;0;0;0;0;0;0;0;0;0;0;1;0;0;0
11/12/2021;20:03:01;203;Sem vítima;349,000;BR-386/RS;Crescente;Engavetamento;1;0;0;0;0;0;0;0;0;0;1;0;0;0;0
11/12/2021;20:28:09;212;Sem vítima;416,000;BR-386/RS;Decrescente;Acidentes de outra natureza;1;0;0;0;0;0;0;0;0;0;1;0;0;0;0
11/12/2021;21:42:13;221;Com vítima;69,000;BR-290/RS;Crescente;Acidentes de outra natureza;1;0;0;0;0;0;0;0;0;0;0;1;0;0;0
12/12/2021;00:27:24;4;Sem vítima;2,000;BR-101/RS;Crescente;Atropelamento de animal;0;0;0;0;0;1;0;0;0;0;1;0;0;0;0
12/12/2021;00:32:42;6;Sem vítima;46,000;BR-101/RS;Crescente;Colisão traseira;2;0;0;0;0;0;0;0;0;0;2;0;0;0;0
12/12/2021;04:20:53;20;Sem vítima;242,000;BR-386/RS;Crescente;Acidentes de outra natureza;1;0;0;0;0;0;0;0;0;0;1;0;0;0;0
12/12/2021;04:59:01;24;Sem vítima;53,000;BR-101/RS;Crescente;Acidentes de outra natureza;0;0;1;0;0;0;0;0;0;0;1;0;0;0;0
12/12/2021;07:46:59;44;Sem vítima;86,000;BR-101/RS;Decrescente;Colisão traseira;2;0;0;0;0;0;0;0;0;0;2;0;0;0;0
12/12/2021;15:13:41;123;Sem vítima;343,000;BR-386/RS;Decrescente;Colisão lateral no mesmo sentido;1;0;0;1;0;0;0;0;0;0;1;0;0;0;0
12/12/2021;21:28:50;218;Sem vítima;65,000;BR-101/RS;Decrescente;Acidentes de outra natureza;1;0;0;0;0;0;0;0;0;0;0;0;0;0;0
13/12/2021;01:51:07;14;Sem vítima;95,000;BR-290/RS;Crescente;Choque;1;0;0;0;0;0;0;0;0;0;1;0;0;0;0
13/12/2021;02:30:02;19;Sem vítima;62,000;BR-290/RS;Crescente;Tombamento;0;0;1;0;0;0;0;0;0;0;1;0;0;0;0
13/12/2021;07:32:58;74;Sem vítima;431,000;BR-386/RS;Decrescente;Choque;2;0;0;0;0;0;0;0;0;0;2;0;0;0;0
13/12/2021;09:12:50;132;Sem vítima;184,000;BR-386/RS;Crescente;Atropelamento de animal;1;0;0;0;0;0;0;0;0;0;1;0;0;0;0
13/12/2021;09:24:26;136;Sem vítima;8,000;BR-101/RS;Crescente;Tombamento;0;0;1;0;0;0;0;0;0;0;1;0;0;0;0
13/12/2021;14:56:40;247;Com vítima;76,000;BR-101/RS;Decrescente;Capotamento;1;0;0;0;0;0;0;0;0;0;0;0;1;0;0
13/12/2021;15:28:00;258;Sem vítima;185,000;BR-386/RS;Decrescente;Acidentes de outra natureza;0;0;0;0;1;0;0;0;0;0;0;0;0;0;0
13/12/2021;17:03:45;286;Sem vítima;47,000;BR-290/RS;Crescente;Acidentes de outra natureza;0;0;0;0;1;0;0;0;0;0;1;0;0;0;0
13/12/2021;18:38:10;325;Sem vítima;348,000;BR-386/RS;Decrescente;Colisão transversal;1;0;0;0;0;0;0;0;0;0;1;0;0;0;0
13/12/2021;18:55:40;333;Sem vítima;425,000;BR-386/RS;Crescente;Colisão lateral no mesmo sentido;0;0;0;0;1;0;0;0;0;0;1;0;0;0;0
13/12/2021;22:19:12;366;Sem vítima;260,000;BR-386/RS;Decrescente;Acidentes de outra natureza;0;0;1;0;0;0;0;0;0;0;0;0;0;0;0
14/12/2021;07:52:37;78;Com vítima;395,000;BR-386/RS;Decrescente;Acidentes de outra natureza;1;0;0;0;0;0;0;0;0;0;0;1;0;0;0
14/12/2021;08:18:22;90;Sem vítima;440,000;BR-386/RS;Decrescente;Acidentes de outra natureza;0;0;0;0;2;0;0;0;0;0;2;0;0;0;0
14/12/2021;11:16:06;125;Sem vítima;303,000;BR-386/RS;Crescente;Acidentes de outra natureza;0;0;1;0;0;0;0;0;0;0;1;0;0;0;0
14/12/2021;11:16:53;126;Sem vítima;19,000;BR-290/RS;Crescente;Choque;0;0;0;0;0;1;0;0;0;0;1;0;0;0;0
14/12/2021;13:16:23;136;Sem vítima;283,000;BR-386/RS;Crescente;Acidentes de outra natureza;2;0;0;0;0;0;0;0;0;0;2;0;0;0;0
14/12/2021;13:34:59;137;Sem vítima;22,000;BR-101/RS;Crescente;Choque;1;0;0;0;0;0;0;0;0;0;1;0;0;0;0
14/12/2021;13:40:09;138;Sem vítima;440,000;BR-386/RS;Crescente;Acidentes de outra natureza;1;0;0;0;0;0;0;0;0;0;0;0;0;0;0
14/12/2021;14:10:57;141;Sem vítima;227,000;BR-386/RS;Crescente;Acidentes de outra natureza;0;0;1;0;0;0;0;0;0;0;0;0;0;0;0
14/12/2021;15:08:52;159;Sem vítima;24,000;BR-290/RS;Crescente;Acidentes de outra natureza;1;0;0;0;0;0;0;0;0;0;1;0;0;0;0
14/12/2021;20:36:31;235;Sem vítima;424,000;BR-386/RS;Crescente;Colisão traseira;1;0;0;0;0;0;0;0;0;1;2;0;0;0;0
14/12/2021;20:43:31;238;Sem vítima;36,000;BR-101/RS;Decrescente;Choque;1;0;0;0;0;0;0;0;0;0;2;0;0;0;0
14/12/2021;20:53:26;241;Sem vítima;36,000;BR-101/RS;Decrescente;Colisão traseira;0;0;1;0;0;0;0;0;0;0;1;0;0;0;0
15/12/2021;03:39:51;8;Com vítima;380,000;BR-386/RS;Decrescente;Tombamento;0;0;1;0;0;0;0;0;0;0;0;0;1;0;0
15/12/2021;04:34:57;11;Sem vítima;291,000;BR-386/RS;Crescente;Acidentes de outra natureza;0;0;1;0;0;0;0;0;0;0;1;0;0;0;0
15/12/2021;05:55:16;27;Sem vítima;73,000;BR-290/RS;Crescente;Queda de moto;0;0;0;1;0;0;0;0;0;0;1;0;0;0;0
15/12/2021;06:29:39;34;Sem vítima;16,000;BR-101/RS;Crescente;Choque;2;0;0;0;0;0;0;0;0;0;2;0;0;0;0
15/12/2021;08:27:28;79;Com vítima;393,000;BR-386/RS;Decrescente;Tombamento;0;0;1;0;0;0;0;0;0;0;0;1;0;0;0
15/12/2021;09:10:36;97;Sem vítima;88,000;BR-290/RS;Crescente;Colisão traseira;1;0;0;0;0;0;0;0;0;0;0;0;0;0;0
15/12/2021;10:12:04;112;Sem vítima;356,000;BR-386/RS;Decrescente;Colisão lateral no mesmo sentido;2;0;0;0;0;0;0;0;0;0;2;0;0;0;0
15/12/2021;14:36:18;167;Com vítima;95,000;BR-290/RS;Decrescente;Colisão traseira;0;0;0;1;0;0;0;0;0;0;0;1;0;0;0
15/12/2021;17:48:37;189;Com vítima;75,000;BR-290/RS;Decrescente;Engavetamento;2;0;0;0;0;0;0;0;0;0;4;1;0;0;0
15/12/2021;18:08:44;193;Sem vítima;436,000;BR-386/RS;Crescente;Colisão transversal;1;0;0;0;0;0;0;0;0;0;0;0;0;0;0
15/12/2021;20:19:21;224;Com vítima;87,000;BR-290/RS;Decrescente;Atropelamento de animal;0;0;0;1;0;0;0;0;0;0;0;0;1;0;0
16/12/2021;06:07:23;24;Sem vítima;80,000;BR-290/RS;Decrescente;Acidentes de outra natureza;1;0;0;0;0;0;0;0;0;0;1;0;0;0;0
16/12/2021;11:30:43;115;Sem vítima;10,000;BR-101/RS;Decrescente;Choque;2;0;0;0;0;0;0;0;0;0;2;0;0;0;0
16/12/2021;15:16:49;159;Sem vítima;426,000;BR-386/RS;Crescente;Colisão traseira;1;0;0;0;0;0;0;0;0;0;1;0;0;0;0
16/12/2021;16:20:55;183;Com vítima;11,000;BR-290/RS;Decrescente;Queda de moto;0;0;0;1;0;0;0;0;0;0;0;0;1;0;0
16/12/2021;16:46:25;190;Com vítima;21,000;BR-101/RS;Crescente;Choque;2;0;0;0;0;0;0;0;0;0;0;2;0;0;0
16/12/2021;16:57:12;192;Sem vítima;304,000;BR-386/RS;Decrescente;Tombamento;0;0;1;0;0;0;0;0;0;0;0;0;0;0;0
17/12/2021;01:34:13;10;Sem vítima;373,510;BR-386/RS;Decrescente;Acidentes de outra natureza;1;0;0;0;0;0;0;0;0;0;1;0;0;0;0
17/12/2021;02:15:01;12;Sem vítima;68,000;BR-290/RS;Crescente;Acidentes de outra natureza;1;0;0;0;0;0;0;0;0;0;1;0;0;0;0
17/12/2021;07:21:26;68;Sem vítima;87,000;BR-290/RS;Crescente;Colisão traseira;2;0;0;1;0;0;0;0;0;0;5;0;0;0;0
17/12/2021;10:44:06;176;Sem vítima;335,000;BR-386/RS;Decrescente;Colisão traseira;0;0;2;0;0;0;0;0;0;0;2;0;0;0;0
17/12/2021;14:05:47;231;Com vítima;90,000;BR-290/RS;Decrescente;Capotamento;1;0;0;0;0;0;0;0;0;0;0;0;1;0;0
17/12/2021;15:41:34;263;Sem vítima;368,000;BR-386/RS;Decrescente;Colisão traseira;2;0;0;0;0;0;0;0;0;0;3;0;0;0;0
17/12/2021;16:00:04;267;Sem vítima;234,000;BR-386/RS;Decrescente;Choque;1;0;0;0;0;0;0;0;0;0;0;0;0;0;0
17/12/2021;16:44:16;278;Sem vítima;430,000;BR-386/RS;Crescente;Acidentes de outra natureza;0;0;0;0;1;0;0;0;0;0;1;0;0;0;0
17/12/2021;16:51:43;280;Sem vítima;345,000;BR-386/RS;Decrescente;Colisão traseira;0;0;0;0;0;0;0;0;0;0;0;0;0;0;0
17/12/2021;20:29:27;332;Sem vítima;247,000;BR-386/RS;Decrescente;Colisão lateral no mesmo sentido;1;0;0;0;0;0;0;0;0;0;0;0;0;0;0
18/12/2021;00:10:57;3;Com vítima;79,000;BR-101/RS;Decrescente;Acidentes de outra natureza;1;0;0;0;0;0;0;0;0;0;0;1;0;0;0