data;horario;n_da_ocorrencia;tipo_de_ocorrencia;km;trecho;sentido;tipo_de_acidente;automovel;bicicleta;caminhao;moto;onibus;outros;tracao_animal;transporte_de_cargas_especiais;trator_maquinas;utilitarios;ilesos;levemente_feridos;moderadamente_feridos;gravemente_feridos;mortos
18/12/2021;01:35:09;9;Sem vítima;68,000;BR-290/RS;Crescente;Acidentes de outra natureza;1;0;0;0;0;0;0;0;0;0;1;0;0;0;0
18/12/2021;10:25:55;138;Sem vítima;35,000;BR-290/RS;Decrescente;Colisão traseira;1;0;0;0;0;0;0;0;0;0;0;0;0;0;0
18/12/2021;11:10:47;155;Sem vítima;204,000;BR-386/RS;Decrescente;Acidentes de outra natureza;1;0;0;0;0;0;0;0;0;0;0;0;0;0;0
18/12/2021;16:46:18;247;Sem vítima;22,000;BR-101/RS;Decrescente;Colisão lateral no mesmo sentido;2;0;0;0;0;0;0;0;0;0;4;0;0;0;0
18/12/2021;18:12:30;265;Sem vítima;93,000;BR-290/RS;Decrescente;Queda de moto;0;0;0;1;0;0;0;0;0;0;1;0;0;0;0
18/12/2021;20:39:02;290;Sem vítima;362,000;BR-386/RS;Crescente;Colisão lateral no mesmo sentido;1;0;0;0;0;0;0;0;0;0;3;0;0;0;0
18/12/2021;21:00:13;296;Sem vítima;41,000;BR-290/RS;Decrescente;Queda de moto;0;0;0;1;0;0;0;0;0;0;1;0;0;0;0
18/12/2021;23:18:20;313;Sem vítima;12,000;BR-290/RS;Crescente;Colisão lateral no mesmo sentido;2;0;0;0;0;0;0;0;0;0;1;0;0;0;0
19/12/2021;01:05:18;4;Com vítima;283,000;BR-386/RS;Decrescente;Colisão frontal;2;0;0;0;0;0;0;0;0;0;0;0;0;0;2
19/12/2021;04:08:55;15;Com vítima;352,000;BR-386/RS;Decrescente;Acidentes de outra natureza;1;0;0;0;0;0;0;0;0;0;0;1;0;0;0
19/12/2021;05:01:56;17;Sem vítima;8,000;BR-101/RS;Decrescente;Acidentes de outra natureza;2;0;0;0;0;0;0;0;0;0;2;0;0;0;0
19/12/2021;06:09:22;26;Sem vítima;74,000;BR-290/RS;Crescente;Acidentes de outra natureza;1;0;0;0;0;0;0;0;0;0;1;0;0;0;0
19/12/2021;06:31:36;32;Sem vítima;60,180;BR-290/RS;Crescente;Colisão traseira;2;0;0;0;0;0;0;0;0;0;2;0;0;0;0
19/12/2021;07:32:19;48;Sem vítima;282,000;BR-386/RS;Decrescente;Queda de moto;0;0;0;0;0;0;0;0;0;0;0;0;0;0;0
19/12/2021;08:32:56;59;Sem vítima;67,000;BR-101/RS;Decrescente;Acidentes de outra natureza;2;0;0;0;0;0;0;0;0;0;2;0;0;0;0
19/12/2021;08:51:51;61;Sem vítima;341,000;BR-386/RS;Decrescente;Colisão traseira;2;0;0;0;0;0;0;0;0;0;2;0;0;0;0
19/12/2021;09:41:18;70;Sem vítima;60,000;BR-290/RS;Crescente;Colisão lateral no mesmo sentido;1;0;0;0;0;0;0;0;0;0;1;0;0;0;0
19/12/2021;10:22:10;79;Sem vítima;6,000;BR-290/RS;Decrescente;Choque;1;0;0;0;0;0;0;0;0;0;1;0;0;0;0
19/12/2021;12:26:16;110;Sem vítima;49,000;BR-290/RS;Decrescente;Acidentes de outra natureza;2;0;0;0;0;0;0;0;0;0;2;0;0;0;0
19/12/2021;15:03:40;146;Com vítima;25,000;BR-290/RS;Crescente;Capotamento;1;0;0;0;0;0;0;0;0;0;0;0;1;0;0
20/12/2021;00:52:10;5;Sem vítima;90,000;BR-290/RS;Decrescente;Atropelamento de pedestre;1;0;0;0;0;0;0;0;0;0;1;0;0;0;0
20/12/2021;08:45:49;107;Sem vítima;92,000;BR-290/RS;Decrescente;Choque;2;0;0;0;0;0;0;0;0;0;2;0;0;0;0
20/12/2021;10:12:44;135;Sem vítima;288,000;BR-386/RS;Decrescente;Colisão lateral no mesmo sentido;2;0;0;0;0;0;0;0;0;0;2;0;0;0;0
20/12/2021;12:36:38;181;Sem vítima;82,000;BR-290/RS;Decrescente;Acidentes de outra natureza;1;0;0;0;0;0;0;0;0;0;0;0;0;0;0
20/12/2021;17:47:26;264;Sem vítima;88,000;BR-290/RS;Decrescente;Engavetamento;1;0;0;0;0;0;0;0;0;0;1;0;0;0;0
20/12/2021;18:21:35;271;Sem vítima;87,000;BR-290/RS;Decrescente;Engavetamento;3;0;0;0;0;0;0;0;0;0;3;0;0;0;0
20/12/2021;18:51:22;278;Com vítima;92,000;BR-290/RS;Crescente;Queda de moto;0;0;0;1;0;0;0;0;0;0;0;1;1;0;0
20/12/2021;20:07:18;303;Com vítima;19,000;BR-101/RS;Decrescente;Acidentes de outra natureza;1;0;0;0;0;0;0;0;0;0;0;1;0;0;0
21/12/2021;05:20:52;25;Sem vítima;412,000;BR-386/RS;Decrescente;Choque;1;0;0;0;0;0;0;0;0;0;1;0;0;0;0
21/12/2021;08:30:04;91;Sem vítima;344,000;BR-386/RS;Crescente;Choque;3;0;0;0;0;0;0;0;0;0;5;0;0;0;0
21/12/2021;08:52:31;97;Sem vítima;345,000;BR-386/RS;Crescente;Colisão traseira;1;0;0;0;0;0;0;0;0;0;1;0;0;0;0
21/12/2021;11:00:50;132;Sem vítima;386,000;BR-386/RS;Crescente;Colisão lateral no mesmo sentido;2;0;0;0;0;0;0;0;0;0;2;0;0;0;0
21/12/2021;12:45:49;154;Com vítima;61,000;BR-290/RS;Decrescente;Acidentes de outra natureza;0;0;0;0;1;0;0;0;0;0;1;0;1;0;0
21/12/2021;13:08:25;155;Sem vítima;426,000;BR-386/RS;Crescente;Colisão traseira;0;0;1;0;1;0;0;0;0;0;2;0;0;0;0
21/12/2021;14:20:25;172;Sem vítima;414,000;BR-386/RS;Crescente;Colisão lateral no mesmo sentido;1;0;0;0;0;0;0;0;0;0;1;0;0;0;0
21/12/2021;16:56:05;211;Com vítima;75,000;BR-290/RS;Crescente;Queda de moto;1;0;0;0;0;0;0;0;0;0;0;1;0;0;0
21/12/2021;17:29:15;220;Sem vítima;76,000;BR-101/RS;Decrescente;Acidentes de outra natureza;1;0;0;0;0;0;0;0;0;0;2;0;0;0;0
21/12/2021;19:37:34;251;Com vítima;5,000;BR-290/RS;Decrescente;Queda de moto;0;0;0;1;0;0;0;0;0;0;1;1;0;0;0
22/12/2021;01:11:45;9;Sem vítima;35,000;BR-290/RS;Decrescente;Tombamento;0;0;0;0;0;0;0;0;0;0;0;0;0;0;0
22/12/2021;07:11:08;50;Sem vítima;359,000;BR-386/RS;Crescente;Colisão traseira;2;0;0;0;0;0;0;0;0;0;3;0;0;0;0
22/12/2021;08:11:42;82;Sem vítima;95,000;BR-290/RS;Crescente;Engavetamento;3;0;0;0;0;0;0;0;0;0;7;0;0;0;0
22/12/2021;09:34:43;124;Sem vítima;11,000;BR-101/RS;Decrescente;Choque;0;0;0;0;0;0;0;0;0;0;0;0;0;0;0
22/12/2021;10:20:51;144;Sem vítima;251,220;BR-386/RS;Decrescente;Colisão traseira;0;0;0;0;0;0;0;0;0;0;0;0;0;0;0
22/12/2021;12:04:41;181;Sem vítima;392,000;BR-386/RS;Decrescente;Colisão traseira;1;0;0;0;0;0;0;0;0;0;0;0;0;0;0
22/12/2021;12:58:08;192;Com vítima;347,000;BR-386/RS;Decrescente;Colisão traseira;0;0;0;1;0;0;0;0;0;0;0;0;1;0;0
22/12/2021;17:27:43;256;Sem vítima;435,000;BR-386/RS;Crescente;Colisão traseira;2;0;0;0;0;0;0;0;0;0;4;0;0;0;0
23/12/2021;01:28:31;4;Sem vítima;86,000;BR-290/RS;Decrescente;Choque;1;0;0;0;0;0;0;0;0;0;1;0;0;0;0
23/12/2021;06:17:40;33;Sem vítima;187,000;BR-386/RS;Decrescente;Acidentes de outra natureza;1;0;0;0;0;0;0;0;0;0;4;0;0;0;0
23/12/2021;06:48:44;48;Sem vítima;35,000;BR-290/RS;Decrescente;Colisão lateral no mesmo sentido;1;0;0;0;0;1;0;0;0;0;3;0;0;0;0
23/12/2021;07:30:31;71;Sem vítima;343,000;BR-386/RS;Decrescente;Colisão traseira;2;0;0;0;0;0;0;0;0;0;4;0;0;0;0
23/12/2021;08:17:27;94;Com vítima;234,000;BR-386/RS;Decrescente;Colisão transversal;2;0;0;0;0;0;0;0;0;0;2;0;2;0;0
23/12/2021;08:26:08;98;Sem vítima;342,000;BR-386/RS;Decrescente;Engavetamento;3;0;0;0;0;0;0;0;0;0;10;0;0;0;0
23/12/2021;09:48:41;141;Sem vítima;242,000;BR-386/RS;Decrescente;Colisão traseira;2;0;0;0;0;0;0;0;0;0;2;0;0;0;0
23/12/2021;10:42:25;163;Sem vítima;344,000;BR-386/RS;Decrescente;Colisão traseira;2;0;0;0;0;0;0;0;0;0;3;0;0;0;0
23/12/2021;11:56:47;190;Com vítima;15,000;BR-290/RS;Crescente;Colisão lateral no mesmo sentido;2;0;0;0;0;0;0;0;0;0;4;2;1;0;0
23/12/2021;13:27:35;226;Com vítima;21,310;BR-101/RS;Decrescente;Queda de moto;0;0;0;1;0;0;0;0;0;0;0;0;1;0;0
23/12/2021;15:59:00;285;Com vítima;42,000;BR-290/RS;Crescente;Capotamento;1;0;0;0;0;0;0;0;0;0;1;1;0;0;0
23/12/2021;16:55:43;304;Sem vítima;351,000;BR-386/RS;Crescente;Colisão traseira;1;0;0;0;0;0;0;0;0;0;1;0;0;0;0
23/12/2021;20:24:01;366;Com vítima;417,000;BR-386/RS;Crescente;Colisão transversal;1;0;0;0;0;0;0;0;0;0;1;2;0;1;0
23/12/2021;22:54:32;393;Com vítima;407,000;BR-386/RS;Decrescente;Colisão frontal;5;0;0;0;0;0;0;0;0;0;2;5;3;1;0
24/12/2021;07:22:42;57;Com vítima;26,000;BR-290/RS;Crescente;Acidentes de outra natureza;1;0;0;0;0;0;0;0;0;0;0;3;1;0;0
24/12/2021;07:26:10;60;Sem vítima;277,000;BR-386/RS;Decrescente;Colisão traseira;1;0;0;0;0;0;0;0;0;0;4;0;0;0;0
24/12/2021;07:55:12;69;Sem vítima;340,000;BR-386/RS;Decrescente;Colisão traseira;2;0;0;0;0;0;0;0;0;0;5;0;0;0;0
24/12/2021;08:11:27;71;Sem vítima;205,000;BR-386/RS;Decrescente;Colisão traseira;2;0;0;0;0;0;0;0;0;0;5;0;0;0;0
24/12/2021;09:30:05;98;Com vítima;72,000;BR-101/RS;Crescente;Capotamento;1;0;0;0;0;0;0;0;0;0;2;0;1;0;0
24/12/2021;09:46:01;108;Sem vítima;268,000;BR-386/RS;Crescente;Acidentes de outra natureza;1;0;0;0;0;0;0;0;0;0;1;0;0;0;0
24/12/2021;11:35:00;140;Sem vítima;42,000;BR-290/RS;Crescente;Acidentes de outra natureza;1;0;0;0;0;0;0;0;0;0;1;0;0;0;0
24/12/2021;12:16:52;153;Sem vítima;13,000;BR-101/RS;Decrescente;Colisão traseira;2;0;0;0;0;0;0;0;0;0;2;0;0;0;0
24/12/2021;12:46:42;160;Sem vítima;59,000;BR-290/RS;Crescente;Acidentes de outra natureza;1;0;0;0;0;0;0;0;0;0;3;0;0;0;0
24/12/2021;14:36:14;186;Com vítima;66,000;BR-290/RS;Decrescente;Capotamento;2;0;0;0;0;0;0;0;0;0;5;1;0;0;0
24/12/2021;17:28:13;239;Sem vítima;22,000;BR-101/RS;Crescente;Choque;1;0;0;0;0;0;0;0;0;0;1;0;0;0;0
24/12/2021;21:15:50;286;Sem vítima;3,000;BR-101/RS;Crescente;Choque;1;0;0;0;0;0;0;0;0;0;1;0;0;0;0
25/12/2021;00:59:46;8;Sem vítima;69,000;BR-101/RS;Decrescente;Acidentes de outra natureza;1;0;0;0;0;0;0;0;0;0;1;0;0;0;0
25/12/2021;02:03:53;16;Sem vítima;69,000;BR-101/RS;Decrescente;Acidentes de outra natureza;1;0;0;0;0;0;0;0;0;0;1;0;0;0;0
25/12/2021;02:47:33;18;Sem vítima;72,000;BR-101/RS;Crescente;Acidentes de outra natureza;1;0;0;0;0;0;0;0;0;0;1;0;0;0;0
25/12/2021;06:47:17;35;Com vítima;43,000;BR-290/RS;Decrescente;Capotamento;1;0;0;0;0;0;0;0;0;0;0;0;2;1;0
25/12/2021;09:21:34;58;Sem vítima;350,000;BR-386/RS;Decrescente;Acidentes de outra natureza;1;0;0;0;0;0;0;0;0;0;1;0;0;0;0
25/12/2021;19:06:56;186;Com vítima;53,000;BR-290/RS;Crescente;Acidentes de outra natureza;1;0;0;0;0;0;0;0;0;0;0;2;0;0;0
26/12/2021;06:29:21;35;Sem vítima;63,000;BR-101/RS;Decrescente;Capotamento;1;0;0;0;0;0;0;0;0;0;1;0;0;0;0
26/12/2021;06:59:06;37;Sem vítima;307,000;BR-386/RS;Decrescente;Queda de moto;0;0;0;1;0;0;0;0;0;0;2;0;0;0;0
26/12/2021;08:12:11;52;Sem vítima;22,000;BR-101/RS;Decrescente;Choque;1;0;0;0;0;0;0;0;0;0;2;0;0;0;0
26/12/2021;08:24:25;54;Sem vítima;22,000;BR-101/RS;Decrescente;Choque;1;0;0;0;0;0;0;0;0;0;1;0;0;0;0
26/12/2021;09:45:49;69;Sem vítima;219,000;BR-386/RS;Crescente;Colisão lateral no mesmo sentido;2;0;0;0;0;0;0;0;0;0;2;0;0;0;0
26/12/2021;14:17:06;125;Sem vítima;426,000;BR-386/RS;Crescente;Colisão traseira;1;0;0;0;0;0;0;0;0;0;2;0;0;0;0
26/12/2021;14:35:52;131;Sem vítima;411,000;BR-386/RS;Crescente;Choque;1;0;0;0;0;0;0;0;0;0;1;0;0;0;0
27/12/2021;00:13:09;1;Sem vítima;407,000;BR-386/RS;Crescente;Acidentes de outra natureza;1;0;0;0;0;0;0;0;0;0;1;0;0;0;0
27/12/2021;06:38:04;44;Sem vítima;23,000;BR-290/RS;Crescente;Colisão traseira;2;0;0;0;0;0;0;0;0;0;5;0;0;0;0
27/12/2021;06:59:19;56;Com vítima;56,000;BR-290/RS;Crescente;Colisão lateral no mesmo sentido;2;0;0;0;0;0;0;0;0;0;4;2;0;0;0
27/12/2021;07:33:59;76;Com vítima;95,000;BR-290/RS;Decrescente;Colisão lateral no mesmo sentido;0;0;1;1;0;0;0;0;0;0;1;1;0;0;0
27/12/2021;11:47:06;183;Sem vítima;289,000;BR-386/RS;Crescente;Colisão traseira;1;0;0;0;0;0;0;0;0;0;2;0;0;0;0
27/12/2021;13:05:49;216;Sem vítima;310,000;BR-386/RS;Crescente;Colisão lateral no mesmo sentido;2;0;0;0;0;0;0;0;0;0;6;0;0;0;0
27/12/2021;14:59:03;270;Sem vítima;20,000;BR-101/RS;Crescente;Colisão transversal;1;0;0;0;0;0;0;0;0;0;1;0;0;0;0
27/12/2021;16:40:15;305;Sem vítima;375,000;BR-386/RS;Crescente;Colisão traseira;1;0;0;1;0;0;0;0;0;0;6;0;0;0;0
27/12/2021;18:33:47;341;Sem vítima;279,000;BR-386/RS;Crescente;Choque;1;0;0;0;0;0;0;0;0;0;0;0;0;0;0
28/12/2021;06:05:05;28;Com vítima;20,000;BR-290/RS;Decrescente;Capotamento;1;0;0;0;0;0;0;0;0;0;0;4;1;0;0
28/12/2021;08:31:00;95;Sem vítima;60,000;BR-290/RS;Decrescente;Colisão traseira;2;0;0;0;0;0;0;0;0;0;5;0;0;0;0
28/12/2021;11:53:29;165;Sem vítima;202,000;BR-386/RS;Decrescente;Acidentes de outra natureza;1;0;0;0;0;0;0;0;0;0;5;0;0;0;0
28/12/2021;16:53:40;239;Sem vítima;88,000;BR-290/RS;Decrescente;Colisão lateral no mesmo sentido;2;0;0;0;0;0;0;0;0;0;3;0;0;0;0
28/12/2021;18:30:58;267;Sem vítima;80,000;BR-290/RS;Decrescente;Engavetamento;3;0;0;0;0;0;0;0;0;0;4;0;0;0;0
29/12/2021;01:46:52;5;Sem vítima;53,000;BR-290/RS;Crescente;Colisão traseira;2;0;0;0;0;0;0;0;0;0;6;0;0;0;0
29/12/2021;03:52:06;12;Sem vítima;57,000;BR-101/RS;Decrescente;Acidentes de outra natureza;1;0;0;0;0;0;0;0;0;0;2;0;0;0;0
29/12/2021;07:49:26;52;Sem vítima;74,000;BR-101/RS;Crescente;Acidentes de outra natureza;1;0;0;0;0;0;0;0;0;0;0;0;0;0;0
29/12/2021;08:30:50;77;Sem vítima;375,000;BR-386/RS;Crescente;Choque;0;0;0;0;0;0;0;0;0;0;0;0;0;0;0
29/12/2021;11:37:47;127;Com vítima;80,000;BR-101/RS;Decrescente;Colisão lateral no mesmo sentido;1;0;0;1;0;0;0;0;0;0;1;1;0;0;0
29/12/2021;13:13:07;156;Com vítima;57,000;BR-101/RS;Crescente;Queda de moto;0;0;0;1;0;0;0;0;0;0;0;1;0;0;0
29/12/2021;14:01:18;164;Sem vítima;71,000;BR-290/RS;Crescente;Acidentes de outra natureza;0;0;0;0;0;0;0;0;0;0;0;0;0;0;0
29/12/2021;19:00:55;228;Sem vítima;45,000;BR-290/RS;Crescente;Acidentes de outra natureza;1;0;0;0;0;0;0;0;0;0;2;0;0;0;0
29/12/2021;19:56:54;243;Com vítima;340,000;BR-386/RS;Crescente;Atropelamento de animal;0;0;0;1;0;0;0;0;0;0;0;0;1;0;0
30/12/2021;04:41:47;27;Sem vítima;85,000;BR-290/RS;Crescente;Choque;1;0;0;0;0;0;0;0;0;0;1;0;0;0;0
30/12/2021;10:39:59;151;Sem vítima;227,000;BR-386/RS;Decrescente;Colisão lateral no mesmo sentido;1;0;0;0;0;0;0;0;0;0;3;0;0;0;0
30/12/2021;11:57:18;183;Sem vítima;69,000;BR-290/RS;Decrescente;Colisão traseira;2;0;0;0;0;0;0;0;0;0;5;0;0;0;0
30/12/2021;15:00:41;246;Sem vítima;19,000;BR-101/RS;Crescente;Colisão transversal;1;0;0;0;0;0;0;0;0;0;1;0;0;0;0
30/12/2021;16:02:12;263;Sem vítima;356,000;BR-386/RS;Decrescente;Acidentes de outra natureza;1;0;1;0;0;0;0;0;0;0;4;0;0;0;0
30/12/2021;16:03:09;264;Sem vítima;91,000;BR-290/RS;Decrescente;Colisão lateral no mesmo sentido;2;0;0;0;0;0;0;0;0;0;2;0;0;0;0
30/12/2021;16:32:44;278;Sem vítima;25,000;BR-290/RS;Decrescente;Engavetamento;1;0;0;0;0;0;0;0;0;0;1;0;0;0;0
30/12/2021;16:35:57;282;Sem vítima;284,000;BR-386/RS;Crescente;Choque;1;0;0;0;0;0;0;0;0;0;0;0;0;0;0
30/12/2021;16:50:21;286;Sem vítima;93,000;BR-290/RS;Decrescente;Colisão traseira;1;0;0;0;0;0;0;0;0;0;1;0;0;0;0
30/12/2021;18:28:18;318;Sem vítima;80,000;BR-290/RS;Decrescente;Engavetamento;3;0;0;0;0;0;0;0;0;0;8;0;0;0;0
30/12/2021;21:42:25;397;Sem vítima;28,000;BR-290/RS;Decrescente;Colisão traseira;1;0;0;1;0;0;0;0;0;0;4;0;0;0;0
30/12/2021;22:15:31;415;Sem vítima;55,000;BR-101/RS;Crescente;Acidentes de outra natureza;1;0;0;0;0;0;0;0;0;0;4;0;0;0;0
31/12/2021;00:50:34;17;Sem vítima;4,000;BR-290/RS;Decrescente;Acidentes de outra natureza;1;0;0;0;0;0;0;0;0;0;1;0;0;0;0
31/12/2021;03:45:01;51;Sem vítima;230,000;BR-386/RS;Crescente;Acidentes de outra natureza;0;0;0;0;0;0;0;0;0;0;0;0;0;0;0
31/12/2021;04:42:04;59;Sem vítima;19,000;BR-290/RS;Decrescente;Colisão traseira;1;0;0;0;0;0;0;0;0;0;3;0;0;0;0
31/12/2021;07:57:08;119;Sem vítima;1,000;BR-101/RS;Decrescente;Choque;0;0;0;0;1;0;0;0;0;0;1;0;0;0;0
31/12/2021;09:50:06;167;Sem vítima;296,000;BR-386/RS;Crescente;Colisão traseira;2;0;0;0;0;0;0;0;0;0;6;0;0;0;0
31/12/2021;11:23:24;202;Sem vítima;247,000;BR-386/RS;Crescente;Colisão lateral no mesmo sentido;2;0;0;0;0;0;0;0;0;0;2;0;0;0;0
31/12/2021;13:41:45;256;Sem vítima;22,000;BR-101/RS;Decrescente;Colisão traseira;1;0;0;0;0;0;0;0;0;0;0;0;0;0;0
01/01/2022;05:14:01;38;Sem vítima;39,000;BR-290/RS;Crescente;Acidentes de outra natureza;1;0;0;0;0;0;0;0;0;0;3;0;0;0;0
01/01/2022;05:44:53;43;Com vítima;65,000;BR-290/RS;Decrescente;Acidentes de outra natureza;1;0;0;0;0;0;0;0;0;0;1;0;1;0;0
01/01/2022;10:41:17;119;Sem vítima;15,000;BR-290/RS;Crescente;Acidentes de outra natureza;1;0;0;0;0;0;0;0;0;0;2;0;0;0;0
01/01/2022;21:18:46;293;Sem vítima;93,000;BR-290/RS;Crescente;Colisão lateral no mesmo sentido;2;0;0;0;0;0;0;0;0;0;2;0;0;0;0
02/01/2022;04:53:00;33;Sem vítima;315,000;BR-386/RS;Crescente;Choque;1;0;0;0;0;0;0;0;0;0;1;0;0;0;0
02/01/2022;06:36:20;48;Sem vítima;78,000;BR-290/RS;Crescente;Acidentes de outra natureza;1;0;0;0;0;0;0;0;0;0;1;0;0;0;0
02/01/2022;09:13:55;106;Sem vítima;331,000;BR-386/RS;Decrescente;Colisão traseira;2;0;0;0;0;0;0;0;0;0;4;0;0;0;0
02/01/2022;11:26:39;180;Sem vítima;409,000;BR-386/RS;Decrescente;Acidentes de outra natureza;1;0;0;0;0;0;0;0;0;0;2;0;0;0;0
02/01/2022;11:34:23;185;Sem vítima;231,000;BR-386/RS;Decrescente;Colisão traseira;2;0;0;0;0;0;0;0;0;0;7;0;0;0;0
02/01/2022;11:49:37;194;Com vítima;86,000;BR-290/RS;Decrescente;Acidentes de outra natureza;1;0;0;0;0;0;0;0;0;0;0;1;0;0;0
02/01/2022;12:05:33;206;Sem vítima;60,000;BR-290/RS;Crescente;Colisão traseira;1;0;0;0;0;0;0;0;0;0;0;0;0;0;0
02/01/2022;13:50:34;274;Sem vítima;395,000;BR-386/RS;Decrescente;Capotamento;1;0;0;0;0;0;0;0;0;0;5;0;0;0;0
02/01/2022;14:19:07;293;Sem vítima;417,000;BR-386/RS;Crescente;Choque;1;0;0;0;0;0;0;0;0;0;1;0;0;0;0
02/01/2022;15:16:08;324;Sem vítima;50,000;BR-290/RS;Crescente;Colisão traseira;1;0;0;0;0;0;0;0;0;0;1;0;0;0;0
02/01/2022;15:34:48;336;Com vítima;327,000;BR-386/RS;Crescente;Colisão lateral no mesmo sentido;2;0;0;0;0;0;0;0;0;0;2;0;1;0;0
02/01/2022;16:46:06;366;Sem vítima;60,000;BR-290/RS;Crescente;Colisão traseira;1;0;0;0;0;0;0;0;0;0;1;0;0;0;0
02/01/2022;17:35:44;398;Com vítima;70,000;BR-101/RS;Crescente;Colisão traseira;3;0;0;0;0;0;0;0;0;0;3;1;1;0;0
02/01/2022;18:06:43;420;Com vítima;76,000;BR-290/RS;Crescente;Colisão traseira;2;0;0;0;0;0;0;0;0;0;3;1;0;0;0
02/01/2022;19:04:40;446;Sem vítima;371,000;BR-386/RS;Crescente;Acidentes de outra natureza;1;0;0;0;0;0;0;0;0;0;2;0;0;0;0
02/01/2022;19:10:31;447;Com vítima;58,000;BR-290/RS;Crescente;Engavetamento;1;0;0;2;0;0;0;0;0;0;3;1;1;0;0
02/01/2022;20:05:02;475;Sem vítima;417,000;BR-386/RS;Crescente;Acidentes de outra natureza;1;0;0;0;0;0;0;0;0;0;2;0;0;0;0
02/01/2022;20:17:40;481;Sem vítima;401,000;BR-386/RS;Decrescente;Acidentes de outra natureza;1;0;0;0;0;0;0;0;0;0;2;0;0;0;0
02/01/2022;20:55:29;490;Sem vítima;24,000;BR-290/RS;Crescente;Queda de moto;0;0;0;1;0;0;0;0;0;0;1;0;0;0;0
02/01/2022;21:12:13;498;Sem vítima;51,000;BR-290/RS;Crescente;Colisão lateral no mesmo sentido;1;0;0;1;0;0;0;0;0;0;3;0;0;0;0
02/01/2022;21:23:23;504;Sem vítima;3,000;BR-290/RS;Crescente;Colisão traseira;1;0;0;0;0;0;0;0;0;0;1;0;0;0;0
02/01/2022;22:05:52;528;Sem vítima;21,000;BR-290/RS;Crescente;Colisão traseira;2;0;0;0;0;0;0;0;0;0;2;0;0;0;0
02/01/2022;23:57:08;577;Sem vítima;16,000;BR-290/RS;Crescente;Colisão traseira;2;0;0;0;0;0;0;0;0;0;2;0;0;0;0
03/01/2022;00:26:15;11;Sem vítima;18,000;BR-290/RS;Crescente;Colisão traseira;1;0;0;1;0;0;0;0;0;0;2;0;0;0;0
03/01/2022;00:52:42;16;Sem vítima;26,000;BR-290/RS;Crescente;Acidentes de outra natureza;1;0;0;0;0;0;0;0;0;0;0;0;0;0;0
03/01/2022;06:40:35;96;Com vítima;73,000;BR-290/RS;Crescente;Colisão lateral no mesmo sentido;1;0;0;1;0;0;0;0;0;0;2;2;0;0;0
03/01/2022;07:23:35;115;Sem vítima;71,000;BR-290/RS;Crescente;Colisão traseira;2;0;0;0;0;0;0;0;0;0;5;0;0;0;0
03/01/2022;08:14:02;140;Com vítima;19,000;BR-290/RS;Decrescente;Engavetamento;2;0;0;0;0;0;0;0;0;0;1;3;0;0;0
03/01/2022;08:15:38;141;Com vítima;68,000;BR-290/RS;Crescente;Engavetamento;1;0;0;0;0;0;0;0;0;0;0;1;0;0;0
03/01/2022;09:33:10;166;Com vítima;250,000;BR-386/RS;Decrescente;Colisão traseira;2;0;0;0;0;0;0;0;0;0;6;1;0;0;0
03/01/2022;09:44:24;174;Com vítima;440,000;BR-386/RS;Crescente;Queda de moto;0;0;0;1;0;0;0;0;0;0;1;1;0;0;0
03/01/2022;11:28:09;215;Sem vítima;32,000;BR-101/RS;Crescente;Colisão traseira;1;0;0;0;0;0;0;0;0;0;1;0;0;0;0
03/01/2022;11:28:11;212;Sem vítima;71,000;BR-101/RS;Crescente;Acidentes de outra natureza;4;0;0;0;0;0;0;0;0;0;11;0;0;0;0
03/01/2022;11:54:23;220;Sem vítima;417,000;BR-386/RS;Crescente;Colisão traseira;1;0;0;0;0;0;0;0;0;0;1;0;0;0;0
03/01/2022;12:07:29;226;Sem vítima;34,000;BR-101/RS;Crescente;Colisão traseira;2;0;0;0;0;0;0;0;0;0;5;0;0;0;0
03/01/2022;13:37:35;266;Sem vítima;266,000;BR-386/RS;Decrescente;Queda de moto;0;0;0;1;0;0;0;0;0;0;0;0;0;0;0
03/01/2022;14:43:53;292;Sem vítima;59,000;BR-290/RS;Crescente;Acidentes de outra natureza;1;0;0;0;0;0;0;0;0;0;0;0;0;0;0
03/01/2022;15:16:39;307;Com vítima;7,000;BR-101/RS;Crescente;Queda de moto;2;0;0;0;0;0;0;0;0;0;0;2;0;0;0
03/01/2022;17:17:50;360;Sem vítima;83,000;BR-101/RS;Crescente;Colisão traseira;2;0;0;0;0;0;0;0;0;0;2;0;0;0;0
03/01/2022;19:58:20;423;Sem vítima;436,000;BR-386/RS;Decrescente;Queda de moto;0;0;0;1;0;0;0;0;0;0;1;0;0;0;0
03/01/2022;20:59:52;444;Sem vítima;60,000;BR-290/RS;Crescente;Colisão traseira;2;0;0;0;0;0;0;0;0;0;5;0;0;0;0
04/01/2022;05:55:51;32;Sem vítima;9,000;BR-101/RS;Decrescente;Tombamento;0;0;0;0;1;0;0;0;0;0;0;0;0;0;0
04/01/2022;08:24:47;74;Sem vítima;334,000;BR-386/RS;Decrescente;Colisão traseira;2;0;0;0;0;0;0;0;0;0;5;0;0;0;0
04/01/2022;09:05:36;92;Sem vítima;63,000;BR-290/RS;Crescente;Acidentes de outra natureza;1;0;0;0;0;0;0;0;0;0;0;0;0;0;0