data;horario;n_da_ocorrencia;tipo_de_ocorrencia;km;trecho;sentido;tipo_de_acidente;automovel;bicicleta;caminhao;moto;onibus;outros;tracao_animal;transporte_de_cargas_especiais;trator_maquinas;utilitarios;ilesos;levemente_feridos;moderadamente_feridos;gravemente_feridos;mortos
13/02/2022;20:15:50;208;Sem vítima;83,000;BR-101/RS;Crescente;Colisão traseira;2;0;0;0;0;0;0;0;0;0;3;0;0;0;0
13/02/2022;20:41:16;218;Sem vítima;85,000;BR-101/RS;Crescente;Colisão traseira;1;0;0;0;0;0;0;0;0;0;1;0;0;0;0
14/02/2022;03:14:22;16;Sem vítima;13,000;BR-290/RS;Crescente;Atropelamento de animal;1;0;0;0;0;0;0;0;0;0;1;0;0;0;0
14/02/2022;06:28:16;45;Sem vítima;364,000;BR-386/RS;Decrescente;Colisão traseira;2;0;0;0;0;0;0;0;0;0;2;0;0;0;0
14/02/2022;07:25:11;58;Sem vítima;89,000;BR-290/RS;Crescente;Colisão traseira;1;0;0;0;0;0;0;0;0;0;1;0;0;0;0
14/02/2022;09:27:52;110;Sem vítima;96,000;BR-290/RS;Crescente;Colisão traseira;2;0;0;0;0;0;0;0;0;0;2;0;0;0;0
14/02/2022;10:47:05;127;Sem vítima;264,000;BR-386/RS;Decrescente;Colisão traseira;1;0;0;0;0;0;0;0;0;0;1;0;0;0;0
14/02/2022;12:25:55;164;Com vítima;337,000;BR-386/RS;Decrescente;Acidentes de outra natureza;0;0;1;0;0;0;0;0;0;0;0;1;0;0;0
14/02/2022;13:11:47;176;Sem vítima;279,000;BR-386/RS;Decrescente;Acidentes de outra natureza;1;0;0;0;0;0;0;0;0;0;1;0;0;0;0
14/02/2022;16:47:56;241;Com vítima;356,000;BR-386/RS;Crescente;Queda de moto;0;0;0;1;0;0;0;0;0;0;1;0;1;0;0
14/02/2022;18:40:07;264;Com vítima;15,000;BR-101/RS;Crescente;Colisão traseira;1;0;0;1;0;0;0;0;0;0;1;2;0;0;0
15/02/2022;07:39:45;53;Sem vítima;19,000;BR-290/RS;Decrescente;Colisão traseira;1;0;0;0;0;0;0;0;0;0;1;0;0;0;0
15/02/2022;11:17:16;140;Sem vítima;94,000;BR-290/RS;Decrescente;Colisão traseira;2;0;0;0;0;0;0;0;0;0;5;0;0;0;0
15/02/2022;14:26:36;174;Sem vítima;435,000;BR-386/RS;Decrescente;Engavetamento;0;0;1;0;0;0;0;0;0;0;0;0;0;0;0
16/02/2022;06:56:42;29;Sem vítima;402,000;BR-386/RS;Crescente;Acidentes de outra natureza;1;0;0;0;0;0;0;0;0;0;1;0;0;0;0
16/02/2022;07:52:19;50;Sem vítima;91,000;BR-290/RS;Crescente;Engavetamento;3;0;0;0;0;0;0;0;0;0;4;0;0;0;0
16/02/2022;08:10:33;62;Sem vítima;426,000;BR-386/RS;Crescente;Choque;0;0;0;0;0;0;0;0;0;0;0;0;0;0;0
16/02/2022;08:40:55;74;Sem vítima;307,000;BR-386/RS;Decrescente;Colisão traseira;2;0;0;0;0;0;0;0;0;0;2;0;0;0;0
16/02/2022;09:25:20;100;Com vítima;32,000;BR-290/RS;Decrescente;Acidentes de outra natureza;1;0;0;0;0;0;0;0;0;0;0;0;1;0;0
16/02/2022;11:15:00;139;Sem vítima;60,000;BR-290/RS;Decrescente;Colisão traseira;2;0;0;0;0;0;0;0;0;0;3;0;0;0;0
16/02/2022;14:44:28;197;Sem vítima;26,000;BR-290/RS;Crescente;Queda de moto;0;0;0;1;0;0;0;0;0;0;1;0;0;0;0
16/02/2022;15:31:28;219;Sem vítima;92,000;BR-290/RS;Decrescente;Engavetamento;4;0;0;0;0;0;0;0;0;0;4;0;0;0;0
16/02/2022;16:16:07;230;Sem vítima;23,000;BR-290/RS;Decrescente;Engavetamento;4;0;0;0;0;0;0;0;0;0;4;0;0;0;0
16/02/2022;17:52:03;258;Sem vítima;53,000;BR-290/RS;Decrescente;Acidentes de outra natureza;1;0;0;0;0;0;0;0;0;0;1;0;0;0;0
17/02/2022;02:22:19;16;Sem vítima;235,000;BR-386/RS;Decrescente;Capotamento;1;0;0;0;0;0;0;0;0;0;2;0;0;0;0
17/02/2022;07:30:26;51;Com vítima;55,000;BR-290/RS;Decrescente;Capotamento;1;0;0;0;0;0;0;0;0;0;0;0;0;1;1
17/02/2022;07:47:25;66;Sem vítima;5,000;BR-101/RS;Crescente;Queda de moto;0;0;0;1;0;0;0;0;0;0;0;0;0;0;0
17/02/2022;09:48:11;118;Sem vítima;35,000;BR-101/RS;Decrescente;Acidentes de outra natureza;1;0;0;0;0;0;0;0;0;0;1;0;0;0;0
17/02/2022;10:45:17;144;Com vítima;52,000;BR-101/RS;Decrescente;Colisão frontal;1;0;0;0;0;0;0;0;0;0;1;0;0;0;0
17/02/2022;15:06:00;215;Sem vítima;87,000;BR-290/RS;Crescente;Colisão lateral no mesmo sentido;1;0;0;0;0;0;0;0;0;0;2;0;0;0;0
17/02/2022;18:18:31;262;Sem vítima;92,000;BR-290/RS;Decrescente;Colisão lateral no mesmo sentido;1;0;0;1;0;0;0;0;0;0;2;0;0;0;0
17/02/2022;20:57:49;299;Sem vítima;332,000;BR-386/RS;Decrescente;Colisão lateral no mesmo sentido;1;0;1;0;0;0;0;0;0;0;2;0;0;0;0
17/02/2022;22:17:06;306;Com vítima;11,000;BR-101/RS;Crescente;Acidentes de outra natureza;0;0;0;0;0;0;0;0;0;0;0;0;1;0;0
17/02/2022;22:49:22;310;Com vítima;81,000;BR-290/RS;Decrescente;Acidentes de outra natureza;1;0;0;0;0;0;0;0;0;0;0;1;0;0;0
18/02/2022;03:51:25;20;Com vítima;68,000;BR-290/RS;Decrescente;Acidentes de outra natureza;1;0;0;0;0;0;0;0;0;0;0;1;0;0;0
18/02/2022;06:01:38;27;Sem vítima;409,000;BR-386/RS;Decrescente;Atropelamento de animal;1;0;0;0;0;0;0;0;0;0;0;0;0;0;0
18/02/2022;08:37:36;90;Sem vítima;424,000;BR-386/RS;Decrescente;Choque;1;0;0;0;0;0;0;0;0;0;1;0;0;0;0
18/02/2022;10:08:50;118;Sem vítima;362,000;BR-386/RS;Crescente;Colisão lateral no mesmo sentido;0;0;0;0;2;0;0;0;0;0;2;0;0;0;0
18/02/2022;20:22:49;274;Sem vítima;345,000;BR-386/RS;Decrescente;Colisão frontal;1;0;0;0;0;0;0;0;0;0;0;0;0;0;0
18/02/2022;20:37:12;277;Com vítima;351,000;BR-386/RS;Decrescente;Colisão traseira;1;0;0;0;0;0;0;0;0;0;0;0;1;0;0
19/02/2022;10:25:22;113;Com vítima;64,000;BR-290/RS;Decrescente;Capotamento;1;0;0;0;0;0;0;0;0;0;0;4;0;0;0
19/02/2022;15:50:01;181;Sem vítima;180,000;BR-386/RS;Crescente;Tombamento;0;0;0;0;0;1;0;0;0;0;1;0;0;0;0
19/02/2022;18:02:03;210;Sem vítima;58,000;BR-290/RS;Decrescente;Acidentes de outra natureza;1;0;0;0;0;0;0;0;0;0;1;0;0;0;0
19/02/2022;18:30:19;214;Sem vítima;37,000;BR-290/RS;Crescente;Choque;2;0;0;0;0;0;0;0;0;0;3;0;0;0;0
19/02/2022;20:42:24;245;Sem vítima;426,000;BR-386/RS;Crescente;Atropelamento de animal;1;0;0;0;0;0;0;0;0;0;3;0;0;0;0
19/02/2022;23:19:09;272;Com vítima;41,000;BR-290/RS;Crescente;Tombamento;0;0;0;0;0;0;0;0;0;0;0;0;0;0;0
20/02/2022;04:27:35;29;Sem vítima;15,000;BR-101/RS;Crescente;Capotamento;1;0;0;0;0;0;0;0;0;0;0;0;0;0;0
20/02/2022;05:47:30;32;Sem vítima;86,000;BR-290/RS;Decrescente;Choque;1;0;0;0;0;0;0;0;0;0;1;0;0;0;0
20/02/2022;06:05:19;36;Sem vítima;414,000;BR-386/RS;Decrescente;Choque;1;0;0;0;0;0;0;0;0;0;1;0;0;0;0
21/02/2022;01:25:28;10;Sem vítima;356,000;BR-386/RS;Crescente;Acidentes de outra natureza;1;0;0;0;0;0;0;0;0;0;1;0;0;0;0
21/02/2022;05:11:19;28;Sem vítima;26,000;BR-290/RS;Decrescente;Choque;1;0;0;0;0;0;0;0;0;0;1;0;0;0;0
21/02/2022;07:48:51;65;Sem vítima;310,000;BR-386/RS;Crescente;Acidentes de outra natureza;0;0;0;0;0;0;0;0;0;0;0;0;0;0;0
21/02/2022;07:49:21;132;Sem vítima;310,000;BR-386/RS;Crescente;Choque;0;0;1;0;0;0;0;0;0;0;2;0;0;0;0
21/02/2022;08:11:51;87;Sem vítima;352,000;BR-386/RS;Decrescente;Colisão traseira;2;0;0;0;0;0;0;0;0;0;2;0;0;0;0
21/02/2022;08:22:51;91;Com vítima;15,000;BR-101/RS;Crescente;Choque;1;0;0;0;0;0;0;0;0;0;0;1;0;0;0
21/02/2022;08:51:43;105;Sem vítima;358,000;BR-386/RS;Decrescente;Acidentes de outra natureza;1;0;0;0;0;0;0;0;0;0;1;0;0;0;0
21/02/2022;09:39:13;118;Sem vítima;318,000;BR-386/RS;Decrescente;Engavetamento;3;0;0;0;0;0;0;0;0;0;6;0;0;0;0
21/02/2022;14:16:12;183;Sem vítima;16,000;BR-290/RS;Crescente;Choque;1;0;0;0;0;0;0;0;0;0;3;0;0;0;0
21/02/2022;15:03:06;195;Sem vítima;339,000;BR-386/RS;Crescente;Acidentes de outra natureza;1;0;0;0;0;0;0;0;0;0;0;0;0;0;0
21/02/2022;15:10:28;198;Sem vítima;361,000;BR-386/RS;Decrescente;Capotamento;1;0;0;0;0;0;0;0;0;0;1;0;0;0;0
21/02/2022;15:32:22;204;Sem vítima;361,000;BR-386/RS;Decrescente;Capotamento;1;0;0;0;0;0;0;0;0;0;1;0;0;0;0
21/02/2022;18:03:36;252;Sem vítima;86,000;BR-290/RS;Decrescente;Engavetamento;2;0;0;0;1;0;0;0;0;0;3;0;0;0;0
21/02/2022;19:16:19;270;Sem vítima;425,000;BR-386/RS;Decrescente;Colisão traseira;2;0;0;0;0;0;0;0;0;0;5;0;0;0;0
21/02/2022;21:18:23;287;Com vítima;9,000;BR-290/RS;Decrescente;Queda de moto;0;0;0;1;0;0;0;0;0;0;1;1;0;0;0
21/02/2022;22:39:47;300;Sem vítima;75,000;BR-290/RS;Crescente;Acidentes de outra natureza;1;0;0;0;0;0;0;0;0;0;1;0;0;0;0
21/02/2022;22:48:16;301;Com vítima;65,000;BR-290/RS;Crescente;Colisão traseira;2;0;0;0;0;0;0;0;0;0;3;2;0;0;0
22/02/2022;09:47:43;123;Com vítima;82,000;BR-290/RS;Crescente;Colisão traseira;2;0;0;0;0;0;0;0;0;0;0;2;0;0;0
22/02/2022;12:52:58;176;Com vítima;353,000;BR-386/RS;Crescente;Capotamento;1;0;0;0;0;0;0;0;0;0;0;1;0;0;0
22/02/2022;17:47:44;244;Sem vítima;295,000;BR-386/RS;Decrescente;Acidentes de outra natureza;0;0;0;1;0;0;0;0;0;0;0;0;0;0;0
23/02/2022;03:27:00;19;Com vítima;31,000;BR-290/RS;Decrescente;Tombamento;0;0;1;0;0;0;0;0;0;0;0;1;0;0;0
23/02/2022;03:55:15;21;Sem vítima;332,000;BR-386/RS;Decrescente;Acidentes de outra natureza;0;0;0;0;0;0;0;0;0;1;0;0;0;0;0
23/02/2022;06:21:56;29;Sem vítima;412,000;BR-386/RS;Decrescente;Choque;1;0;0;0;0;0;0;0;0;0;1;0;0;0;0
23/02/2022;06:41:30;31;Sem vítima;252,000;BR-386/RS;Decrescente;Acidentes de outra natureza;0;0;0;0;0;0;0;0;0;0;0;0;0;0;0
23/02/2022;07:37:01;48;Sem vítima;86,000;BR-290/RS;Crescente;Engavetamento;2;0;0;0;0;0;0;0;0;0;3;0;0;0;0
23/02/2022;14:06:54;178;Com vítima;418,000;BR-386/RS;Decrescente;Colisão frontal;1;0;0;0;0;0;0;0;0;0;0;0;1;0;0
23/02/2022;14:10:49;180;Sem vítima;18,000;BR-290/RS;Crescente;Acidentes de outra natureza;1;0;0;0;0;0;0;0;0;0;1;0;0;0;0
23/02/2022;23:19:06;267;Sem vítima;25,000;BR-290/RS;Crescente;Acidentes de outra natureza;1;0;0;0;0;0;0;0;0;0;1;0;0;0;0
24/02/2022;00:41:30;5;Sem vítima;439,000;BR-386/RS;Decrescente;Choque;1;0;0;0;0;0;0;0;0;0;2;0;0;0;0
24/02/2022;07:14:26;48;Sem vítima;354,000;BR-386/RS;Crescente;Acidentes de outra natureza;1;0;0;0;0;0;0;0;0;0;1;0;0;0;0
24/02/2022;09:14:51;102;Com vítima;17,000;BR-290/RS;Decrescente;Acidentes de outra natureza;1;0;0;0;0;0;0;0;0;0;0;2;2;0;0
24/02/2022;16:18:28;199;Sem vítima;60,000;BR-290/RS;Decrescente;Colisão traseira;1;0;1;0;0;0;0;0;0;0;2;0;0;0;0
24/02/2022;17:17:19;208;Com vítima;345,000;BR-386/RS;Decrescente;Engavetamento;1;0;0;0;0;0;0;0;0;0;0;0;2;0;0
24/02/2022;19:56:39;250;Sem vítima;83,000;BR-101/RS;Decrescente;Atropelamento de animal;2;0;0;0;0;0;0;0;0;0;3;0;0;0;0
24/02/2022;20:23:46;261;Sem vítima;70,000;BR-290/RS;Crescente;Colisão traseira;2;0;0;0;0;0;0;0;0;0;2;0;0;0;0
24/02/2022;23:22:08;295;Sem vítima;400,000;BR-386/RS;Decrescente;Capotamento;1;0;0;0;0;0;0;0;0;0;0;0;0;0;0
25/02/2022;02:32:42;8;Com vítima;82,000;BR-290/RS;Crescente;Acidentes de outra natureza;0;0;0;0;0;0;0;0;0;0;0;0;0;0;0
25/02/2022;05:43:36;22;Sem vítima;375,000;BR-386/RS;Decrescente;Choque;0;0;0;0;0;0;0;0;0;0;0;0;0;0;0
25/02/2022;07:55:28;50;Sem vítima;337,000;BR-386/RS;Decrescente;Colisão lateral no mesmo sentido;1;0;0;0;1;0;0;0;0;0;5;0;0;0;0
25/02/2022;10:19:58;121;Sem vítima;370,000;BR-386/RS;Crescente;Choque;0;0;0;0;1;0;0;0;0;0;1;0;0;0;0
25/02/2022;10:24:05;124;Sem vítima;221,000;BR-386/RS;Decrescente;Engavetamento;1;0;0;0;0;0;0;0;0;0;2;0;0;0;0
25/02/2022;10:36:15;128;Sem vítima;81,000;BR-101/RS;Decrescente;Choque;0;0;0;0;0;0;0;0;0;0;0;0;0;0;0
25/02/2022;10:52:19;133;Sem vítima;69,000;BR-290/RS;Decrescente;Choque;1;0;0;0;0;0;0;0;0;0;2;0;0;0;0
25/02/2022;12:35:33;162;Sem vítima;434,000;BR-386/RS;Crescente;Colisão traseira;1;0;0;0;0;0;0;0;0;0;1;0;0;0;0
25/02/2022;14:10:10;192;Sem vítima;27,000;BR-290/RS;Decrescente;Colisão traseira;1;0;0;0;0;0;0;0;0;0;1;0;0;0;0
25/02/2022;14:29:50;204;Sem vítima;186,000;BR-386/RS;Decrescente;Acidentes de outra natureza;0;0;0;0;1;0;0;0;0;0;0;0;0;0;0
25/02/2022;15:33:02;223;Sem vítima;84,150;BR-290/RS;Decrescente;Colisão traseira;1;0;0;0;0;0;0;0;0;0;1;0;0;0;0
25/02/2022;15:39:59;225;Com vítima;226,000;BR-386/RS;Decrescente;Capotamento;1;0;0;0;0;0;0;0;0;0;0;0;1;0;0
25/02/2022;17:08:52;266;Com vítima;342,000;BR-386/RS;Decrescente;Colisão transversal;1;0;0;0;0;0;0;0;0;0;3;1;0;0;0
25/02/2022;18:21:14;305;Sem vítima;80,000;BR-290/RS;Decrescente;Colisão traseira;1;0;0;0;0;0;0;0;0;0;1;0;0;0;0
25/02/2022;18:24:52;308;Sem vítima;2,000;BR-290/RS;Decrescente;Colisão traseira;1;0;0;0;0;0;0;0;0;0;4;0;0;0;0
25/02/2022;19:45:29;336;Sem vítima;326,000;BR-386/RS;Decrescente;Choque;1;0;0;0;0;0;0;0;0;0;1;0;0;0;0
25/02/2022;20:24:41;348;Com vítima;74,000;BR-290/RS;Decrescente;Queda de moto;0;0;0;1;0;0;0;0;0;0;0;1;0;0;0
25/02/2022;20:25:18;349;Sem vítima;78,000;BR-101/RS;Decrescente;Engavetamento;3;0;0;0;0;0;0;0;0;0;5;0;0;0;0
25/02/2022;22:16:40;380;Sem vítima;438,000;BR-386/RS;Crescente;Engavetamento;0;0;0;0;0;0;0;0;0;0;0;0;0;0;0
26/02/2022;01:10:45;11;Sem vítima;357,000;BR-386/RS;Decrescente;Acidentes de outra natureza;1;0;0;0;0;0;0;0;0;0;2;0;0;0;0
26/02/2022;04:07:23;44;Sem vítima;86,000;BR-290/RS;Decrescente;Acidentes de outra natureza;1;0;0;0;0;0;0;0;0;0;1;0;0;0;0
26/02/2022;04:34:44;47;Sem vítima;364,000;BR-386/RS;Decrescente;Acidentes de outra natureza;1;0;0;0;0;0;0;0;0;0;3;0;0;0;0
26/02/2022;06:40:07;68;Com vítima;85,000;BR-290/RS;Crescente;Colisão traseira;1;0;0;0;0;0;0;0;0;0;0;1;0;0;0
26/02/2022;06:58:17;73;Com vítima;91,000;BR-290/RS;Decrescente;Colisão lateral no mesmo sentido;1;0;0;0;0;1;0;0;0;0;1;4;0;0;0
26/02/2022;08:33:38;122;Sem vítima;295,000;BR-386/RS;Crescente;Colisão traseira;2;0;0;0;0;0;0;0;0;0;5;0;0;0;0
26/02/2022;08:37:17;127;Sem vítima;62,000;BR-101/RS;Decrescente;Colisão traseira;1;0;0;0;0;0;0;0;0;0;1;0;0;0;0
26/02/2022;08:40:03;129;Sem vítima;92,000;BR-290/RS;Crescente;Choque;1;0;0;0;0;0;0;0;0;0;2;0;0;0;0
26/02/2022;08:44:32;131;Sem vítima;83,000;BR-290/RS;Decrescente;Engavetamento;2;0;0;0;0;0;0;0;0;0;2;0;0;0;0
26/02/2022;09:14:34;143;Sem vítima;28,190;BR-290/RS;Decrescente;Engavetamento;1;0;0;0;0;0;0;0;0;0;0;0;0;0;0
26/02/2022;09:37:23;153;Sem vítima;25,000;BR-290/RS;Decrescente;Choque;2;0;0;0;0;0;0;0;0;0;2;0;0;0;0
26/02/2022;10:30:03;176;Sem vítima;69,000;BR-290/RS;Decrescente;Engavetamento;3;0;0;0;0;0;0;0;0;0;3;0;0;0;0
26/02/2022;10:57:17;181;Com vítima;16,000;BR-101/RS;Decrescente;Choque;1;0;0;0;0;0;0;0;0;0;1;0;1;0;0
26/02/2022;12:23:10;211;Sem vítima;57,000;BR-290/RS;Crescente;Colisão lateral no mesmo sentido;2;0;0;0;0;0;0;0;0;0;2;0;0;0;0
26/02/2022;12:34:12;217;Com vítima;27,000;BR-290/RS;Decrescente;Engavetamento;3;0;0;0;0;0;0;0;0;0;4;4;0;0;0
26/02/2022;14:26:10;255;Sem vítima;55,000;BR-290/RS;Decrescente;Colisão lateral no mesmo sentido;3;0;0;0;0;0;0;0;0;0;3;0;0;0;0
26/02/2022;15:57:39;285;Sem vítima;22,000;BR-101/RS;Decrescente;Colisão traseira;2;0;0;0;0;0;0;0;0;0;6;0;0;0;0
26/02/2022;16:08:00;288;Sem vítima;20,000;BR-290/RS;Decrescente;Colisão traseira;1;0;0;0;0;0;0;0;0;0;2;0;0;0;0
26/02/2022;16:24:11;294;Sem vítima;32,000;BR-101/RS;Decrescente;Colisão lateral no mesmo sentido;1;0;0;0;0;0;0;0;0;0;1;0;0;0;0
26/02/2022;16:28:04;296;Com vítima;275,000;BR-386/RS;Crescente;Capotamento;1;0;0;0;0;0;0;0;0;0;0;1;0;0;0
26/02/2022;17:58:58;328;Sem vítima;290,000;BR-386/RS;Crescente;Queda de moto;0;0;0;1;0;0;0;0;0;0;1;0;0;0;0
26/02/2022;18:56:52;346;Com vítima;375,000;BR-386/RS;Decrescente;Queda de moto;0;0;0;1;0;0;0;0;0;0;0;1;0;0;0
26/02/2022;23:43:33;387;Com vítima;53,000;BR-101/RS;Decrescente;Acidentes de outra natureza;1;0;0;0;0;0;0;0;0;0;0;2;2;0;0
27/02/2022;00:36:02;2;Sem vítima;401,000;BR-386/RS;Crescente;Acidentes de outra natureza;1;0;0;0;0;0;0;0;0;0;4;0;0;0;0
27/02/2022;01:52:18;5;Sem vítima;70,000;BR-290/RS;Decrescente;Acidentes de outra natureza;1;0;0;0;0;0;0;0;0;0;1;0;0;0;0
27/02/2022;03:35:27;16;Sem vítima;245,000;BR-386/RS;Crescente;Acidentes de outra natureza;1;0;0;0;0;0;0;0;0;0;0;0;0;0;0
27/02/2022;04:04:07;19;Sem vítima;50,000;BR-101/RS;Crescente;Acidentes de outra natureza;1;0;0;0;0;0;0;0;0;0;1;0;0;0;0
27/02/2022;04:09:57;20;Sem vítima;50,000;BR-290/RS;Decrescente;Atropelamento de animal;1;0;0;0;0;0;0;0;0;0;2;0;0;0;0
27/02/2022;06:35:10;41;Sem vítima;28,000;BR-290/RS;Crescente;Acidentes de outra natureza;1;0;0;0;0;0;0;0;0;0;1;0;0;0;0
27/02/2022;10:00:23;94;Sem vítima;19,000;BR-290/RS;Decrescente;Colisão lateral no mesmo sentido;1;0;0;0;0;0;0;0;0;0;1;0;0;0;0
27/02/2022;17:24:41;217;Sem vítima;32,000;BR-290/RS;Crescente;Colisão traseira;1;0;0;0;0;1;0;0;0;0;2;0;0;0;0
27/02/2022;19:28:15;247;Sem vítima;435,000;BR-386/RS;Decrescente;Acidentes de outra natureza;1;0;0;0;0;0;0;0;0;0;1;0;0;0;0
28/02/2022;08:17:49;72;Sem vítima;439,000;BR-386/RS;Crescente;Acidentes de outra natureza;1;0;0;0;0;0;0;0;0;0;1;0;0;0;0
28/02/2022;09:21:34;91;Sem vítima;417,000;BR-386/RS;Decrescente;Acidentes de outra natureza;1;0;0;0;0;0;0;0;0;0;1;0;0;0;0
28/02/2022;11:40:13;124;Sem vítima;12,000;BR-101/RS;Crescente;Acidentes de outra natureza;1;0;0;0;0;0;0;0;0;0;0;0;0;0;0
28/02/2022;14:37:13;168;Com vítima;346,000;BR-386/RS;Decrescente;Tombamento;0;0;0;0;0;0;0;0;0;0;0;0;0;0;0
28/02/2022;18:04:49;231;Com vítima;440,000;BR-386/RS;Crescente;Capotamento;1;0;0;0;0;0;0;0;0;0;2;1;0;0;0
28/02/2022;18:54:32;236;Sem vítima;86,000;BR-290/RS;Crescente;Acidentes de outra natureza;1;0;0;0;0;0;0;0;0;0;1;0;0;0;0
28/02/2022;20:39:27;259;Sem vítima;280,000;BR-386/RS;Decrescente;Colisão frontal;1;0;1;0;0;0;0;0;0;0;2;0;0;0;0
01/03/2022;03:06:40;11;Sem vítima;411,000;BR-386/RS;Decrescente;Acidentes de outra natureza;1;0;0;0;0;0;0;0;0;0;1;0;0;0;0
01/03/2022;05:37:46;19;Sem vítima;5,000;BR-290/RS;Crescente;Capotamento;1;0;0;0;0;0;0;0;0;0;0;0;0;0;0
01/03/2022;07:23:52;29;Sem vítima;438,000;BR-386/RS;Decrescente;Choque;1;0;0;0;0;0;0;0;0;0;1;0;0;0;0
01/03/2022;11:12:08;78;Sem vítima;392,000;BR-386/RS;Decrescente;Colisão transversal;2;0;0;0;0;0;0;0;0;0;5;0;0;0;0
01/03/2022;11:56:48;93;Sem vítima;83,000;BR-101/RS;Crescente;Colisão traseira;1;0;0;0;0;0;0;0;0;0;3;0;0;0;0
01/03/2022;14:47:40;137;Com vítima;30,000;BR-101/RS;Crescente;Capotamento;1;0;0;0;0;0;0;0;0;0;0;5;0;0;0
01/03/2022;15:58:06;156;Sem vítima;55,000;BR-290/RS;Crescente;Colisão traseira;2;0;0;0;0;0;0;0;0;0;2;0;0;0;0
01/03/2022;16:12:55;158;Sem vítima;221,000;BR-386/RS;Decrescente;Colisão traseira;2;0;0;0;0;0;0;0;0;0;5;0;0;0;0
01/03/2022;17:33:24;186;Com vítima;35,000;BR-290/RS;Crescente;Engavetamento;3;0;0;0;0;0;0;0;0;0;3;0;0;1;0
01/03/2022;18:50:33;208;Sem vítima;26,000;BR-290/RS;Crescente;Colisão traseira;1;0;0;0;0;0;0;0;0;0;1;0;0;0;0
01/03/2022;22:04:03;267;Sem vítima;76,000;BR-290/RS;Crescente;Acidentes de outra natureza;1;0;0;0;0;0;0;0;0;0;5;0;0;0;0
01/03/2022;23:47:55;285;Sem vítima;38,000;BR-290/RS;Crescente;Colisão traseira;2;0;0;0;0;0;0;0;0;0;4;0;0;0;0
02/03/2022;01:33:24;7;Sem vítima;72,000;BR-101/RS;Crescente;Acidentes de outra natureza;0;0;0;0;1;0;0;0;0;0;1;0;0;0;0
02/03/2022;02:58:12;16;Sem vítima;38,000;BR-101/RS;Crescente;Acidentes de outra natureza;1;0;0;0;0;0;0;0;0;0;4;0;0;0;0
02/03/2022;03:06:13;17;Sem vítima;46,000;BR-101/RS;Crescente;Tombamento;0;0;0;0;0;1;0;0;0;0;1;0;0;0;0
02/03/2022;10:10:53;139;Com vítima;22,000;BR-101/RS;Decrescente;Colisão lateral no mesmo sentido;1;0;0;0;0;1;0;0;0;0;3;1;0;0;0
02/03/2022;10:20:44;141;Sem vítima;41,000;BR-290/RS;Decrescente;Acidentes de outra natureza;1;0;0;0;0;0;0;0;0;0;1;0;0;0;0
02/03/2022;10:24:45;145;Com vítima;293,000;BR-386/RS;Crescente;Colisão frontal;2;0;0;0;0;0;0;0;0;0;0;2;3;1;0
02/03/2022;10:38:18;151;Sem vítima;41,120;BR-290/RS;Crescente;Engavetamento;2;0;0;0;0;0;0;0;0;0;2;0;0;0;0
02/03/2022;10:52:48;156;Sem vítima;40,000;BR-290/RS;Crescente;Colisão traseira;1;0;0;0;0;0;0;0;0;0;1;0;0;0;0
02/03/2022;12:05:48;176;Sem vítima;19,000;BR-101/RS;Crescente;Colisão lateral no mesmo sentido;0;0;0;1;0;0;0;0;0;0;0;0;0;0;0
02/03/2022;14:18:49;208;Com vítima;31,000;BR-290/RS;Crescente;Queda de moto;0;0;0;1;0;0;0;0;0;0;0;0;2;0;0
02/03/2022;15:22:42;228;Sem vítima;86,000;BR-290/RS;Decrescente;Acidentes de outra natureza;1;0;0;0;0;0;0;0;0;0;1;0;0;0;0
02/03/2022;17:40:22;265;Sem vítima;428,000;BR-386/RS;Crescente;Colisão lateral no mesmo sentido;1;0;0;0;0;0;0;0;0;0;1;0;0;0;0
03/03/2022;10:49:31;141;Sem vítima;426,000;BR-386/RS;Decrescente;Choque;0;0;1;0;0;0;0;0;0;0;0;0;0;0;0
03/03/2022;13:25:33;189;Sem vítima;86,000;BR-290/RS;Decrescente;Acidentes de outra natureza;1;0;0;0;0;0;0;0;0;0;1;0;0;0;0
03/03/2022;15:34:56;228;Com vítima;392,000;BR-386/RS;Crescente;Colisão transversal;1;0;0;0;0;0;0;0;0;0;1;1;0;0;0
04/03/2022;09:12:41;105;Com vítima;306,000;BR-386/RS;Decrescente;Acidentes de outra natureza;1;0;0;0;0;0;0;0;0;0;0;2;0;0;0
04/03/2022;11:12:28;135;Sem vítima;25,000;BR-290/RS;Crescente;Acidentes de outra natureza;1;0;0;0;0;0;0;0;0;0;0;0;0;0;0
04/03/2022;16:03:13;229;Sem vítima;242,000;BR-386/RS;Crescente;Colisão transversal;1;0;0;0;0;0;0;0;0;0;1;0;0;0;0
04/03/2022;17:47:18;259;Sem vítima;18,000;BR-101/RS;Crescente;Colisão lateral no mesmo sentido;2;0;0;0;0;0;0;0;0;0;6;0;0;0;0
04/03/2022;17:57:08;261;Sem vítima;87,000;BR-290/RS;Decrescente;Acidentes de outra natureza;1;0;0;0;0;0;0;0;0;0;0;0;0;0;0
04/03/2022;19:01:14;281;Com vítima;356,000;BR-386/RS;Decrescente;Colisão traseira;1;0;0;0;0;0;0;0;0;0;0;1;0;0;0