data;horario;n_da_ocorrencia;tipo_de_ocorrencia;km;trecho;sentido;tipo_de_acidente;automovel;bicicleta;caminhao;moto;onibus;outros;tracao_animal;transporte_de_cargas_especiais;trator_maquinas;utilitarios;ilesos;levemente_feridos;moderadamente_feridos;gravemente_feridos;mortos
04/03/2022;19:26:42;288;Com vítima;317,000;BR-386/RS;Crescente;Tombamento;0;0;0;0;1;0;0;0;0;0;1;0;0;0;0
05/03/2022;02:34:23;19;Sem vítima;405,000;BR-386/RS;Crescente;Acidentes de outra natureza;1;0;0;0;0;0;0;0;0;0;1;0;0;0;0
05/03/2022;04:40:03;29;Sem vítima;203,000;BR-386/RS;Decrescente;Choque;1;0;0;0;0;0;0;0;0;0;1;0;0;0;0
05/03/2022;09:02:07;101;Sem vítima;83,540;BR-290/RS;Decrescente;Acidentes de outra natureza;0;0;0;1;0;0;0;0;0;0;0;0;0;0;0
05/03/2022;14:40:03;188;Com vítima;17,000;BR-290/RS;Decrescente;Acidentes de outra natureza;0;0;0;1;0;0;0;0;0;0;0;0;1;0;0
05/03/2022;19:50:18;276;Sem vítima;21,000;BR-101/RS;Decrescente;Colisão lateral no mesmo sentido;1;0;0;0;0;0;0;0;0;0;1;0;0;0;0
05/03/2022;22:20:28;301;Sem vítima;26,000;BR-290/RS;Decrescente;Colisão lateral no mesmo sentido;1;0;0;0;0;1;0;0;0;0;7;0;0;0;0
05/03/2022;22:39:36;306;Sem vítima;346,000;BR-386/RS;Crescente;Colisão frontal;1;0;0;0;0;0;0;0;0;0;0;0;0;0;0
06/03/2022;05:51:46;29;Sem vítima;444,000;BR-386/RS;Decrescente;Atropelamento de animal;1;0;0;0;0;0;0;0;0;0;1;0;0;0;0
06/03/2022;10:06:52;73;Sem vítima;92,000;BR-290/RS;Decrescente;Choque;1;0;0;0;0;0;0;0;0;0;1;0;0;0;0
06/03/2022;12:11:20;98;Sem vítima;10,000;BR-101/RS;Decrescente;Acidentes de outra natureza;1;0;0;0;0;0;0;0;0;0;1;0;0;0;0
06/03/2022;14:40:21;125;Sem vítima;349,000;BR-386/RS;Decrescente;Capotamento;1;0;0;0;0;0;0;0;0;0;1;0;0;0;0
06/03/2022;17:17:03;161;Sem vítima;391,000;BR-386/RS;Decrescente;Colisão lateral no mesmo sentido;2;0;0;0;0;0;0;0;0;0;4;0;0;0;0
06/03/2022;18:12:16;182;Com vítima;430,000;BR-386/RS;Crescente;Colisão transversal;2;0;0;0;0;0;0;0;0;0;0;0;0;2;0
06/03/2022;18:27:16;187;Sem vítima;401,000;BR-386/RS;Decrescente;Acidentes de outra natureza;1;0;0;0;0;0;0;0;0;0;2;0;0;0;0
06/03/2022;19:15:48;198;Sem vítima;26,000;BR-290/RS;Crescente;Acidentes de outra natureza;1;0;0;0;0;0;0;0;0;0;2;0;0;0;0
06/03/2022;19:40:52;208;Sem vítima;6,000;BR-290/RS;Crescente;Engavetamento;3;0;0;0;0;0;0;0;0;0;9;0;0;0;0
06/03/2022;21:40:53;227;Sem vítima;304,000;BR-386/RS;Crescente;Acidentes de outra natureza;1;0;0;0;0;0;0;0;0;0;2;0;0;0;0
06/03/2022;22:31:30;236;Sem vítima;319,000;BR-386/RS;Crescente;Acidentes de outra natureza;0;0;1;0;0;0;0;0;0;0;1;0;0;0;0
07/03/2022;01:52:05;12;Sem vítima;60,000;BR-290/RS;Decrescente;Atropelamento de animal;1;0;0;0;0;0;0;0;0;0;1;0;0;0;0
07/03/2022;03:01:33;16;Sem vítima;334,000;BR-386/RS;Crescente;Acidentes de outra natureza;1;0;0;0;0;0;0;0;0;0;0;0;0;0;0
07/03/2022;04:43:36;20;Sem vítima;19,000;BR-101/RS;Decrescente;Acidentes de outra natureza;0;0;0;0;0;0;0;0;0;0;0;0;0;0;0
07/03/2022;07:47:03;53;Com vítima;49,000;BR-290/RS;Crescente;Acidentes de outra natureza;1;0;0;0;0;0;0;0;0;0;0;0;1;0;0
07/03/2022;07:58:29;57;Com vítima;440,000;BR-386/RS;Crescente;Colisão lateral no mesmo sentido;1;0;0;1;0;0;0;0;0;0;2;0;0;2;0
07/03/2022;10:57:23;135;Com vítima;363,000;BR-386/RS;Decrescente;Colisão traseira;1;0;0;0;1;0;0;0;0;0;1;1;0;0;0
07/03/2022;11:44:56;147;Sem vítima;13,000;BR-101/RS;Decrescente;Acidentes de outra natureza;0;0;2;0;0;0;0;0;0;0;2;0;0;0;0
07/03/2022;11:46:39;148;Sem vítima;24,000;BR-290/RS;Crescente;Colisão traseira;2;0;0;0;0;0;0;0;0;0;3;0;0;0;0
07/03/2022;13:09:24;173;Com vítima;71,000;BR-101/RS;Decrescente;Colisão traseira;1;0;0;0;1;0;0;0;0;0;1;1;1;0;0
07/03/2022;15:10:02;207;Sem vítima;426,000;BR-386/RS;Crescente;Choque;0;0;0;0;0;0;0;0;0;0;0;0;0;0;0
07/03/2022;15:34:28;215;Sem vítima;374,000;BR-386/RS;Decrescente;Acidentes de outra natureza;1;0;0;0;0;0;0;0;0;0;2;0;0;0;0
07/03/2022;16:08:12;228;Sem vítima;366,000;BR-386/RS;Crescente;Acidentes de outra natureza;1;0;0;0;0;0;0;0;0;0;4;0;0;0;0
07/03/2022;17:07:48;244;Sem vítima;223,000;BR-386/RS;Crescente;Choque;1;0;0;0;0;0;0;0;0;0;1;0;0;0;0
07/03/2022;18:10:44;259;Sem vítima;30,000;BR-101/RS;Decrescente;Acidentes de outra natureza;1;0;0;0;0;0;0;0;0;0;0;0;0;0;0
08/03/2022;12:22:37;162;Com vítima;283,000;BR-386/RS;Crescente;Capotamento;1;0;0;0;0;0;0;0;0;0;0;0;1;0;0
08/03/2022;14:31:03;189;Sem vítima;379,000;BR-386/RS;Decrescente;Colisão lateral no mesmo sentido;0;0;1;0;0;0;0;0;0;0;1;0;0;0;0
08/03/2022;18:44:03;236;Com vítima;372,000;BR-386/RS;Decrescente;Colisão frontal;1;0;0;0;0;0;0;0;0;0;0;1;0;0;0
08/03/2022;21:07:29;258;Sem vítima;344,000;BR-386/RS;Crescente;Atropelamento de animal;1;0;0;0;0;0;0;0;0;0;1;0;0;0;0
08/03/2022;22:22:45;265;Com vítima;91,000;BR-290/RS;Decrescente;Colisão traseira;2;0;0;0;0;0;0;0;0;0;2;1;0;0;0
09/03/2022;03:28:48;20;Sem vítima;10,000;BR-101/RS;Crescente;Colisão lateral no mesmo sentido;0;0;0;0;0;0;0;0;0;1;0;0;0;0;0
09/03/2022;05:55:10;27;Sem vítima;200,000;BR-386/RS;Decrescente;Atropelamento de animal;1;0;0;0;0;0;0;0;0;0;1;0;0;0;0
09/03/2022;06:25:26;29;Sem vítima;297,000;BR-386/RS;Decrescente;Colisão traseira;1;0;0;0;0;0;0;0;0;0;1;0;0;0;0
09/03/2022;09:35:17;101;Com vítima;432,000;BR-386/RS;Decrescente;Colisão traseira;1;0;1;0;0;0;0;0;0;0;1;1;0;0;0
09/03/2022;11:32:33;128;Sem vítima;83,550;BR-290/RS;Crescente;Colisão lateral no mesmo sentido;0;0;0;1;0;0;0;0;0;0;1;0;0;0;0
09/03/2022;14:14:36;159;Com vítima;80,000;BR-290/RS;Decrescente;Acidentes de outra natureza;1;0;0;0;0;0;0;0;0;0;2;0;1;0;0
09/03/2022;16:06:29;189;Sem vítima;98,000;BR-290/RS;Crescente;Capotamento;1;0;0;0;0;0;0;0;0;0;3;0;0;0;0
09/03/2022;18:41:09;222;Com vítima;367,000;BR-386/RS;Decrescente;Queda de moto;1;0;0;0;0;0;0;0;0;0;0;0;1;0;0
09/03/2022;19:29:10;231;Sem vítima;411,000;BR-386/RS;Crescente;Colisão frontal;0;0;0;2;0;0;0;0;0;0;2;0;0;0;0
10/03/2022;01:40:12;6;Sem vítima;42,000;BR-290/RS;Crescente;Tombamento;0;0;0;0;0;0;0;0;0;0;0;0;0;0;0
10/03/2022;08:32:51;59;Com vítima;77,000;BR-101/RS;Crescente;Colisão traseira;1;0;0;0;0;0;0;0;0;0;0;1;1;0;0
10/03/2022;10:58:21;103;Sem vítima;408,000;BR-386/RS;Decrescente;Colisão traseira;2;0;0;0;0;0;0;0;0;0;2;0;0;0;0
10/03/2022;14:07:18;136;Sem vítima;380,000;BR-386/RS;Decrescente;Acidentes de outra natureza;0;0;0;0;1;0;0;0;0;0;0;0;0;0;0
10/03/2022;14:15:56;138;Com vítima;422,000;BR-386/RS;Decrescente;Colisão lateral no mesmo sentido;1;0;1;0;0;0;0;0;0;0;2;0;1;0;0
10/03/2022;20:50:20;215;Sem vítima;9,000;BR-290/RS;Crescente;Acidentes de outra natureza;0;0;0;0;0;0;0;0;0;0;0;0;0;0;0
11/03/2022;07:44:18;36;Sem vítima;355,000;BR-386/RS;Crescente;Acidentes de outra natureza;1;0;0;0;0;0;0;0;0;0;1;0;0;0;0
11/03/2022;08:00:52;47;Sem vítima;77,000;BR-290/RS;Decrescente;Choque;1;0;0;0;0;0;0;0;0;0;1;0;0;0;0
11/03/2022;08:12:05;51;Com vítima;329,000;BR-386/RS;Decrescente;Colisão frontal;1;0;0;0;0;0;0;0;0;0;0;0;0;1;1
11/03/2022;11:34:13;100;Sem vítima;345,000;BR-386/RS;Crescente;Engavetamento;2;0;0;0;1;0;0;0;0;0;4;0;0;0;0
11/03/2022;12:11:56;109;Sem vítima;411,000;BR-386/RS;Crescente;Colisão lateral no mesmo sentido;2;0;0;0;0;0;0;0;0;0;3;0;0;0;0
11/03/2022;12:13:27;110;Sem vítima;29,000;BR-290/RS;Crescente;Choque;1;0;0;0;0;0;0;0;0;0;2;0;0;0;0
11/03/2022;12:57:16;118;Sem vítima;23,000;BR-290/RS;Decrescente;Acidentes de outra natureza;1;0;0;0;0;0;0;0;0;0;2;0;0;0;0
11/03/2022;13:06:56;120;Sem vítima;373,000;BR-386/RS;Crescente;Capotamento;1;0;0;0;0;0;0;0;0;0;2;0;0;0;0
11/03/2022;14:40:40;142;Sem vítima;331,000;BR-386/RS;Crescente;Colisão traseira;1;0;0;0;0;0;0;0;0;0;1;0;0;0;0
11/03/2022;15:33:38;154;Sem vítima;78,390;BR-290/RS;Decrescente;Capotamento;1;0;0;0;0;0;0;0;0;0;2;0;0;0;0
11/03/2022;20:38:48;229;Sem vítima;343,000;BR-386/RS;Decrescente;Colisão lateral no mesmo sentido;2;0;0;0;0;0;0;0;0;0;2;0;0;0;0
12/03/2022;01:00:29;10;Sem vítima;399,000;BR-386/RS;Crescente;Acidentes de outra natureza;0;0;0;0;1;0;0;0;0;0;2;0;0;0;0
12/03/2022;07:07:26;47;Com vítima;19,000;BR-290/RS;Decrescente;Colisão transversal;1;0;0;0;0;0;0;0;0;0;1;1;0;0;0
12/03/2022;07:22:14;51;Sem vítima;27,000;BR-101/RS;Decrescente;Acidentes de outra natureza;0;0;1;0;0;0;0;0;0;0;1;0;0;0;0
12/03/2022;09:23:57;98;Sem vítima;325,000;BR-386/RS;Decrescente;Colisão traseira;1;0;0;0;0;0;0;0;0;0;2;0;0;0;0
12/03/2022;10:32:51;109;Sem vítima;232,000;BR-386/RS;Crescente;Atropelamento de animal;1;0;0;0;0;0;0;0;0;0;2;0;0;0;0
12/03/2022;18:18:23;197;Sem vítima;60,000;BR-290/RS;Decrescente;Colisão lateral no mesmo sentido;2;0;0;0;0;0;0;0;0;0;3;0;0;0;0
12/03/2022;19:29:18;207;Sem vítima;41,000;BR-101/RS;Crescente;Atropelamento de animal;1;0;0;0;0;0;0;0;0;0;1;0;0;0;0
12/03/2022;20:29:35;220;Com vítima;301,000;BR-386/RS;Crescente;Colisão lateral no mesmo sentido;2;0;0;0;0;0;0;0;0;0;2;1;0;0;0
13/03/2022;00:37:35;9;Sem vítima;50,000;BR-101/RS;Decrescente;Capotamento;1;0;0;0;0;0;0;0;0;0;1;0;0;0;0
13/03/2022;05:16:21;21;Sem vítima;358,000;BR-386/RS;Crescente;Acidentes de outra natureza;1;0;0;0;0;0;0;0;0;0;1;0;0;0;0
13/03/2022;06:40:42;25;Sem vítima;66,000;BR-101/RS;Decrescente;Colisão lateral no mesmo sentido;0;0;0;0;0;0;0;0;0;0;0;0;0;0;0
13/03/2022;10:20:24;53;Sem vítima;75,000;BR-290/RS;Decrescente;Choque;1;0;0;0;0;0;0;0;0;0;1;0;0;0;0
13/03/2022;10:37:51;58;Sem vítima;24,000;BR-290/RS;Crescente;Colisão lateral no mesmo sentido;2;0;0;0;0;0;0;0;0;0;2;0;0;0;0
13/03/2022;13:49:19;75;Sem vítima;265,000;BR-386/RS;Decrescente;Acidentes de outra natureza;1;0;0;0;0;0;0;0;0;0;1;0;0;0;0
13/03/2022;16:34:01;107;Sem vítima;278,000;BR-386/RS;Decrescente;Capotamento;1;0;0;0;0;0;0;0;0;0;0;0;0;0;0
13/03/2022;17:20:02;117;Sem vítima;88,000;BR-290/RS;Crescente;Colisão lateral no mesmo sentido;1;0;0;0;0;0;0;0;0;0;3;0;0;0;0
13/03/2022;18:23:16;137;Sem vítima;70,000;BR-290/RS;Crescente;Capotamento;1;0;0;0;0;0;0;0;0;0;1;0;0;0;0
13/03/2022;22:45:27;184;Sem vítima;346,000;BR-386/RS;Crescente;Choque;1;0;0;0;0;0;0;0;0;0;0;0;0;0;0
14/03/2022;02:12:09;13;Sem vítima;14,000;BR-290/RS;Decrescente;Acidentes de outra natureza;0;0;0;0;0;0;0;0;0;0;0;0;0;0;0
14/03/2022;10:31:18;110;Com vítima;288,000;BR-386/RS;Crescente;Capotamento;1;0;0;0;0;0;0;0;0;0;1;0;1;0;0
14/03/2022;15:28:22;189;Com vítima;306,000;BR-386/RS;Decrescente;Tombamento;0;0;0;0;0;0;0;0;0;0;0;0;0;0;0
14/03/2022;16:14:12;200;Sem vítima;2,000;BR-101/RS;Decrescente;Capotamento;1;0;0;0;0;0;0;0;0;0;1;0;0;0;0
14/03/2022;16:44:40;204;Sem vítima;78,390;BR-290/RS;Decrescente;Choque;1;0;0;0;0;0;0;0;0;0;1;0;0;0;0
14/03/2022;18:05:48;217;Sem vítima;222,000;BR-386/RS;Decrescente;Colisão lateral no mesmo sentido;0;0;1;0;0;0;0;0;0;0;1;0;0;0;0
14/03/2022;18:28:00;222;Sem vítima;229,000;BR-386/RS;Decrescente;Colisão traseira;1;0;1;0;1;0;0;0;0;0;3;0;0;0;0
15/03/2022;05:51:18;26;Sem vítima;398,000;BR-386/RS;Decrescente;Tombamento;0;0;1;0;0;0;0;0;0;0;1;0;0;0;0
15/03/2022;08:30:26;70;Sem vítima;419,000;BR-386/RS;Decrescente;Acidentes de outra natureza;1;0;0;0;0;0;0;0;0;0;2;0;0;0;0
15/03/2022;08:47:48;79;Sem vítima;37,000;BR-290/RS;Decrescente;Colisão traseira;0;0;1;0;1;0;0;0;0;0;3;0;0;0;0
15/03/2022;14:42:54;185;Com vítima;342,000;BR-386/RS;Decrescente;Acidentes de outra natureza;1;0;0;0;0;0;0;0;0;0;2;1;0;0;0
15/03/2022;15:55:29;203;Sem vítima;338,000;BR-386/RS;Decrescente;Colisão frontal;1;0;1;0;0;0;0;0;0;0;2;0;0;0;0
15/03/2022;18:40:57;241;Com vítima;442,000;BR-386/RS;Crescente;Acidentes de outra natureza;1;0;0;0;0;0;0;0;0;0;1;1;0;0;0
16/03/2022;00:56:54;5;Sem vítima;365,000;BR-386/RS;Crescente;Acidentes de outra natureza;1;0;0;0;0;0;0;0;0;0;1;0;0;0;0
16/03/2022;10:37:15;98;Sem vítima;19,000;BR-290/RS;Decrescente;Acidentes de outra natureza;0;0;1;0;0;0;0;0;0;0;0;0;0;0;0
16/03/2022;17:40:24;183;Com vítima;431,000;BR-386/RS;Crescente;Colisão transversal;0;0;0;0;1;0;0;0;0;0;2;2;3;0;0
16/03/2022;18:54:46;203;Sem vítima;236,000;BR-386/RS;Crescente;Acidentes de outra natureza;1;0;0;0;0;0;0;0;0;0;0;0;0;0;0
16/03/2022;19:58:06;221;Sem vítima;425,000;BR-386/RS;Crescente;Engavetamento;1;0;0;0;0;0;0;0;0;0;1;0;0;0;0
17/03/2022;00:05:27;1;Sem vítima;208,000;BR-386/RS;Crescente;Atropelamento de animal;1;0;0;0;0;0;0;0;0;0;1;0;0;0;0
17/03/2022;08:16:44;84;Sem vítima;89,000;BR-290/RS;Crescente;Colisão traseira;1;0;0;1;0;0;0;0;0;0;2;0;0;0;0
17/03/2022;08:51:02;103;Sem vítima;97,000;BR-290/RS;Crescente;Engavetamento;3;0;0;0;0;0;0;0;0;0;3;0;0;0;0
17/03/2022;09:31:27;116;Sem vítima;221,000;BR-386/RS;Crescente;Colisão lateral no mesmo sentido;0;0;0;0;0;0;0;0;0;0;0;0;0;0;0
17/03/2022;11:49:45;155;Com vítima;73,000;BR-290/RS;Crescente;Colisão lateral no mesmo sentido;1;0;1;0;0;0;0;0;0;0;3;1;0;0;0
18/03/2022;06:32:50;31;Com vítima;307,000;BR-386/RS;Crescente;Tombamento;0;0;0;0;0;0;0;0;0;0;0;0;0;0;0
18/03/2022;07:00:50;36;Sem vítima;307,000;BR-386/RS;Decrescente;Colisão lateral no mesmo sentido;0;0;0;0;0;0;0;0;0;0;0;0;0;0;0
18/03/2022;13:30:53;165;Sem vítima;394,000;BR-386/RS;Decrescente;Colisão lateral no mesmo sentido;1;0;0;0;0;1;0;0;0;0;2;0;0;0;0
18/03/2022;14:17:32;174;Sem vítima;14,000;BR-101/RS;Decrescente;Acidentes de outra natureza;1;0;0;0;0;0;0;0;0;0;2;0;0;0;0
18/03/2022;15:19:21;190;Com vítima;80,000;BR-290/RS;Crescente;Capotamento;1;0;0;0;0;0;0;0;0;0;0;1;0;0;0
18/03/2022;16:36:52;214;Sem vítima;392,000;BR-386/RS;Decrescente;Colisão transversal;2;0;0;0;0;0;0;0;0;0;3;0;0;0;0
18/03/2022;17:17:41;228;Sem vítima;434,000;BR-386/RS;Decrescente;Colisão lateral no mesmo sentido;1;0;0;0;0;0;0;0;0;0;1;0;0;0;0
18/03/2022;20:20:12;270;Sem vítima;84,000;BR-290/RS;Crescente;Queda de moto;0;0;0;1;0;0;0;0;0;0;0;0;0;0;0
18/03/2022;20:58:56;277;Com vítima;45,000;BR-101/RS;Decrescente;Queda de moto;0;0;0;1;0;0;0;0;0;0;0;1;0;0;0
19/03/2022;01:12:46;4;Sem vítima;235,000;BR-386/RS;Decrescente;Acidentes de outra natureza;0;0;0;0;1;0;0;0;0;0;1;0;0;0;0
19/03/2022;02:56:11;14;Sem vítima;307,000;BR-386/RS;Crescente;Capotamento;1;0;0;0;0;0;0;0;0;0;3;0;0;0;0
19/03/2022;04:59:20;24;Sem vítima;88,000;BR-290/RS;Crescente;Queda de moto;0;0;0;1;0;0;0;0;0;0;0;0;0;0;0
19/03/2022;06:46:39;33;Com vítima;63,000;BR-290/RS;Crescente;Capotamento;1;0;0;0;0;0;0;0;0;0;1;1;1;0;0
19/03/2022;07:44:45;40;Sem vítima;396,000;BR-386/RS;Decrescente;Capotamento;1;0;0;0;0;0;0;0;0;0;1;0;0;0;0
19/03/2022;11:28:34;76;Sem vítima;307,000;BR-386/RS;Decrescente;Acidentes de outra natureza;1;0;0;0;0;0;0;0;0;0;0;0;0;0;0
19/03/2022;12:09:36;81;Sem vítima;329,000;BR-386/RS;Crescente;Colisão traseira;1;0;0;0;0;0;0;0;0;0;3;0;0;0;0
19/03/2022;17:09:44;124;Com vítima;88,000;BR-290/RS;Crescente;Choque;1;0;0;0;0;0;0;0;0;0;0;0;1;0;0
19/03/2022;20:49:11;161;Sem vítima;80,000;BR-290/RS;Decrescente;Colisão traseira;2;0;0;0;0;0;0;0;0;0;6;0;0;0;0
20/03/2022;02:18:41;18;Sem vítima;434,000;BR-386/RS;Decrescente;Atropelamento de animal;2;0;0;0;0;0;0;0;0;0;7;0;0;0;0
20/03/2022;04:45:56;28;Sem vítima;49,000;BR-101/RS;Decrescente;Acidentes de outra natureza;1;0;0;0;0;0;0;0;0;0;2;0;0;0;0
20/03/2022;05:18:57;32;Sem vítima;53,000;BR-101/RS;Decrescente;Acidentes de outra natureza;1;0;0;0;0;0;0;0;0;0;4;0;0;0;0
20/03/2022;07:45:36;49;Sem vítima;3,320;BR-101/RS;Crescente;Choque;1;0;0;0;0;0;0;0;0;0;1;0;0;0;0
20/03/2022;09:56:15;71;Sem vítima;75,000;BR-101/RS;Decrescente;Capotamento;1;0;0;0;0;0;0;0;0;0;0;0;0;0;0
20/03/2022;12:24:24;89;Sem vítima;39,000;BR-101/RS;Decrescente;Capotamento;1;0;0;0;0;0;0;0;0;0;2;0;0;0;0
20/03/2022;17:56:29;142;Com vítima;275,000;BR-386/RS;Decrescente;Colisão traseira;2;0;0;0;0;0;0;0;0;0;0;2;0;1;0
20/03/2022;19:02:12;159;Sem vítima;392,000;BR-386/RS;Decrescente;Acidentes de outra natureza;1;0;0;0;0;0;0;0;0;0;1;0;0;0;0
20/03/2022;20:32:14;175;Sem vítima;12,000;BR-290/RS;Crescente;Atropelamento de animal;1;0;0;0;0;0;0;0;0;0;1;0;0;0;0
21/03/2022;00:48:58;7;Sem vítima;87,000;BR-290/RS;Decrescente;Capotamento;1;0;0;0;0;0;0;0;0;0;0;0;0;0;0
21/03/2022;03:36:56;18;Com vítima;94,000;BR-290/RS;Decrescente;Choque;0;0;0;0;1;0;0;0;0;0;0;0;0;0;2
21/03/2022;04:49:05;23;Sem vítima;32,000;BR-290/RS;Crescente;Acidentes de outra natureza;0;0;0;0;0;0;0;0;0;0;0;0;0;0;0
21/03/2022;05:38:35;25;Com vítima;60,000;BR-290/RS;Crescente;Colisão traseira;0;0;1;0;0;0;0;0;0;0;0;1;0;0;0
21/03/2022;06:41:04;35;Sem vítima;348,000;BR-386/RS;Decrescente;Colisão lateral no mesmo sentido;1;0;0;0;0;0;0;0;0;0;1;0;0;0;0
21/03/2022;14:02:41;174;Sem vítima;392,000;BR-386/RS;Decrescente;Choque;1;0;0;0;0;0;0;0;0;0;3;0;0;0;0
21/03/2022;17:01:19;224;Com vítima;38,000;BR-101/RS;Crescente;Choque;1;0;0;0;0;0;0;0;0;0;0;1;0;0;0
21/03/2022;19:03:55;250;Sem vítima;77,000;BR-290/RS;Decrescente;Choque;1;0;0;0;0;0;0;0;0;0;0;0;0;0;0
21/03/2022;19:24:31;255;Sem vítima;200,000;BR-386/RS;Crescente;Atropelamento de animal;1;0;0;0;0;0;0;0;0;0;0;0;0;0;0
21/03/2022;22:39:00;298;Sem vítima;39,000;BR-101/RS;Decrescente;Atropelamento de animal;1;0;0;0;0;0;0;0;0;0;1;0;0;0;0
22/03/2022;02:59:05;6;Sem vítima;13,000;BR-290/RS;Decrescente;Acidentes de outra natureza;0;0;0;0;0;0;0;0;0;0;0;0;0;0;0
22/03/2022;07:52:14;59;Sem vítima;50,000;BR-101/RS;Decrescente;Choque;0;0;0;0;0;0;0;0;0;0;0;0;0;0;0
22/03/2022;16:17:52;170;Sem vítima;320,000;BR-386/RS;Decrescente;Acidentes de outra natureza;0;0;0;0;0;0;0;0;0;0;0;0;0;0;0
22/03/2022;18:13:31;189;Sem vítima;324,000;BR-386/RS;Decrescente;Acidentes de outra natureza;0;0;0;0;0;0;0;0;0;0;1;0;0;0;0
22/03/2022;23:20:33;229;Sem vítima;438,000;BR-386/RS;Decrescente;Acidentes de outra natureza;1;0;0;0;0;0;0;0;0;0;0;0;0;0;0
23/03/2022;01:55:52;7;Com vítima;405,000;BR-386/RS;Crescente;Acidentes de outra natureza;1;0;0;0;0;0;0;0;0;0;0;1;0;0;0
23/03/2022;07:54:42;46;Sem vítima;95,000;BR-290/RS;Crescente;Colisão traseira;1;0;0;0;0;0;0;0;0;0;2;0;0;0;0
23/03/2022;09:10:47;77;Sem vítima;306,000;BR-386/RS;Decrescente;Acidentes de outra natureza;0;0;0;0;0;0;0;0;0;0;0;0;0;0;0
23/03/2022;09:20:07;80;Sem vítima;338,000;BR-386/RS;Decrescente;Engavetamento;2;0;0;0;0;1;0;0;0;0;4;0;0;0;0
23/03/2022;17:23:06;182;Sem vítima;234,000;BR-386/RS;Crescente;Acidentes de outra natureza;0;0;0;0;1;0;0;0;0;0;1;0;0;0;0
23/03/2022;17:51:53;187;Com vítima;92,000;BR-290/RS;Crescente;Colisão lateral no mesmo sentido;2;0;0;0;0;0;0;0;0;0;5;1;0;0;0
23/03/2022;19:07:27;206;Sem vítima;391,000;BR-386/RS;Decrescente;Colisão lateral no mesmo sentido;1;0;0;0;0;0;0;0;0;0;0;0;0;0;0
23/03/2022;19:38:52;214;Sem vítima;190,000;BR-386/RS;Decrescente;Acidentes de outra natureza;1;0;0;0;0;0;0;0;0;0;5;0;0;0;0
23/03/2022;21:00:29;227;Sem vítima;20,000;BR-101/RS;Crescente;Acidentes de outra natureza;1;0;0;0;0;0;0;0;0;0;0;0;0;0;0
23/03/2022;21:12:42;228;Com vítima;398,000;BR-386/RS;Decrescente;Tombamento;0;0;0;0;0;0;0;0;0;0;0;0;0;0;0
24/03/2022;00:10:01;3;Sem vítima;6,000;BR-290/RS;Crescente;Acidentes de outra natureza;0;0;0;0;0;0;0;0;0;0;0;0;0;0;0
24/03/2022;00:57:48;11;Com vítima;88,000;BR-290/RS;Decrescente;Acidentes de outra natureza;1;0;0;0;0;0;0;0;0;0;1;3;0;0;0
24/03/2022;05:36:43;24;Sem vítima;15,000;BR-290/RS;Decrescente;Capotamento;1;0;0;0;0;0;0;0;0;0;1;0;0;0;0
24/03/2022;07:37:15;49;Sem vítima;407,000;BR-386/RS;Decrescente;Acidentes de outra natureza;0;0;0;0;0;1;0;0;0;0;3;0;0;0;0
24/03/2022;16:33:41;195;Sem vítima;347,000;BR-386/RS;Crescente;Engavetamento;3;0;0;0;0;0;0;0;0;0;3;0;0;0;0
24/03/2022;18:13:04;220;Sem vítima;87,000;BR-290/RS;Decrescente;Colisão traseira;1;0;0;0;1;0;0;0;0;0;2;0;0;0;0
24/03/2022;19:25:50;231;Sem vítima;81,000;BR-101/RS;Decrescente;Atropelamento de pedestre;0;0;0;0;0;0;0;0;0;0;1;0;0;0;0
24/03/2022;20:54:31;249;Sem vítima;262,000;BR-386/RS;Decrescente;Colisão lateral no mesmo sentido;1;0;0;0;0;0;0;0;0;0;2;0;0;0;0
25/03/2022;06:27:32;27;Sem vítima;4,000;BR-101/RS;Crescente;Engavetamento;0;0;0;0;1;0;0;0;0;0;2;0;0;0;0
25/03/2022;12:13:13;126;Com vítima;446,000;BR-386/RS;Crescente;Choque;1;0;0;0;0;0;0;0;0;0;0;1;0;0;0
25/03/2022;13:44:08;145;Sem vítima;436,000;BR-386/RS;Decrescente;Colisão lateral no mesmo sentido;2;0;0;0;0;0;0;0;0;0;5;0;0;0;0
25/03/2022;16:09:26;179;Sem vítima;328,000;BR-386/RS;Decrescente;Colisão traseira;2;0;0;0;0;0;0;0;0;0;4;0;0;0;0
25/03/2022;16:21:31;183;Sem vítima;55,000;BR-101/RS;Decrescente;Capotamento;1;0;0;0;0;0;0;0;0;0;1;0;0;0;0
25/03/2022;17:28:29;194;Sem vítima;63,000;BR-101/RS;Crescente;Colisão traseira;1;0;0;0;1;0;0;0;0;0;3;0;0;0;0
25/03/2022;17:49:55;200;Com vítima;343,000;BR-386/RS;Decrescente;Colisão traseira;1;0;0;0;0;0;0;0;0;0;1;1;0;0;0
25/03/2022;18:24:45;208;Sem vítima;86,000;BR-290/RS;Crescente;Colisão transversal;1;0;0;1;0;0;0;0;0;0;2;0;0;0;0