data;horario;n_da_ocorrencia;tipo_de_ocorrencia;km;trecho;sentido;tipo_de_acidente;automovel;bicicleta;caminhao;moto;onibus;outros;tracao_animal;transporte_de_cargas_especiais;trator_maquinas;utilitarios;ilesos;levemente_feridos;moderadamente_feridos;gravemente_feridos;mortos
25/03/2022;19:08:00;219;Com vítima;435,000;BR-386/RS;Decrescente;Colisão traseira;1;0;0;1;0;0;0;0;0;0;1;1;1;0;0
25/03/2022;21:39:08;237;Sem vítima;47,000;BR-290/RS;Decrescente;Colisão transversal;2;0;0;0;0;0;0;0;0;0;6;0;0;0;0
25/03/2022;22:04:49;244;Sem vítima;443,000;BR-386/RS;Decrescente;Acidentes de outra natureza;1;0;0;0;0;0;0;0;0;0;1;0;0;0;0
26/03/2022;03:48:18;24;Sem vítima;96,000;BR-290/RS;Decrescente;Colisão frontal;2;0;0;0;0;0;0;0;0;0;6;0;0;0;0
26/03/2022;04:55:04;26;Sem vítima;10,000;BR-101/RS;Crescente;Acidentes de outra natureza;1;0;0;0;0;0;0;0;0;0;0;0;0;0;0
26/03/2022;07:47:49;68;Com vítima;242,000;BR-386/RS;Decrescente;Colisão frontal;2;0;0;0;0;0;0;0;0;0;2;0;0;1;0
26/03/2022;08:30:21;77;Com vítima;246,000;BR-386/RS;Decrescente;Colisão frontal;2;0;0;0;0;0;0;0;0;0;1;1;0;0;0
26/03/2022;15:07:46;167;Com vítima;355,000;BR-386/RS;Crescente;Queda de moto;1;0;0;0;0;0;0;0;0;0;0;0;1;0;0
26/03/2022;17:58:13;198;Com vítima;7,000;BR-101/RS;Decrescente;Colisão traseira;0;0;0;1;0;0;0;0;0;0;0;1;0;0;0
26/03/2022;19:47:56;209;Com vítima;213,000;BR-386/RS;Crescente;Acidentes de outra natureza;1;0;0;0;0;0;0;0;0;0;0;1;0;0;0
27/03/2022;03:20:10;14;Sem vítima;248,000;BR-386/RS;Decrescente;Acidentes de outra natureza;1;0;0;0;0;0;0;0;0;0;1;0;0;0;0
27/03/2022;04:05:56;16;Com vítima;436,000;BR-386/RS;Decrescente;Colisão traseira;1;0;0;0;0;0;0;0;0;0;1;0;2;0;0
27/03/2022;04:46:12;22;Sem vítima;375,000;BR-386/RS;Crescente;Colisão traseira;1;0;0;0;0;0;0;0;0;0;4;0;0;0;0
27/03/2022;05:21:08;26;Sem vítima;414,000;BR-386/RS;Crescente;Colisão traseira;2;0;0;0;0;0;0;0;0;0;3;0;0;0;0
27/03/2022;09:42:58;81;Sem vítima;4,000;BR-101/RS;Crescente;Choque;1;0;0;0;0;0;0;0;0;0;1;0;0;0;0
27/03/2022;17:20:42;172;Com vítima;63,000;BR-101/RS;Crescente;Colisão lateral no mesmo sentido;2;0;0;0;0;0;0;0;0;0;5;0;1;0;0
27/03/2022;20:32:15;210;Com vítima;442,000;BR-386/RS;Decrescente;Queda de moto;0;0;0;1;0;0;0;0;0;0;0;2;0;0;0
27/03/2022;20:38:32;212;Com vítima;330,000;BR-386/RS;Decrescente;Colisão traseira;2;0;0;1;0;0;0;0;0;0;2;1;0;0;0
28/03/2022;00:10:00;2;Sem vítima;60,000;BR-290/RS;Crescente;Atropelamento de animal;1;0;0;0;0;0;0;0;0;0;2;0;0;0;0
28/03/2022;03:32:48;19;Sem vítima;24,000;BR-290/RS;Decrescente;Atropelamento de animal;1;0;0;0;0;0;0;0;0;0;1;0;0;0;0
28/03/2022;05:06:23;27;Sem vítima;81,000;BR-101/RS;Crescente;Capotamento;1;0;0;0;0;0;0;0;0;0;0;0;0;0;0
28/03/2022;07:50:44;69;Sem vítima;92,000;BR-290/RS;Crescente;Colisão lateral no mesmo sentido;1;0;0;0;0;0;0;0;0;0;2;0;0;0;0
28/03/2022;07:52:36;70;Sem vítima;345,000;BR-386/RS;Decrescente;Engavetamento;3;0;0;0;0;0;0;0;0;0;4;0;0;0;0
28/03/2022;08:42:14;92;Sem vítima;426,000;BR-386/RS;Crescente;Colisão traseira;1;0;0;0;0;0;0;0;0;0;1;0;0;0;0
28/03/2022;09:07:59;104;Sem vítima;439,000;BR-386/RS;Crescente;Colisão traseira;1;0;0;0;1;0;0;0;0;0;2;0;0;0;0
28/03/2022;11:24:23;149;Sem vítima;267,000;BR-386/RS;Decrescente;Choque;1;0;0;0;0;0;0;0;0;0;0;0;0;0;0
28/03/2022;14:15:35;181;Com vítima;345,000;BR-386/RS;Decrescente;Colisão traseira;0;0;0;1;0;1;0;0;0;0;1;1;0;0;0
28/03/2022;15:37:28;209;Sem vítima;44,000;BR-101/RS;Crescente;Colisão traseira;1;0;0;0;0;0;0;0;0;0;1;0;0;0;0
28/03/2022;18:37:52;244;Sem vítima;280,000;BR-386/RS;Decrescente;Tombamento;0;0;0;0;0;0;0;0;0;0;0;0;0;0;0
28/03/2022;20:48:40;265;Com vítima;297,000;BR-386/RS;Crescente;Colisão frontal;1;0;0;0;0;0;0;0;0;0;0;0;0;0;2
29/03/2022;07:11:17;38;Sem vítima;91,000;BR-290/RS;Crescente;Colisão traseira;0;0;0;1;0;0;0;0;0;0;2;0;0;0;0
29/03/2022;09:29:45;109;Sem vítima;202,000;BR-386/RS;Decrescente;Colisão lateral no mesmo sentido;1;0;1;0;0;0;0;0;0;0;2;0;0;0;0
29/03/2022;11:18:49;138;Sem vítima;250,000;BR-386/RS;Decrescente;Colisão traseira;1;0;0;0;0;0;0;0;0;0;1;0;0;0;0
29/03/2022;11:49:42;143;Com vítima;4,000;BR-101/RS;Decrescente;Queda de moto;0;0;0;1;0;0;0;0;0;0;0;1;0;0;0
29/03/2022;14:35:59;181;Com vítima;12,000;BR-101/RS;Crescente;Queda de moto;0;0;0;1;0;0;0;0;0;0;0;0;1;0;0
29/03/2022;21:20:38;257;Sem vítima;416,000;BR-386/RS;Crescente;Atropelamento de pedestre;0;0;0;0;0;0;0;0;0;0;1;0;0;0;0
29/03/2022;21:54:59;263;Sem vítima;92,000;BR-290/RS;Decrescente;Acidentes de outra natureza;1;0;0;0;0;0;0;0;0;0;1;0;0;0;0
30/03/2022;06:24:49;23;Sem vítima;92,230;BR-290/RS;Crescente;Colisão lateral no mesmo sentido;2;0;0;0;0;0;0;0;0;0;2;0;0;0;0
30/03/2022;07:27:30;31;Com vítima;10,000;BR-290/RS;Crescente;Acidentes de outra natureza;1;0;0;0;0;0;0;0;0;0;2;1;0;0;0
30/03/2022;07:52:36;36;Sem vítima;10,000;BR-290/RS;Decrescente;Choque;1;0;0;0;0;0;0;0;0;0;3;0;0;0;0
30/03/2022;08:22:22;43;Sem vítima;50,000;BR-290/RS;Decrescente;Choque;1;0;0;0;0;0;0;0;0;0;0;0;0;0;0
30/03/2022;09:41:16;60;Sem vítima;91,000;BR-290/RS;Decrescente;Acidentes de outra natureza;1;0;0;0;0;0;0;0;0;0;4;0;0;0;0
30/03/2022;09:53:25;62;Sem vítima;14,000;BR-101/RS;Decrescente;Acidentes de outra natureza;1;0;0;0;0;0;0;0;0;0;1;0;0;0;0
30/03/2022;12:12:13;94;Sem vítima;307,000;BR-386/RS;Crescente;Acidentes de outra natureza;0;0;0;0;1;0;0;0;0;0;2;0;0;0;0
30/03/2022;16:45:23;142;Sem vítima;1,000;BR-290/RS;Crescente;Acidentes de outra natureza;1;0;0;0;0;0;0;0;0;0;1;0;0;0;0
30/03/2022;17:52:01;152;Sem vítima;276,000;BR-386/RS;Crescente;Colisão lateral no mesmo sentido;1;0;0;0;0;0;0;0;0;0;1;0;0;0;0
30/03/2022;21:39:12;179;Sem vítima;362,000;BR-386/RS;Decrescente;Colisão lateral no mesmo sentido;2;0;0;0;0;0;0;0;0;0;3;0;0;0;0
31/03/2022;00:33:44;2;Sem vítima;57,000;BR-101/RS;Decrescente;Acidentes de outra natureza;1;0;0;0;0;0;0;0;0;0;1;0;0;0;0
31/03/2022;07:52:08;48;Sem vítima;412,000;BR-386/RS;Decrescente;Colisão lateral no mesmo sentido;2;0;0;0;0;0;0;0;0;0;2;0;0;0;0
31/03/2022;07:52:37;51;Sem vítima;87,000;BR-290/RS;Crescente;Engavetamento;1;0;0;0;0;0;0;0;0;0;0;0;0;0;0
31/03/2022;08:27:12;75;Sem vítima;416,000;BR-386/RS;Crescente;Colisão lateral no mesmo sentido;1;0;1;0;0;0;0;0;0;0;4;0;0;0;0
31/03/2022;08:41:14;85;Com vítima;87,430;BR-290/RS;Crescente;Colisão traseira;0;0;0;1;0;0;0;0;0;0;0;1;0;0;0
31/03/2022;09:15:35;100;Sem vítima;86,220;BR-290/RS;Crescente;Colisão traseira;2;0;0;0;0;0;0;0;0;0;5;0;0;0;0
31/03/2022;09:59:09;110;Sem vítima;47,000;BR-101/RS;Crescente;Colisão traseira;1;0;0;0;0;0;0;0;0;0;1;0;0;0;0
31/03/2022;13:28:28;160;Sem vítima;79,000;BR-290/RS;Decrescente;Acidentes de outra natureza;1;0;0;0;0;0;0;0;0;0;2;0;0;0;0
31/03/2022;15:06:33;179;Sem vítima;27,000;BR-101/RS;Crescente;Acidentes de outra natureza;1;0;0;0;0;0;0;0;0;0;1;0;0;0;0
31/03/2022;16:16:07;201;Sem vítima;77,000;BR-290/RS;Decrescente;Choque;2;0;0;0;0;0;0;0;0;0;2;0;0;0;0
31/03/2022;21:29:36;260;Sem vítima;33,000;BR-101/RS;Crescente;Acidentes de outra natureza;1;0;0;0;0;0;0;0;0;0;1;0;0;0;0
01/04/2022;07:26:59;45;Sem vítima;436,000;BR-386/RS;Crescente;Colisão lateral no mesmo sentido;1;0;0;0;0;0;0;0;0;0;1;0;0;0;0
01/04/2022;07:29:34;46;Sem vítima;221,000;BR-386/RS;Decrescente;Acidentes de outra natureza;0;0;1;0;0;0;0;0;0;0;1;0;0;0;0
01/04/2022;09:40:00;112;Sem vítima;277,000;BR-386/RS;Crescente;Acidentes de outra natureza;1;0;0;0;0;0;0;0;0;0;0;0;0;0;0
01/04/2022;11:37:02;148;Sem vítima;59,000;BR-290/RS;Decrescente;Colisão traseira;2;0;0;0;0;0;0;0;0;0;2;0;0;0;0
01/04/2022;13:27:19;181;Sem vítima;262,000;BR-386/RS;Decrescente;Choque;0;0;0;0;0;0;0;0;0;0;0;0;0;0;0
01/04/2022;14:16:43;193;Sem vítima;402,000;BR-386/RS;Crescente;Colisão frontal;2;0;0;0;0;0;0;0;0;0;4;0;0;0;0
01/04/2022;16:44:52;233;Sem vítima;333,000;BR-386/RS;Crescente;Engavetamento;3;0;0;0;0;0;0;0;0;0;6;0;0;0;0
01/04/2022;17:34:37;248;Sem vítima;88,000;BR-290/RS;Decrescente;Colisão traseira;2;0;0;0;0;0;0;0;0;0;3;0;0;0;0
01/04/2022;17:46:57;250;Sem vítima;88,000;BR-290/RS;Decrescente;Colisão traseira;2;0;0;0;0;0;0;0;0;0;3;0;0;0;0
01/04/2022;18:07:12;255;Sem vítima;86,000;BR-290/RS;Decrescente;Colisão lateral no mesmo sentido;2;0;0;0;0;0;0;0;0;0;3;0;0;0;0
01/04/2022;18:16:59;257;Com vítima;437,000;BR-386/RS;Crescente;Colisão transversal;2;0;0;0;0;0;0;0;0;0;1;0;1;0;0
01/04/2022;20:56:53;290;Sem vítima;20,000;BR-101/RS;Decrescente;Colisão frontal;1;0;0;0;0;0;0;0;0;0;1;0;0;0;0
02/04/2022;07:26:33;46;Sem vítima;60,000;BR-290/RS;Decrescente;Colisão lateral no mesmo sentido;1;0;0;0;0;0;0;0;0;0;3;0;0;0;0
02/04/2022;07:50:51;57;Sem vítima;297,000;BR-386/RS;Decrescente;Acidentes de outra natureza;1;0;0;0;0;0;0;0;0;0;1;0;0;0;0
02/04/2022;12:48:17;135;Sem vítima;345,000;BR-386/RS;Crescente;Acidentes de outra natureza;1;0;0;0;0;0;0;0;0;0;1;0;0;0;0
02/04/2022;14:42:03;159;Sem vítima;12,000;BR-101/RS;Crescente;Acidentes de outra natureza;1;0;0;0;0;0;0;0;0;0;1;0;0;0;0
02/04/2022;15:55:12;175;Sem vítima;408,000;BR-386/RS;Crescente;Capotamento;1;0;0;0;0;0;0;0;0;0;0;0;0;0;0
02/04/2022;19:54:31;224;Com vítima;368,000;BR-386/RS;Decrescente;Colisão lateral no mesmo sentido;2;0;0;0;0;0;0;0;0;0;0;3;0;1;0
02/04/2022;19:57:16;226;Sem vítima;60,000;BR-290/RS;Crescente;Colisão traseira;2;0;0;0;0;0;0;0;0;0;4;0;0;0;0
03/04/2022;00:08:15;2;Sem vítima;283,000;BR-386/RS;Crescente;Acidentes de outra natureza;1;0;0;0;0;0;0;0;0;0;1;0;0;0;0
03/04/2022;04:59:24;17;Sem vítima;268,000;BR-386/RS;Crescente;Acidentes de outra natureza;1;0;0;0;0;0;0;0;0;0;1;0;0;0;0
03/04/2022;05:49:39;21;Com vítima;94,000;BR-290/RS;Crescente;Choque;3;0;0;0;0;0;0;0;0;0;2;0;2;0;0
03/04/2022;07:27:22;24;Sem vítima;305,000;BR-386/RS;Crescente;Acidentes de outra natureza;0;0;0;0;1;0;0;0;0;0;9;0;0;0;0
03/04/2022;08:34:21;29;Sem vítima;94,000;BR-290/RS;Decrescente;Choque;1;0;0;0;0;0;0;0;0;0;2;0;0;0;0
03/04/2022;12:30:55;63;Sem vítima;92,000;BR-290/RS;Decrescente;Acidentes de outra natureza;1;0;0;0;0;0;0;0;0;0;5;0;0;0;0
03/04/2022;12:47:58;67;Com vítima;38,000;BR-101/RS;Decrescente;Choque;1;0;0;0;0;0;0;0;0;0;0;1;0;0;0
03/04/2022;16:26:18;94;Sem vítima;445,000;BR-386/RS;Crescente;Atropelamento de ciclista;0;0;0;0;0;0;0;0;0;0;0;0;0;0;0
03/04/2022;17:21:48;109;Sem vítima;22,000;BR-101/RS;Crescente;Choque;1;0;0;0;0;0;0;0;0;0;1;0;0;0;0
03/04/2022;18:05:24;120;Sem vítima;87,000;BR-290/RS;Crescente;Choque;1;0;0;0;0;0;0;0;0;0;3;0;0;0;0
03/04/2022;18:16:47;121;Sem vítima;440,000;BR-386/RS;Crescente;Capotamento;1;0;0;0;0;0;0;0;0;0;1;0;0;0;0
03/04/2022;19:38:04;137;Sem vítima;417,000;BR-386/RS;Crescente;Choque;1;0;0;0;0;0;0;0;0;0;5;0;0;0;0
03/04/2022;20:17:51;147;Sem vítima;81,000;BR-290/RS;Decrescente;Choque;1;0;0;0;0;0;0;0;0;0;1;0;0;0;0
03/04/2022;21:17:43;158;Sem vítima;423,000;BR-386/RS;Crescente;Acidentes de outra natureza;1;0;0;0;0;0;0;0;0;0;2;0;0;0;0
03/04/2022;21:59:00;161;Sem vítima;368,000;BR-386/RS;Decrescente;Acidentes de outra natureza;1;0;0;0;0;0;0;0;0;0;2;0;0;0;0
03/04/2022;22:25:25;165;Com vítima;437,000;BR-386/RS;Crescente;Colisão traseira;2;0;0;0;0;0;0;0;0;0;2;1;1;0;0
03/04/2022;22:39:59;168;Sem vítima;423,000;BR-386/RS;Crescente;Acidentes de outra natureza;1;0;0;0;0;0;0;0;0;0;1;0;0;0;0
03/04/2022;23:00:55;171;Sem vítima;42,000;BR-101/RS;Decrescente;Acidentes de outra natureza;1;0;0;0;0;0;0;0;0;0;0;0;0;0;0
03/04/2022;23:18:11;174;Sem vítima;5,000;BR-290/RS;Crescente;Choque;1;0;0;0;0;0;0;0;0;0;4;0;0;0;0
03/04/2022;23:57:36;179;Sem vítima;2,000;BR-290/RS;Decrescente;Capotamento;1;0;0;0;0;0;0;0;0;0;4;0;0;0;0
04/04/2022;00:52:28;2;Sem vítima;75,000;BR-290/RS;Crescente;Acidentes de outra natureza;1;0;0;0;0;0;0;0;0;0;1;0;0;0;0
04/04/2022;01:58:35;10;Sem vítima;71,000;BR-101/RS;Decrescente;Capotamento;1;0;0;0;0;0;0;0;0;0;2;0;0;0;0
04/04/2022;04:29:55;17;Sem vítima;85,000;BR-290/RS;Decrescente;Acidentes de outra natureza;1;0;0;0;0;0;0;0;0;0;0;0;0;0;0
04/04/2022;07:44:58;44;Sem vítima;211,000;BR-386/RS;Decrescente;Colisão transversal;0;0;1;0;1;0;0;0;0;0;2;0;0;0;0
04/04/2022;08:01:04;48;Com vítima;297,000;BR-386/RS;Crescente;Tombamento;0;0;0;0;0;0;0;0;0;0;0;0;0;0;0
04/04/2022;09:04:26;90;Sem vítima;96,000;BR-290/RS;Crescente;Colisão traseira;2;0;0;0;0;0;0;0;0;0;2;0;0;0;0
04/04/2022;09:11:38;96;Sem vítima;15,000;BR-101/RS;Decrescente;Choque;1;0;0;0;0;0;0;0;0;0;1;0;0;0;0
04/04/2022;18:09:12;225;Sem vítima;81,000;BR-290/RS;Crescente;Acidentes de outra natureza;1;0;0;0;0;0;0;0;0;0;1;0;0;0;0
04/04/2022;19:03:35;234;Sem vítima;90,000;BR-290/RS;Decrescente;Colisão traseira;2;0;0;0;0;0;0;0;0;0;2;0;0;0;0
05/04/2022;00:53:17;3;Sem vítima;49,000;BR-101/RS;Decrescente;Acidentes de outra natureza;0;0;0;0;0;0;0;0;0;0;1;0;0;0;0
05/04/2022;11:10:16;111;Sem vítima;435,000;BR-386/RS;Decrescente;Colisão traseira;0;0;0;0;0;1;0;0;0;0;1;0;0;0;0
05/04/2022;13:31:00;154;Com vítima;67,000;BR-290/RS;Crescente;Queda de moto;0;0;0;1;0;0;0;0;0;0;0;2;0;0;0
05/04/2022;19:42:45;235;Sem vítima;64,000;BR-290/RS;Crescente;Atropelamento de animal;1;0;0;0;0;0;0;0;0;0;1;0;0;0;0
05/04/2022;20:04:44;240;Sem vítima;335,000;BR-386/RS;Crescente;Capotamento;1;0;0;0;0;0;0;0;0;0;0;0;0;0;0
06/04/2022;05:12:14;16;Sem vítima;19,000;BR-290/RS;Decrescente;Colisão traseira;1;0;0;0;1;0;0;0;0;0;3;0;0;0;0
06/04/2022;08:17:02;71;Sem vítima;84,000;BR-101/RS;Decrescente;Colisão lateral no mesmo sentido;1;0;1;0;0;0;0;0;0;0;3;0;0;0;0
06/04/2022;09:03:56;95;Sem vítima;333,000;BR-386/RS;Crescente;Colisão traseira;1;0;0;0;0;0;0;0;0;0;1;0;0;0;0
06/04/2022;14:14:04;155;Sem vítima;34,000;BR-290/RS;Crescente;Choque;1;0;0;0;0;0;0;0;0;0;0;0;0;0;0
06/04/2022;15:32:24;177;Sem vítima;45,000;BR-290/RS;Crescente;Choque;1;0;0;0;0;0;0;0;0;0;3;0;0;0;0
06/04/2022;17:23:28;202;Sem vítima;426,000;BR-386/RS;Decrescente;Colisão traseira;0;0;0;1;0;0;0;0;0;0;2;0;0;0;0
06/04/2022;17:36:03;204;Sem vítima;88,000;BR-290/RS;Decrescente;Capotamento;3;0;0;0;0;0;0;0;0;0;8;0;0;0;0
06/04/2022;19:22:05;222;Sem vítima;93,000;BR-290/RS;Decrescente;Engavetamento;4;0;0;0;0;0;0;0;0;0;8;0;0;0;0
07/04/2022;01:19:39;11;Sem vítima;220,000;BR-386/RS;Decrescente;Acidentes de outra natureza;1;0;0;0;0;0;0;0;0;0;1;0;0;0;0
07/04/2022;03:57:14;16;Sem vítima;345,000;BR-386/RS;Decrescente;Acidentes de outra natureza;1;0;0;0;0;0;0;0;0;0;1;0;0;0;0
07/04/2022;05:26:28;19;Sem vítima;424,000;BR-386/RS;Crescente;Acidentes de outra natureza;1;0;0;0;0;0;0;0;0;0;0;0;0;0;0
07/04/2022;06:46:35;30;Sem vítima;424,000;BR-386/RS;Decrescente;Colisão lateral no mesmo sentido;1;0;0;0;0;0;0;0;0;0;1;0;0;0;0
07/04/2022;08:02:16;54;Com vítima;38,000;BR-101/RS;Decrescente;Colisão traseira;0;0;0;0;0;0;0;0;0;0;0;0;0;0;0
07/04/2022;16:19:28;176;Sem vítima;77,000;BR-290/RS;Crescente;Queda de moto;0;0;0;1;0;0;0;0;0;0;1;0;0;0;0
07/04/2022;19:05:43;206;Sem vítima;426,000;BR-386/RS;Decrescente;Choque;0;0;0;0;0;0;0;0;0;0;0;0;0;0;0
08/04/2022;06:35:56;25;Com vítima;299,000;BR-386/RS;Crescente;Acidentes de outra natureza;0;0;0;0;0;1;0;0;0;0;7;2;0;0;0
08/04/2022;08:20:01;57;Sem vítima;76,000;BR-290/RS;Decrescente;Choque;1;0;0;0;0;0;0;0;0;0;0;0;0;0;0
08/04/2022;09:04:28;84;Sem vítima;304,000;BR-386/RS;Crescente;Colisão lateral no mesmo sentido;0;0;1;0;0;0;0;0;0;0;1;0;0;0;0
08/04/2022;11:45:22;134;Sem vítima;364,000;BR-386/RS;Crescente;Colisão traseira;1;0;0;0;0;0;0;0;0;0;3;0;0;0;0
08/04/2022;15:06:32;189;Sem vítima;2,000;BR-101/RS;Crescente;Acidentes de outra natureza;1;0;0;0;0;0;0;0;0;0;1;0;0;0;0
08/04/2022;15:14:34;191;Sem vítima;82,000;BR-290/RS;Crescente;Acidentes de outra natureza;1;0;0;0;0;0;0;0;0;0;2;0;0;0;0
08/04/2022;16:03:07;201;Sem vítima;50,000;BR-290/RS;Crescente;Acidentes de outra natureza;1;0;0;0;0;0;0;0;0;0;1;0;0;0;0
08/04/2022;16:23:16;203;Sem vítima;18,000;BR-290/RS;Decrescente;Colisão traseira;2;0;0;0;0;0;0;0;0;0;2;0;0;0;0
08/04/2022;16:45:59;208;Sem vítima;375,000;BR-386/RS;Crescente;Choque;0;0;0;0;0;1;0;0;0;0;0;0;0;0;0
08/04/2022;16:52:45;210;Sem vítima;2,000;BR-290/RS;Decrescente;Capotamento;1;0;0;0;0;0;0;0;0;0;1;0;0;0;0
09/04/2022;02:20:36;4;Sem vítima;428,000;BR-386/RS;Decrescente;Acidentes de outra natureza;1;0;0;0;0;0;0;0;0;0;1;0;0;0;0
09/04/2022;04:51:28;8;Com vítima;80,000;BR-290/RS;Crescente;Acidentes de outra natureza;1;0;0;0;0;0;0;0;0;0;1;1;0;0;0
09/04/2022;06:43:00;19;Sem vítima;19,000;BR-290/RS;Decrescente;Choque;0;0;0;0;0;0;0;0;0;0;0;0;0;0;0
09/04/2022;09:24:27;69;Sem vítima;96,000;BR-290/RS;Crescente;Colisão traseira;1;0;0;0;0;0;0;0;0;0;5;0;0;0;0
09/04/2022;09:30:49;72;Sem vítima;53,000;BR-290/RS;Crescente;Colisão traseira;2;0;0;0;0;0;0;0;0;0;2;0;0;0;0
09/04/2022;18:37:08;173;Com vítima;435,000;BR-386/RS;Decrescente;Colisão transversal;1;0;0;1;0;0;0;0;0;0;1;0;1;0;0
09/04/2022;19:57:28;190;Com vítima;368,000;BR-386/RS;Decrescente;Queda de moto;0;0;0;1;0;0;0;0;0;0;1;1;0;0;0
09/04/2022;20:34:53;200;Sem vítima;95,000;BR-290/RS;Crescente;Colisão traseira;1;0;0;0;0;0;0;0;0;0;1;0;0;0;0
09/04/2022;21:39:18;210;Sem vítima;360,000;BR-386/RS;Crescente;Acidentes de outra natureza;1;0;0;0;0;0;0;0;0;0;2;0;0;0;0
09/04/2022;23:37:41;220;Sem vítima;73,000;BR-101/RS;Decrescente;Acidentes de outra natureza;1;0;0;0;0;0;0;0;0;0;3;0;0;0;0
10/04/2022;04:15:11;12;Sem vítima;224,000;BR-386/RS;Decrescente;Capotamento;1;0;0;0;0;0;0;0;0;0;1;0;0;0;0
10/04/2022;04:42:04;15;Sem vítima;358,000;BR-386/RS;Decrescente;Acidentes de outra natureza;1;0;0;0;0;0;0;0;0;0;1;0;0;0;0
10/04/2022;05:53:12;24;Sem vítima;365,000;BR-386/RS;Crescente;Acidentes de outra natureza;1;0;0;0;0;0;0;0;0;0;1;0;0;0;0
10/04/2022;10:26:05;66;Sem vítima;275,000;BR-386/RS;Decrescente;Acidentes de outra natureza;0;0;0;0;1;0;0;0;0;0;2;0;0;0;0
10/04/2022;15:45:30;120;Com vítima;78,000;BR-101/RS;Crescente;Queda de moto;0;0;0;1;0;0;0;0;0;0;1;0;1;0;0
10/04/2022;19:57:13;157;Sem vítima;47,000;BR-290/RS;Crescente;Choque;1;0;0;0;0;0;0;0;0;0;4;0;0;0;0
10/04/2022;20:02:00;162;Sem vítima;22,000;BR-290/RS;Decrescente;Choque;1;0;0;0;0;0;0;0;0;0;4;0;0;0;0
10/04/2022;20:50:09;175;Com vítima;80,000;BR-290/RS;Crescente;Capotamento;1;0;0;0;0;0;0;0;0;0;0;0;1;0;0
10/04/2022;22:24:25;182;Sem vítima;406,000;BR-386/RS;Decrescente;Acidentes de outra natureza;0;0;0;0;0;0;0;0;0;0;0;0;0;0;0
11/04/2022;08:44:50;63;Sem vítima;343,000;BR-386/RS;Decrescente;Colisão traseira;1;0;0;0;0;0;0;0;0;0;1;0;0;0;0
11/04/2022;11:53:36;97;Com vítima;293,000;BR-386/RS;Crescente;Acidentes de outra natureza;0;0;0;0;0;0;0;0;0;0;0;0;0;0;0
11/04/2022;14:07:40;116;Com vítima;37,000;BR-290/RS;Decrescente;Colisão traseira;0;0;1;0;1;0;0;0;0;0;3;1;0;0;0
11/04/2022;17:25:04;138;Com vítima;345,000;BR-386/RS;Decrescente;Colisão transversal;0;0;0;0;0;1;0;0;0;0;1;0;0;0;0
11/04/2022;17:43:24;141;Sem vítima;307,000;BR-386/RS;Crescente;Choque;0;0;0;0;1;0;0;0;0;0;0;0;0;0;0
11/04/2022;19:17:57;150;Sem vítima;248,000;BR-386/RS;Crescente;Atropelamento de pedestre;0;0;0;0;0;0;0;0;0;0;0;0;0;0;0
11/04/2022;23:17:25;173;Sem vítima;89,000;BR-290/RS;Crescente;Colisão traseira;2;0;0;0;0;0;0;0;0;0;3;0;0;0;0
12/04/2022;00:54:08;7;Sem vítima;32,000;BR-290/RS;Crescente;Acidentes de outra natureza;0;0;0;0;0;0;0;0;0;0;0;0;0;0;0
12/04/2022;01:46:20;9;Sem vítima;403,000;BR-386/RS;Crescente;Atropelamento de animal;1;0;0;0;0;0;0;0;0;0;1;0;0;0;0
12/04/2022;03:53:49;16;Sem vítima;27,000;BR-101/RS;Decrescente;Acidentes de outra natureza;0;0;1;0;0;0;0;0;0;0;2;0;0;0;0
12/04/2022;04:28:18;17;Sem vítima;215,360;BR-386/RS;Crescente;Acidentes de outra natureza;1;0;0;0;0;0;0;0;0;0;1;0;0;0;0
12/04/2022;07:00:16;35;Com vítima;435,000;BR-386/RS;Decrescente;Colisão lateral no mesmo sentido;1;0;0;1;0;0;0;0;0;0;1;0;1;0;0
12/04/2022;10:48:36;116;Sem vítima;248,000;BR-386/RS;Decrescente;Colisão lateral no mesmo sentido;2;0;0;0;0;0;0;0;0;0;2;0;0;0;0
12/04/2022;14:18:31;162;Sem vítima;94,000;BR-290/RS;Decrescente;Colisão traseira;1;0;0;0;1;0;0;0;0;0;2;0;0;0;0
12/04/2022;14:53:43;168;Sem vítima;92,000;BR-290/RS;Crescente;Colisão lateral no mesmo sentido;2;0;0;0;0;0;0;0;0;0;3;0;0;0;0
12/04/2022;20:03:51;234;Com vítima;33,000;BR-290/RS;Decrescente;Colisão traseira;0;0;0;1;0;0;0;0;0;0;0;0;1;0;0
13/04/2022;05:59:29;20;Sem vítima;72,000;BR-290/RS;Crescente;Tombamento;0;0;0;0;0;0;0;0;0;0;0;0;0;0;0
13/04/2022;08:13:45;64;Sem vítima;52,000;BR-101/RS;Crescente;Tombamento;0;0;0;0;0;1;0;0;0;0;1;0;0;0;0
13/04/2022;12:17:58;148;Sem vítima;2,000;BR-290/RS;Decrescente;Acidentes de outra natureza;1;0;0;0;0;0;0;0;0;0;1;0;0;0;0