data;horario;n_da_ocorrencia;tipo_de_ocorrencia;km;trecho;sentido;tipo_de_acidente;automovel;bicicleta;caminhao;moto;onibus;outros;tracao_animal;transporte_de_cargas_especiais;trator_maquinas;utilitarios;ilesos;levemente_feridos;moderadamente_feridos;gravemente_feridos;mortos
13/04/2022;15:37:32;189;Sem vítima;83,000;BR-290/RS;Decrescente;Colisão lateral no mesmo sentido;2;0;0;0;0;0;0;0;0;0;2;0;0;0;0
13/04/2022;17:08:39;206;Sem vítima;439,000;BR-386/RS;Crescente;Choque;1;0;0;0;0;0;0;0;0;0;1;0;0;0;0
13/04/2022;18:19:53;224;Com vítima;90,000;BR-290/RS;Decrescente;Colisão lateral no mesmo sentido;1;0;0;1;0;0;0;0;0;0;2;1;0;0;0
13/04/2022;19:11:11;239;Sem vítima;60,000;BR-290/RS;Decrescente;Colisão transversal;1;0;0;0;0;0;0;0;0;0;3;0;0;0;0
13/04/2022;20:03:04;248;Sem vítima;92,000;BR-290/RS;Crescente;Colisão transversal;2;0;0;0;0;0;0;0;0;0;8;0;0;0;0
14/04/2022;01:19:22;8;Sem vítima;2,000;BR-290/RS;Decrescente;Colisão transversal;2;0;0;0;0;0;0;0;0;0;3;0;0;0;0
14/04/2022;04:02:41;18;Sem vítima;13,000;BR-101/RS;Decrescente;Tombamento;0;0;0;0;1;0;0;0;0;0;1;0;0;0;0
14/04/2022;05:22:06;23;Sem vítima;29,000;BR-290/RS;Crescente;Tombamento;0;0;0;0;0;0;0;0;0;0;0;0;0;0;0
14/04/2022;07:02:41;37;Sem vítima;259,000;BR-386/RS;Crescente;Choque;1;0;0;0;0;0;0;0;0;0;1;0;0;0;0
14/04/2022;08:12:17;66;Com vítima;443,000;BR-386/RS;Crescente;Colisão frontal;2;0;0;0;0;0;0;0;0;0;3;0;1;0;0
14/04/2022;09:08:52;81;Sem vítima;363,000;BR-386/RS;Decrescente;Colisão transversal;2;0;0;0;0;0;0;0;0;0;6;0;0;0;0
14/04/2022;15:17:59;158;Sem vítima;311,000;BR-386/RS;Decrescente;Acidentes de outra natureza;1;0;0;0;0;0;0;0;0;0;1;0;0;0;0
14/04/2022;17:26:07;196;Sem vítima;346,000;BR-386/RS;Decrescente;Engavetamento;3;0;0;0;0;0;0;0;0;0;10;0;0;0;0
14/04/2022;18:41:15;215;Sem vítima;345,000;BR-386/RS;Decrescente;Colisão traseira;2;0;0;0;0;0;0;0;0;0;3;0;0;0;0
14/04/2022;20:18:10;239;Sem vítima;425,000;BR-386/RS;Decrescente;Colisão traseira;1;0;1;0;0;0;0;0;0;0;6;0;0;0;0
14/04/2022;20:51:46;248;Sem vítima;12,000;BR-101/RS;Decrescente;Choque;1;0;0;0;0;0;0;0;0;0;0;0;0;0;0
14/04/2022;22:17:38;268;Sem vítima;285,000;BR-386/RS;Decrescente;Atropelamento de animal;1;0;0;0;0;0;0;0;0;0;3;0;0;0;0
15/04/2022;05:41:07;25;Sem vítima;327,000;BR-386/RS;Decrescente;Colisão traseira;1;0;0;0;0;0;0;0;0;0;1;0;0;0;0
15/04/2022;08:17:08;52;Sem vítima;307,000;BR-386/RS;Decrescente;Colisão traseira;2;0;0;0;0;0;0;0;0;0;4;0;0;0;0
15/04/2022;09:19:39;70;Sem vítima;410,000;BR-386/RS;Decrescente;Engavetamento;1;0;0;0;0;0;0;0;0;0;0;0;0;0;0
15/04/2022;10:24:53;85;Sem vítima;333,000;BR-386/RS;Crescente;Engavetamento;3;0;0;0;0;0;0;0;0;0;6;0;0;0;0
15/04/2022;10:44:26;90;Sem vítima;95,000;BR-290/RS;Crescente;Atropelamento de ciclista;1;0;0;0;0;0;0;0;0;0;0;0;0;0;0
15/04/2022;14:31:49;135;Sem vítima;406,000;BR-386/RS;Crescente;Acidentes de outra natureza;1;0;0;0;0;0;0;0;0;0;1;0;0;0;0
15/04/2022;14:45:40;136;Com vítima;10,000;BR-290/RS;Decrescente;Colisão traseira;2;0;0;0;0;0;0;0;0;0;2;1;0;0;0
15/04/2022;16:44:51;155;Sem vítima;434,000;BR-386/RS;Decrescente;Acidentes de outra natureza;1;0;0;0;0;0;0;0;0;0;0;0;0;0;0
15/04/2022;17:32:04;163;Sem vítima;92,000;BR-290/RS;Decrescente;Colisão traseira;2;0;0;0;0;0;0;0;0;0;2;0;0;0;0
16/04/2022;07:43:41;29;Com vítima;75,000;BR-290/RS;Decrescente;Queda de moto;0;0;0;1;0;0;0;0;0;0;1;1;0;0;0
16/04/2022;15:47:44;101;Sem vítima;17,000;BR-101/RS;Crescente;Colisão traseira;1;0;0;0;0;0;0;0;0;0;0;0;0;0;0
17/04/2022;06:23:14;24;Sem vítima;70,000;BR-290/RS;Decrescente;Acidentes de outra natureza;1;0;0;0;0;0;0;0;0;0;0;0;0;0;0
17/04/2022;10:22:20;44;Sem vítima;62,000;BR-290/RS;Decrescente;Colisão traseira;2;0;0;0;0;0;0;0;0;0;3;0;0;0;0
17/04/2022;14:20:39;78;Sem vítima;338,000;BR-386/RS;Crescente;Colisão traseira;2;0;0;0;0;0;0;0;0;0;8;0;0;0;0
17/04/2022;15:03:02;85;Sem vítima;283,000;BR-386/RS;Decrescente;Engavetamento;1;0;0;0;0;0;0;0;0;0;0;0;0;0;0
17/04/2022;16:45:12;104;Sem vítima;326,000;BR-386/RS;Crescente;Colisão traseira;2;0;0;0;0;0;0;0;0;0;5;0;0;0;0
17/04/2022;17:05:48;111;Sem vítima;216,000;BR-386/RS;Decrescente;Colisão traseira;1;0;0;0;0;0;0;0;0;0;2;0;0;0;0
17/04/2022;17:47:21;123;Sem vítima;94,000;BR-290/RS;Crescente;Colisão lateral no mesmo sentido;1;0;0;1;0;0;0;0;0;0;4;0;0;0;0
17/04/2022;19:03:13;151;Sem vítima;219,000;BR-386/RS;Crescente;Colisão transversal;2;0;0;0;0;0;0;0;0;0;2;0;0;0;0
17/04/2022;19:50:43;167;Sem vítima;31,000;BR-290/RS;Crescente;Engavetamento;2;0;0;0;0;0;0;0;0;0;4;0;0;0;0
17/04/2022;19:53:26;168;Sem vítima;306,000;BR-386/RS;Crescente;Colisão traseira;2;0;0;0;0;0;0;0;0;0;4;0;0;0;0
18/04/2022;06:03:52;18;Sem vítima;325,000;BR-386/RS;Decrescente;Acidentes de outra natureza;0;0;0;0;0;0;0;0;0;0;1;0;0;0;0
18/04/2022;09:22:44;71;Com vítima;95,000;BR-290/RS;Crescente;Colisão traseira;2;0;0;0;0;0;0;0;0;0;2;0;1;0;0
18/04/2022;11:45:46;114;Sem vítima;194,000;BR-386/RS;Decrescente;Acidentes de outra natureza;1;0;0;0;0;0;0;0;0;0;2;0;0;0;0
18/04/2022;13:09:09;148;Sem vítima;295,000;BR-386/RS;Crescente;Colisão traseira;1;0;0;0;0;0;0;0;0;0;4;0;0;0;0
18/04/2022;17:47:31;220;Sem vítima;245,000;BR-386/RS;Decrescente;Colisão lateral no mesmo sentido;1;0;0;0;0;0;0;0;0;0;3;0;0;0;0
19/04/2022;02:58:44;12;Com vítima;50,000;BR-290/RS;Decrescente;Acidentes de outra natureza;0;0;0;0;0;0;0;0;0;0;0;0;0;0;0
19/04/2022;07:55:19;59;Sem vítima;96,000;BR-290/RS;Crescente;Colisão traseira;2;0;0;1;0;0;0;0;0;0;5;0;0;0;0
19/04/2022;08:11:23;65;Sem vítima;415,000;BR-386/RS;Decrescente;Acidentes de outra natureza;0;0;0;0;0;0;0;0;0;0;0;0;0;0;0
19/04/2022;10:19:04;118;Com vítima;20,000;BR-101/RS;Decrescente;Colisão lateral no mesmo sentido;2;0;0;0;0;0;0;0;0;0;0;0;2;0;0
19/04/2022;10:54:38;129;Sem vítima;278,000;BR-386/RS;Crescente;Acidentes de outra natureza;1;0;0;0;0;0;0;0;0;0;1;0;0;0;0
19/04/2022;11:59:18;144;Sem vítima;345,000;BR-386/RS;Decrescente;Engavetamento;1;0;0;1;0;0;0;0;0;0;2;0;0;0;0
19/04/2022;12:35:03;153;Sem vítima;446,000;BR-386/RS;Decrescente;Colisão traseira;1;0;0;0;0;0;0;0;0;0;1;0;0;0;0
19/04/2022;15:51:57;200;Sem vítima;311,000;BR-386/RS;Crescente;Colisão traseira;2;0;0;0;0;0;0;0;0;0;2;0;0;0;0
19/04/2022;17:36:10;226;Com vítima;247,000;BR-386/RS;Decrescente;Colisão transversal;1;0;1;0;0;0;0;0;0;0;1;0;1;0;0
19/04/2022;17:36:32;227;Sem vítima;433,000;BR-386/RS;Crescente;Colisão traseira;0;0;0;0;0;0;0;0;0;0;0;0;0;0;0
19/04/2022;18:22:30;235;Sem vítima;433,000;BR-386/RS;Decrescente;Choque;1;0;0;0;0;0;0;0;0;0;2;0;0;0;0
19/04/2022;19:33:47;252;Sem vítima;345,000;BR-386/RS;Crescente;Colisão transversal;1;0;0;0;0;0;0;0;0;0;1;0;0;0;0
19/04/2022;21:42:42;279;Sem vítima;60,000;BR-101/RS;Crescente;Capotamento;1;0;0;0;0;0;0;0;0;0;1;0;0;0;0
19/04/2022;22:45:45;285;Sem vítima;41,000;BR-290/RS;Crescente;Acidentes de outra natureza;0;0;0;0;1;0;0;0;0;0;1;0;0;0;0
19/04/2022;23:58:56;296;Com vítima;242,000;BR-386/RS;Crescente;Acidentes de outra natureza;0;0;0;0;0;0;0;0;0;0;0;0;0;0;0
20/04/2022;04:31:45;13;Sem vítima;41,000;BR-101/RS;Decrescente;Tombamento;0;0;0;0;1;0;0;0;0;0;1;0;0;0;0
20/04/2022;20:13:44;240;Com vítima;389,000;BR-386/RS;Crescente;Colisão traseira;2;0;0;1;0;0;0;0;0;0;2;2;0;0;0
21/04/2022;01:57:05;8;Sem vítima;399,000;BR-386/RS;Decrescente;Acidentes de outra natureza;1;0;0;0;0;0;0;0;0;0;1;0;0;0;0
21/04/2022;02:38:20;11;Sem vítima;347,000;BR-386/RS;Crescente;Choque;1;0;0;0;0;0;0;0;0;0;1;0;0;0;0
21/04/2022;06:44:41;33;Sem vítima;80,000;BR-290/RS;Decrescente;Acidentes de outra natureza;1;0;0;0;0;0;0;0;0;0;1;0;0;0;0
21/04/2022;08:31:32;52;Sem vítima;10,000;BR-101/RS;Decrescente;Colisão traseira;1;0;0;0;0;0;0;0;0;0;1;0;0;0;0
21/04/2022;10:11:30;76;Sem vítima;62,000;BR-290/RS;Decrescente;Colisão lateral no mesmo sentido;1;0;0;0;0;0;0;0;0;0;1;0;0;0;0
21/04/2022;10:21:32;79;Sem vítima;215,000;BR-386/RS;Crescente;Colisão traseira;2;0;0;0;0;0;0;0;0;0;7;0;0;0;0
21/04/2022;11:01:28;91;Sem vítima;10,000;BR-101/RS;Crescente;Colisão traseira;1;0;0;0;0;0;0;0;0;0;1;0;0;0;0
21/04/2022;11:05:19;93;Sem vítima;342,000;BR-386/RS;Decrescente;Colisão traseira;2;0;0;0;0;0;0;0;0;0;3;0;0;0;0
21/04/2022;11:39:20;100;Sem vítima;270,000;BR-386/RS;Decrescente;Colisão transversal;2;0;0;0;0;0;0;0;0;0;2;0;0;0;0
21/04/2022;12:01:23;106;Sem vítima;19,000;BR-101/RS;Decrescente;Colisão lateral no mesmo sentido;1;0;0;0;0;0;0;0;0;0;1;0;0;0;0
21/04/2022;16:22:42;142;Com vítima;346,000;BR-386/RS;Decrescente;Colisão traseira;0;0;1;1;0;0;0;0;0;0;2;1;0;0;0
21/04/2022;19:00:33;166;Com vítima;342,000;BR-386/RS;Crescente;Colisão transversal;2;0;0;0;0;0;0;0;0;0;1;1;0;0;0
22/04/2022;15:53:11;182;Com vítima;338,000;BR-386/RS;Decrescente;Colisão transversal;2;0;0;0;0;0;0;0;0;0;7;1;0;0;0
22/04/2022;16:36:38;188;Sem vítima;353,000;BR-386/RS;Decrescente;Colisão lateral no mesmo sentido;1;0;0;0;0;1;0;0;0;0;5;0;0;0;0
23/04/2022;03:26:00;7;Com vítima;3,000;BR-290/RS;Crescente;Colisão transversal;2;0;0;0;0;0;0;0;0;0;1;1;0;1;0
23/04/2022;04:10:28;13;Sem vítima;64,000;BR-290/RS;Crescente;Atropelamento de animal;1;0;0;0;0;0;0;0;0;0;1;0;0;0;0
23/04/2022;04:34:57;17;Sem vítima;94,000;BR-290/RS;Decrescente;Capotamento;1;0;0;0;0;0;0;0;0;0;1;0;0;0;0
23/04/2022;05:54:47;23;Sem vítima;29,000;BR-290/RS;Decrescente;Acidentes de outra natureza;1;0;0;0;0;0;0;0;0;0;1;0;0;0;0
23/04/2022;09:11:31;73;Sem vítima;440,000;BR-386/RS;Decrescente;Colisão traseira;1;0;0;0;0;0;0;0;0;0;1;0;0;0;0
23/04/2022;17:38:36;162;Sem vítima;91,000;BR-290/RS;Decrescente;Colisão lateral no mesmo sentido;2;0;0;0;0;0;0;0;0;0;3;0;0;0;0
23/04/2022;18:10:38;167;Com vítima;202,000;BR-386/RS;Crescente;Engavetamento;2;0;0;0;0;0;0;0;0;0;1;2;0;0;0
23/04/2022;22:27:13;203;Sem vítima;92,000;BR-290/RS;Crescente;Acidentes de outra natureza;1;0;0;0;0;0;0;0;0;0;1;0;0;0;0
24/04/2022;05:03:14;19;Com vítima;20,000;BR-101/RS;Decrescente;Choque;1;0;0;0;0;0;0;0;0;0;0;0;0;0;1
24/04/2022;05:49:57;27;Sem vítima;80,000;BR-290/RS;Decrescente;Choque;1;0;0;0;0;0;0;0;0;0;1;0;0;0;0
24/04/2022;07:50:02;46;Com vítima;247,000;BR-386/RS;Decrescente;Colisão transversal;2;0;0;0;0;0;0;0;0;0;3;0;2;0;0
24/04/2022;09:31:25;58;Sem vítima;305,000;BR-386/RS;Crescente;Capotamento;1;0;0;0;0;0;0;0;0;0;2;0;0;0;0
24/04/2022;12:43:39;98;Sem vítima;296,000;BR-386/RS;Decrescente;Colisão lateral no mesmo sentido;1;0;0;0;0;0;0;0;0;0;2;0;0;0;0
24/04/2022;16:27:53;134;Com vítima;358,000;BR-386/RS;Crescente;Acidentes de outra natureza;1;0;0;0;0;0;0;0;0;0;0;0;1;0;0
24/04/2022;19:54:41;178;Com vítima;306,000;BR-386/RS;Crescente;Acidentes de outra natureza;1;0;0;0;0;0;0;0;0;0;1;1;0;0;0
24/04/2022;21:46:59;191;Sem vítima;440,000;BR-386/RS;Decrescente;Acidentes de outra natureza;1;0;0;0;0;0;0;0;0;0;1;0;0;0;0
25/04/2022;04:57:08;14;Sem vítima;446,000;BR-386/RS;Crescente;Choque;1;0;0;0;0;0;0;0;0;0;1;0;0;0;0
25/04/2022;09:59:14;110;Sem vítima;435,000;BR-386/RS;Decrescente;Colisão transversal;2;0;0;0;0;0;0;0;0;0;5;0;0;0;0
25/04/2022;14:29:45;183;Com vítima;41,000;BR-290/RS;Crescente;Acidentes de outra natureza;1;0;0;0;0;0;0;0;0;0;0;0;1;0;0
25/04/2022;15:45:06;199;Sem vítima;19,000;BR-101/RS;Crescente;Colisão traseira;1;0;0;0;0;0;0;0;0;0;1;0;0;0;0
25/04/2022;19:54:28;247;Sem vítima;71,000;BR-290/RS;Crescente;Queda de moto;0;0;0;1;0;0;0;0;0;0;1;0;0;0;0
25/04/2022;22:39:16;277;Sem vítima;16,000;BR-290/RS;Decrescente;Colisão traseira;1;0;1;0;0;0;0;0;0;0;3;0;0;0;0
25/04/2022;22:50:41;281;Sem vítima;361,000;BR-386/RS;Decrescente;Acidentes de outra natureza;1;0;0;0;0;0;0;0;0;0;2;0;0;0;0
26/04/2022;04:17:05;16;Sem vítima;304,000;BR-386/RS;Decrescente;Acidentes de outra natureza;0;0;1;0;0;0;0;0;0;0;2;0;0;0;0
26/04/2022;08:45:59;63;Sem vítima;22,000;BR-101/RS;Crescente;Choque;1;0;0;0;0;0;0;0;0;0;1;0;0;0;0
26/04/2022;13:45:24;123;Sem vítima;350,000;BR-386/RS;Decrescente;Acidentes de outra natureza;1;0;0;0;0;0;0;0;0;0;1;0;0;0;0
26/04/2022;17:33:48;156;Sem vítima;304,000;BR-386/RS;Crescente;Acidentes de outra natureza;0;0;0;0;0;0;0;0;0;0;0;0;0;0;0
26/04/2022;20:19:29;182;Sem vítima;86,000;BR-290/RS;Crescente;Colisão traseira;1;0;0;0;0;0;0;0;0;0;1;0;0;0;0
26/04/2022;21:03:02;187;Sem vítima;267,000;BR-386/RS;Crescente;Colisão lateral no mesmo sentido;2;0;0;0;0;0;0;0;0;0;9;0;0;0;0
26/04/2022;21:46:20;196;Sem vítima;373,000;BR-386/RS;Crescente;Acidentes de outra natureza;1;0;0;0;0;0;0;0;0;0;1;0;0;0;0
27/04/2022;06:16:49;19;Sem vítima;88,000;BR-290/RS;Crescente;Queda de moto;0;0;0;1;0;0;0;0;0;0;2;0;0;0;0
27/04/2022;23:45:34;277;Sem vítima;35,000;BR-290/RS;Crescente;Colisão lateral no mesmo sentido;0;0;0;0;1;0;0;0;0;0;1;0;0;0;0
28/04/2022;00:28:43;3;Com vítima;228,000;BR-386/RS;Crescente;Acidentes de outra natureza;1;0;0;0;0;0;0;0;0;0;0;0;1;0;0
28/04/2022;04:24:19;12;Sem vítima;70,000;BR-290/RS;Crescente;Acidentes de outra natureza;1;0;0;0;0;0;0;0;0;0;1;0;0;0;0
28/04/2022;06:40:10;18;Sem vítima;42,000;BR-290/RS;Decrescente;Acidentes de outra natureza;1;0;0;0;0;0;0;0;0;0;1;0;0;0;0
28/04/2022;07:14:28;34;Sem vítima;15,000;BR-101/RS;Decrescente;Colisão lateral no mesmo sentido;2;0;0;0;0;0;0;0;0;0;2;0;0;0;0
28/04/2022;07:50:59;49;Sem vítima;290,000;BR-386/RS;Decrescente;Colisão lateral no mesmo sentido;1;0;0;0;0;0;0;0;0;0;1;0;0;0;0
28/04/2022;11:21:45;111;Sem vítima;348,000;BR-386/RS;Crescente;Acidentes de outra natureza;1;0;0;0;0;0;0;0;0;0;1;0;0;0;0
28/04/2022;11:32:43;112;Sem vítima;341,000;BR-386/RS;Decrescente;Colisão traseira;0;0;0;0;0;0;0;0;0;0;0;0;0;0;0
28/04/2022;11:55:48;115;Sem vítima;324,000;BR-386/RS;Crescente;Acidentes de outra natureza;1;0;0;0;0;0;0;0;0;0;3;0;0;0;0
28/04/2022;12:16:34;120;Sem vítima;75,060;BR-290/RS;Crescente;Acidentes de outra natureza;1;0;0;0;0;0;0;0;0;0;1;0;0;0;0
28/04/2022;12:19:16;121;Sem vítima;333,000;BR-386/RS;Crescente;Colisão traseira;1;0;0;0;0;0;0;0;0;0;1;0;0;0;0
28/04/2022;12:48:19;126;Sem vítima;91,000;BR-290/RS;Decrescente;Colisão lateral no mesmo sentido;0;0;0;0;1;0;0;0;0;0;1;0;0;0;0
28/04/2022;16:48:58;159;Sem vítima;420,000;BR-386/RS;Crescente;Capotamento;1;0;0;0;0;0;0;0;0;0;1;0;0;0;0
28/04/2022;21:24:39;215;Sem vítima;307,000;BR-386/RS;Crescente;Acidentes de outra natureza;0;0;0;0;0;0;0;0;0;0;0;0;0;0;0
29/04/2022;11:00:16;115;Sem vítima;22,000;BR-101/RS;Decrescente;Queda de moto;0;0;0;1;0;0;0;0;0;0;0;0;0;0;0
29/04/2022;14:05:31;153;Sem vítima;91,000;BR-290/RS;Decrescente;Colisão lateral no mesmo sentido;2;0;0;0;0;0;0;0;0;0;5;0;0;0;0
29/04/2022;17:34:15;197;Sem vítima;88,000;BR-290/RS;Decrescente;Choque;1;0;0;0;0;0;0;0;0;0;1;0;0;0;0
29/04/2022;17:44:43;201;Com vítima;355,000;BR-386/RS;Decrescente;Colisão lateral no mesmo sentido;0;0;1;1;0;0;0;0;0;0;1;0;1;0;0
29/04/2022;18:33:10;208;Sem vítima;14,000;BR-101/RS;Decrescente;Capotamento;1;0;0;0;0;0;0;0;0;0;0;0;0;0;0
29/04/2022;18:58:10;219;Sem vítima;34,000;BR-101/RS;Decrescente;Queda de moto;0;0;0;1;0;0;0;0;0;0;0;0;0;0;0
29/04/2022;19:45:06;253;Sem vítima;88,000;BR-290/RS;Decrescente;Choque;0;0;0;0;0;0;0;0;0;0;0;0;0;0;0
29/04/2022;19:55:22;235;Com vítima;22,000;BR-290/RS;Crescente;Choque;0;0;1;0;1;0;0;0;0;0;1;0;2;0;0
29/04/2022;21:18:24;248;Sem vítima;22,000;BR-290/RS;Crescente;Choque;1;0;0;0;0;0;0;0;0;0;4;0;0;0;0
29/04/2022;22:02:28;258;Sem vítima;426,000;BR-386/RS;Decrescente;Choque;1;0;0;0;0;0;0;0;0;0;3;0;0;0;0
30/04/2022;04:38:09;13;Sem vítima;445,000;BR-386/RS;Crescente;Choque;1;0;0;0;0;0;0;0;0;0;1;0;0;0;0
30/04/2022;09:28:58;68;Sem vítima;427,000;BR-386/RS;Decrescente;Colisão traseira;2;0;0;0;0;0;0;0;0;0;3;0;0;0;0
30/04/2022;11:33:18;95;Sem vítima;325,000;BR-386/RS;Crescente;Colisão traseira;2;0;0;0;0;0;0;0;0;0;2;0;0;0;0
30/04/2022;13:14:28;116;Sem vítima;9,000;BR-101/RS;Crescente;Colisão lateral no mesmo sentido;1;0;0;0;0;0;0;0;0;0;0;0;0;0;0
30/04/2022;14:33:35;138;Sem vítima;239,000;BR-386/RS;Crescente;Colisão traseira;2;0;0;0;0;0;0;0;0;0;6;0;0;0;0
30/04/2022;15:13:29;145;Sem vítima;358,000;BR-386/RS;Crescente;Colisão traseira;2;0;0;0;0;0;0;0;0;0;7;0;0;0;0
30/04/2022;16:32:14;166;Sem vítima;392,000;BR-386/RS;Crescente;Queda de moto;0;0;0;0;0;0;0;0;0;0;0;0;0;0;0
30/04/2022;19:14:23;192;Sem vítima;426,000;BR-386/RS;Decrescente;Colisão traseira;2;0;0;0;0;0;0;0;0;0;3;0;0;0;0
30/04/2022;19:48:03;201;Com vítima;363,000;BR-386/RS;Decrescente;Colisão transversal;2;0;0;0;0;0;0;0;0;0;0;1;1;0;0
30/04/2022;20:19:45;207;Sem vítima;443,550;BR-386/RS;Decrescente;Atropelamento de animal;1;0;0;0;0;0;0;0;0;0;2;0;0;0;0
30/04/2022;21:45:08;224;Sem vítima;368,000;BR-386/RS;Decrescente;Capotamento;1;0;0;0;0;0;0;0;0;0;1;0;0;0;0
30/04/2022;22:08:51;229;Sem vítima;435,130;BR-386/RS;Decrescente;Acidentes de outra natureza;1;0;0;0;0;0;0;0;0;0;4;0;0;0;0
01/05/2022;00:08:57;1;Com vítima;431,000;BR-386/RS;Decrescente;Engavetamento;3;0;0;0;1;0;0;0;0;0;7;2;0;0;0
01/05/2022;09:25:27;41;Sem vítima;22,000;BR-101/RS;Crescente;Choque;1;0;0;0;0;0;0;0;0;0;1;0;0;0;0
01/05/2022;11:27:15;55;Sem vítima;14,000;BR-101/RS;Crescente;Colisão lateral no mesmo sentido;1;0;0;0;0;0;0;0;0;0;5;0;0;0;0
01/05/2022;11:54:30;59;Sem vítima;372,000;BR-386/RS;Crescente;Choque;1;0;0;0;0;0;0;0;0;0;0;0;0;0;0
01/05/2022;16:01:02;91;Sem vítima;49,000;BR-101/RS;Decrescente;Choque;1;0;0;0;0;0;0;0;0;0;1;0;0;0;0
01/05/2022;16:59:29;108;Sem vítima;23,000;BR-290/RS;Decrescente;Acidentes de outra natureza;0;0;0;0;1;0;0;0;0;0;3;0;0;0;0
02/05/2022;06:04:41;12;Sem vítima;306,000;BR-386/RS;Decrescente;Tombamento;0;0;1;0;0;0;0;0;0;0;1;0;0;0;0
02/05/2022;06:18:59;13;Sem vítima;354,000;BR-386/RS;Crescente;Acidentes de outra natureza;1;0;0;0;0;0;0;0;0;0;1;0;0;0;0
02/05/2022;07:44:10;21;Sem vítima;20,000;BR-101/RS;Crescente;Acidentes de outra natureza;1;0;0;0;0;0;0;0;0;0;1;0;0;0;0
02/05/2022;08:05:37;26;Sem vítima;446,000;BR-386/RS;Crescente;Acidentes de outra natureza;1;0;0;0;0;0;0;0;0;0;1;0;0;0;0
02/05/2022;09:21:17;48;Sem vítima;45,000;BR-290/RS;Decrescente;Colisão traseira;2;0;0;0;0;0;0;0;0;0;4;0;0;0;0
02/05/2022;10:14:18;60;Sem vítima;65,000;BR-290/RS;Crescente;Tombamento;0;0;0;0;0;0;0;0;0;1;1;0;0;0;0
02/05/2022;13:49:34;100;Sem vítima;21,000;BR-101/RS;Decrescente;Acidentes de outra natureza;0;0;1;0;0;0;0;0;0;0;1;0;0;0;0
02/05/2022;17:06:38;128;Sem vítima;60,000;BR-290/RS;Decrescente;Acidentes de outra natureza;1;0;0;0;0;0;0;0;0;0;1;0;0;0;0
02/05/2022;22:29:09;172;Sem vítima;29,000;BR-290/RS;Crescente;Acidentes de outra natureza;1;0;0;0;0;0;0;0;0;0;3;0;0;0;0
03/05/2022;00:07:23;2;Sem vítima;372,000;BR-386/RS;Decrescente;Acidentes de outra natureza;1;0;0;0;0;0;0;0;0;0;2;0;0;0;0
03/05/2022;09:39:47;67;Sem vítima;48,000;BR-290/RS;Crescente;Acidentes de outra natureza;1;0;0;0;0;0;0;0;0;0;1;0;0;0;0
03/05/2022;12:48:42;135;Sem vítima;432,000;BR-386/RS;Decrescente;Colisão traseira;2;0;0;0;0;0;0;0;0;0;4;0;0;0;0
03/05/2022;13:41:27;147;Com vítima;7,250;BR-101/RS;Decrescente;Acidentes de outra natureza;1;0;0;0;0;0;0;0;0;0;0;1;0;0;0
03/05/2022;18:05:19;199;Sem vítima;343,000;BR-386/RS;Decrescente;Colisão traseira;1;0;0;0;0;0;0;0;0;0;1;0;0;0;0
03/05/2022;21:54:55;243;Sem vítima;236,000;BR-386/RS;Decrescente;Tombamento;0;0;0;0;1;0;0;0;0;0;1;0;0;0;0
04/05/2022;02:58:14;14;Sem vítima;303,000;BR-386/RS;Decrescente;Acidentes de outra natureza;0;0;1;0;0;0;0;0;0;0;1;0;0;0;0
04/05/2022;06:52:17;32;Sem vítima;297,000;BR-386/RS;Decrescente;Acidentes de outra natureza;1;0;0;0;0;0;0;0;0;0;2;0;0;0;0
04/05/2022;09:47:48;104;Sem vítima;14,000;BR-290/RS;Decrescente;Colisão traseira;1;0;0;0;1;0;0;0;0;0;2;0;0;0;0
04/05/2022;10:36:19;120;Sem vítima;232,000;BR-386/RS;Decrescente;Acidentes de outra natureza;1;0;0;0;0;0;0;0;0;0;1;0;0;0;0
04/05/2022;11:38:21;139;Com vítima;35,000;BR-101/RS;Decrescente;Choque;1;0;0;0;0;0;0;0;0;0;0;0;1;0;0
04/05/2022;14:30:39;169;Sem vítima;88,000;BR-290/RS;Crescente;Choque;1;0;0;0;0;0;0;0;0;0;0;0;0;0;0
04/05/2022;15:13:14;177;Sem vítima;407,000;BR-386/RS;Crescente;Acidentes de outra natureza;1;0;0;0;0;0;0;0;0;0;3;0;0;0;0
04/05/2022;20:43:43;235;Com vítima;342,000;BR-386/RS;Decrescente;Colisão lateral no mesmo sentido;1;0;0;1;0;0;0;0;0;0;1;0;1;0;0
05/05/2022;07:31:05;39;Sem vítima;228,000;BR-386/RS;Decrescente;Colisão lateral no mesmo sentido;0;0;2;0;0;1;0;0;0;0;4;0;0;0;0
05/05/2022;08:57:20;77;Sem vítima;15,000;BR-101/RS;Decrescente;Queda de moto;0;0;0;1;0;0;0;0;0;0;2;0;0;0;0
05/05/2022;12:42:57;149;Sem vítima;89,000;BR-290/RS;Decrescente;Colisão traseira;2;0;0;0;0;0;0;0;0;0;2;0;0;0;0
05/05/2022;15:16:50;196;Sem vítima;6,000;BR-290/RS;Decrescente;Tombamento;0;0;1;0;0;0;0;0;0;0;1;0;0;0;0