data;horario;n_da_ocorrencia;tipo_de_ocorrencia;km;trecho;sentido;tipo_de_acidente;automovel;bicicleta;caminhao;moto;onibus;outros;tracao_animal;transporte_de_cargas_especiais;trator_maquinas;utilitarios;ilesos;levemente_feridos;moderadamente_feridos;gravemente_feridos;mortos
15/06/2022;19:59:57;242;Sem vítima;345,000;BR-386/RS;Decrescente;Acidentes de outra natureza;1;0;0;0;0;0;0;0;0;0;1;0;0;0;0
15/06/2022;21:38:24;260;Com vítima;435,000;BR-386/RS;Decrescente;Colisão traseira;2;0;0;0;0;0;0;0;0;0;0;2;0;0;0
16/06/2022;09:28:15;77;Sem vítima;426,000;BR-386/RS;Decrescente;Colisão traseira;1;0;0;0;0;0;0;0;0;0;1;0;0;0;0
16/06/2022;09:44:50;81;Sem vítima;303,000;BR-386/RS;Crescente;Acidentes de outra natureza;1;0;0;0;0;0;0;0;0;0;1;0;0;0;0
16/06/2022;12:02:59;114;Sem vítima;41,000;BR-101/RS;Crescente;Colisão traseira;2;0;0;0;0;0;0;0;0;0;2;0;0;0;0
16/06/2022;18:48:04;187;Sem vítima;52,000;BR-101/RS;Decrescente;Acidentes de outra natureza;1;0;0;0;0;0;0;0;0;0;0;0;0;0;0
17/06/2022;00:04:41;1;Sem vítima;42,000;BR-101/RS;Crescente;Acidentes de outra natureza;1;0;0;0;0;0;0;0;0;0;1;0;0;0;0
17/06/2022;07:20:36;33;Sem vítima;335,000;BR-386/RS;Crescente;Colisão traseira;1;0;0;0;0;0;0;0;0;0;1;0;0;0;0
17/06/2022;07:35:02;34;Sem vítima;352,000;BR-386/RS;Crescente;Acidentes de outra natureza;1;0;0;0;0;0;0;0;0;0;1;0;0;0;0
17/06/2022;07:43:36;35;Com vítima;68,000;BR-101/RS;Crescente;Choque;1;0;0;0;0;0;0;0;0;0;0;0;1;0;0
17/06/2022;08:38:05;42;Sem vítima;34,000;BR-290/RS;Crescente;Colisão traseira;1;0;0;0;0;0;0;0;0;0;1;0;0;0;0
17/06/2022;09:07:17;44;Sem vítima;3,000;BR-101/RS;Crescente;Choque;1;0;0;0;0;0;0;0;0;0;0;0;0;0;0
17/06/2022;09:47:15;47;Sem vítima;397,000;BR-386/RS;Crescente;Tombamento;0;0;0;0;1;0;0;0;0;0;1;0;0;0;0
17/06/2022;10:35:51;51;Sem vítima;29,000;BR-290/RS;Decrescente;Choque;1;0;0;0;0;0;0;0;0;0;0;0;0;0;0
17/06/2022;11:09:49;60;Sem vítima;15,000;BR-290/RS;Crescente;Colisão lateral no mesmo sentido;1;0;0;0;0;0;0;0;0;0;1;0;0;0;0
17/06/2022;12:16:50;71;Sem vítima;2,000;BR-101/RS;Decrescente;Colisão lateral no mesmo sentido;1;0;0;0;0;0;0;0;0;0;1;0;0;0;0
17/06/2022;13:47:33;83;Sem vítima;360,000;BR-386/RS;Decrescente;Acidentes de outra natureza;0;0;0;0;1;0;0;0;0;0;0;0;0;0;0
17/06/2022;14:11:56;88;Sem vítima;18,000;BR-101/RS;Decrescente;Choque;0;0;0;0;1;0;0;0;0;0;1;0;0;0;0
17/06/2022;15:26:05;98;Sem vítima;86,000;BR-290/RS;Decrescente;Colisão lateral no mesmo sentido;0;0;2;0;0;0;0;0;0;0;2;0;0;0;0
17/06/2022;16:42:15;104;Sem vítima;86,000;BR-290/RS;Crescente;Colisão lateral no mesmo sentido;1;0;0;0;0;0;0;0;0;0;1;0;0;0;0
17/06/2022;17:21:40;110;Sem vítima;10,000;BR-101/RS;Decrescente;Engavetamento;1;0;0;0;0;0;0;0;0;0;1;0;0;0;0
17/06/2022;17:30:40;113;Sem vítima;326,000;BR-386/RS;Decrescente;Colisão transversal;0;0;0;0;0;0;0;0;0;0;0;0;0;0;0
17/06/2022;18:16:36;119;Sem vítima;52,000;BR-290/RS;Decrescente;Acidentes de outra natureza;0;0;0;0;0;0;0;0;0;0;0;0;0;0;0
17/06/2022;21:45:02;163;Sem vítima;51,000;BR-101/RS;Crescente;Acidentes de outra natureza;1;0;0;0;0;0;0;0;0;0;1;0;0;0;0
18/06/2022;02:53:07;20;Sem vítima;55,000;BR-290/RS;Decrescente;Acidentes de outra natureza;1;0;0;0;0;0;0;0;0;0;1;0;0;0;0
18/06/2022;06:01:21;28;Sem vítima;353,000;BR-386/RS;Crescente;Atropelamento de ciclista;1;0;0;0;0;0;0;0;0;0;1;0;0;0;0
18/06/2022;07:08:23;37;Sem vítima;356,000;BR-386/RS;Decrescente;Colisão lateral no mesmo sentido;1;0;0;0;0;0;0;0;0;0;1;0;0;0;0
18/06/2022;08:05:21;52;Sem vítima;37,000;BR-101/RS;Crescente;Acidentes de outra natureza;1;0;0;0;0;0;0;0;0;0;1;0;0;0;0
18/06/2022;12:07:03;92;Sem vítima;293,000;BR-386/RS;Crescente;Acidentes de outra natureza;1;0;0;0;0;0;0;0;0;0;1;0;0;0;0
18/06/2022;15:27:00;129;Sem vítima;420,000;BR-386/RS;Decrescente;Acidentes de outra natureza;1;0;0;0;0;0;0;0;0;0;1;0;0;0;0
18/06/2022;15:42:28;131;Sem vítima;75,000;BR-290/RS;Crescente;Colisão traseira;0;0;0;1;0;0;0;0;0;0;1;0;0;0;0
18/06/2022;17:56:48;153;Sem vítima;273,000;BR-386/RS;Decrescente;Capotamento;0;0;0;0;0;0;0;0;0;0;0;0;0;0;0
19/06/2022;03:23:59;12;Sem vítima;442,000;BR-386/RS;Decrescente;Colisão lateral no mesmo sentido;1;0;0;0;0;0;0;0;0;0;1;0;0;0;0
19/06/2022;09:47:55;40;Sem vítima;1,000;BR-101/RS;Crescente;Choque;1;0;0;0;0;0;0;0;0;0;1;0;0;0;0
19/06/2022;11:56:59;54;Sem vítima;91,000;BR-290/RS;Decrescente;Colisão transversal;1;0;0;0;0;0;0;0;0;0;1;0;0;0;0
19/06/2022;13:21:31;64;Sem vítima;367,000;BR-386/RS;Decrescente;Colisão transversal;0;0;0;2;0;0;0;0;0;0;2;0;0;0;0
19/06/2022;16:01:23;90;Sem vítima;270,000;BR-386/RS;Crescente;Colisão traseira;1;0;0;0;0;0;0;0;0;0;1;0;0;0;0
19/06/2022;16:20:46;94;Sem vítima;415,000;BR-386/RS;Decrescente;Acidentes de outra natureza;1;0;0;0;0;0;0;0;0;0;1;0;0;0;0
19/06/2022;16:23:34;97;Sem vítima;392,000;BR-386/RS;Crescente;Engavetamento;0;0;0;0;0;0;0;0;0;0;0;0;0;0;0
19/06/2022;18:19:39;130;Sem vítima;387,000;BR-386/RS;Crescente;Colisão traseira;1;0;0;0;0;0;0;0;0;0;1;0;0;0;0
19/06/2022;18:33:15;138;Sem vítima;284,000;BR-386/RS;Crescente;Acidentes de outra natureza;1;0;0;0;0;0;0;0;0;0;1;0;0;0;0
19/06/2022;22:29:31;176;Sem vítima;9,000;BR-101/RS;Crescente;Acidentes de outra natureza;1;0;0;0;0;0;0;0;0;0;1;0;0;0;0
20/06/2022;00:30:42;6;Sem vítima;80,000;BR-290/RS;Decrescente;Acidentes de outra natureza;1;0;0;0;0;0;0;0;0;0;1;0;0;0;0
20/06/2022;00:44:00;8;Com vítima;345,000;BR-386/RS;Crescente;Choque;1;0;0;0;0;0;0;0;0;0;0;1;0;0;0
20/06/2022;08:15:07;90;Sem vítima;72,000;BR-101/RS;Crescente;Colisão lateral no mesmo sentido;0;0;1;0;0;0;0;0;0;0;1;0;0;0;0
20/06/2022;08:30:42;94;Sem vítima;8,000;BR-101/RS;Crescente;Colisão traseira;0;0;1;0;0;0;0;0;0;0;1;0;0;0;0
20/06/2022;11:03:29;130;Sem vítima;223,000;BR-386/RS;Decrescente;Colisão lateral no mesmo sentido;1;0;0;0;0;0;0;0;0;0;0;0;0;0;0
20/06/2022;11:34:05;135;Sem vítima;245,000;BR-386/RS;Decrescente;Colisão traseira;1;0;0;0;0;0;0;0;0;0;0;0;0;0;0
20/06/2022;15:21:46;170;Sem vítima;36,000;BR-290/RS;Crescente;Colisão lateral no mesmo sentido;1;0;0;0;0;0;0;0;0;0;1;0;0;0;0
20/06/2022;16:28:32;175;Com vítima;270,000;BR-386/RS;Crescente;Colisão lateral no mesmo sentido;2;0;0;0;0;0;0;0;0;0;2;1;0;0;0
20/06/2022;18:58:44;207;Sem vítima;342,000;BR-386/RS;Decrescente;Acidentes de outra natureza;1;0;0;0;0;0;0;0;0;0;1;0;0;0;0
20/06/2022;21:31:33;233;Sem vítima;93,000;BR-290/RS;Decrescente;Colisão traseira;1;0;0;0;0;0;0;0;0;0;1;0;0;0;0
21/06/2022;08:24:21;60;Sem vítima;84,000;BR-290/RS;Crescente;Choque;1;0;0;0;0;0;0;0;0;0;1;0;0;0;0
21/06/2022;14:27:18;121;Sem vítima;325,000;BR-386/RS;Decrescente;Acidentes de outra natureza;0;0;0;0;0;0;0;0;0;0;0;0;0;0;0
21/06/2022;14:40:53;124;Sem vítima;359,000;BR-386/RS;Crescente;Acidentes de outra natureza;1;0;0;0;0;0;0;0;0;0;1;0;0;0;0
21/06/2022;15:15:11;126;Sem vítima;293,000;BR-386/RS;Decrescente;Choque;1;0;0;0;0;0;0;0;0;0;0;0;0;0;0
21/06/2022;17:43:23;143;Sem vítima;10,000;BR-101/RS;Decrescente;Colisão lateral no mesmo sentido;1;0;0;0;0;1;0;0;0;0;2;0;0;0;0
21/06/2022;17:49:48;145;Sem vítima;407,000;BR-386/RS;Decrescente;Colisão lateral no mesmo sentido;1;0;0;0;0;0;0;0;0;0;1;0;0;0;0
21/06/2022;18:14:54;152;Sem vítima;342,000;BR-386/RS;Decrescente;Acidentes de outra natureza;0;0;0;1;0;0;0;0;0;0;1;0;0;0;0
21/06/2022;22:23:57;190;Sem vítima;356,000;BR-386/RS;Crescente;Acidentes de outra natureza;1;0;0;0;0;0;0;0;0;0;1;0;0;0;0
22/06/2022;01:17:24;1;Sem vítima;292,000;BR-386/RS;Crescente;Acidentes de outra natureza;1;0;0;0;0;0;0;0;0;0;1;0;0;0;0
22/06/2022;04:14:49;9;Sem vítima;70,000;BR-290/RS;Decrescente;Queda de moto;0;0;0;1;0;0;0;0;0;0;0;0;0;0;0
22/06/2022;07:38:09;42;Sem vítima;19,000;BR-101/RS;Crescente;Engavetamento;1;0;0;0;0;0;0;0;0;0;1;0;0;0;0
22/06/2022;07:52:25;50;Sem vítima;18,000;BR-101/RS;Crescente;Colisão traseira;1;0;0;0;0;0;0;0;0;0;1;0;0;0;0
22/06/2022;07:55:54;54;Sem vítima;20,000;BR-101/RS;Decrescente;Colisão lateral no mesmo sentido;2;0;0;0;0;0;0;0;0;0;2;0;0;0;0
22/06/2022;08:20:43;66;Com vítima;64,000;BR-101/RS;Decrescente;Choque;1;0;0;0;0;0;0;0;0;0;0;1;0;0;0
22/06/2022;10:04:54;95;Sem vítima;95,000;BR-290/RS;Crescente;Choque;1;0;0;0;0;0;0;0;0;0;1;0;0;0;0
22/06/2022;15:07:16;146;Sem vítima;270,000;BR-386/RS;Decrescente;Colisão transversal;1;0;0;0;0;0;0;0;0;0;1;0;0;0;0
22/06/2022;16:49:08;155;Sem vítima;427,000;BR-386/RS;Crescente;Acidentes de outra natureza;1;0;0;0;0;0;0;0;0;0;1;0;0;0;0
22/06/2022;17:17:03;156;Sem vítima;397,000;BR-386/RS;Decrescente;Acidentes de outra natureza;1;0;0;0;0;0;0;0;0;0;2;0;0;0;0
22/06/2022;17:26:59;157;Sem vítima;27,000;BR-290/RS;Crescente;Acidentes de outra natureza;1;0;0;0;0;0;0;0;0;0;1;0;0;0;0
22/06/2022;17:54:43;165;Sem vítima;95,000;BR-290/RS;Crescente;Colisão lateral no mesmo sentido;2;0;0;0;0;0;0;0;0;0;3;0;0;0;0
22/06/2022;18:01:38;166;Sem vítima;5,000;BR-290/RS;Decrescente;Acidentes de outra natureza;1;0;0;0;0;0;0;0;0;0;1;0;0;0;0
22/06/2022;18:11:02;168;Sem vítima;90,000;BR-290/RS;Decrescente;Colisão traseira;1;0;0;0;0;0;0;0;0;0;0;0;0;0;0
22/06/2022;18:15:59;170;Sem vítima;326,000;BR-386/RS;Decrescente;Acidentes de outra natureza;1;0;0;0;0;0;0;0;0;0;0;0;0;0;0
22/06/2022;18:43:13;172;Sem vítima;86,000;BR-290/RS;Decrescente;Choque;1;0;0;0;0;0;0;0;0;0;1;0;0;0;0
22/06/2022;19:41:08;182;Sem vítima;86,000;BR-290/RS;Decrescente;Acidentes de outra natureza;1;0;0;0;0;0;0;0;0;0;1;0;0;0;0
22/06/2022;20:25:09;191;Sem vítima;350,000;BR-386/RS;Decrescente;Acidentes de outra natureza;1;0;0;0;0;0;0;0;0;0;1;0;0;0;0
23/06/2022;02:09:30;7;Sem vítima;398,000;BR-386/RS;Decrescente;Tombamento;0;0;1;0;0;0;0;0;0;0;1;0;0;0;0
23/06/2022;07:34:55;34;Sem vítima;40,270;BR-101/RS;Decrescente;Choque;0;0;0;0;1;0;0;0;0;0;1;0;0;0;0
23/06/2022;09:52:45;70;Sem vítima;344,000;BR-386/RS;Crescente;Acidentes de outra natureza;1;0;0;0;0;0;0;0;0;0;0;0;0;0;0
23/06/2022;12:28:00;102;Sem vítima;92,000;BR-290/RS;Crescente;Choque;1;0;0;0;0;0;0;0;0;0;1;0;0;0;0
23/06/2022;15:05:12;129;Sem vítima;344,000;BR-386/RS;Decrescente;Colisão traseira;1;0;1;0;0;0;0;0;0;0;2;0;0;0;0
23/06/2022;15:07:01;131;Sem vítima;92,260;BR-290/RS;Decrescente;Colisão lateral no mesmo sentido;0;0;1;0;0;0;0;0;0;0;1;0;0;0;0
23/06/2022;23:45:21;188;Sem vítima;232,000;BR-386/RS;Decrescente;Acidentes de outra natureza;1;0;0;0;0;0;0;0;0;0;0;0;0;0;0
24/06/2022;05:08:07;19;Sem vítima;22,000;BR-290/RS;Decrescente;Acidentes de outra natureza;1;0;0;0;0;0;0;0;0;0;2;0;0;0;0
24/06/2022;05:16:08;20;Sem vítima;16,000;BR-290/RS;Decrescente;Acidentes de outra natureza;0;0;1;0;0;0;0;0;0;0;1;0;0;0;0
24/06/2022;06:52:21;29;Sem vítima;76,000;BR-290/RS;Decrescente;Colisão lateral no mesmo sentido;1;0;0;0;0;0;0;0;0;0;1;0;0;0;0
24/06/2022;07:10:05;36;Com vítima;445,000;BR-386/RS;Crescente;Atropelamento de animal;0;0;0;1;0;0;0;0;0;0;0;1;0;0;0
24/06/2022;10:18:36;103;Sem vítima;348,000;BR-386/RS;Crescente;Colisão traseira;1;0;0;0;0;0;0;0;0;0;1;0;0;0;0
24/06/2022;10:39:58;109;Sem vítima;334,000;BR-386/RS;Decrescente;Colisão traseira;2;0;0;0;0;0;0;0;0;0;2;0;0;0;0
24/06/2022;13:50:52;143;Com vítima;346,000;BR-386/RS;Decrescente;Queda de moto;0;0;0;1;0;0;0;0;0;0;0;1;0;0;0
24/06/2022;15:05:34;152;Sem vítima;379,000;BR-386/RS;Decrescente;Acidentes de outra natureza;1;0;0;0;0;0;0;0;0;0;1;0;0;0;0
24/06/2022;18:45:35;199;Sem vítima;408,000;BR-386/RS;Decrescente;Acidentes de outra natureza;1;0;0;0;0;0;0;0;0;0;0;0;0;0;0
24/06/2022;19:17:50;211;Sem vítima;343,000;BR-386/RS;Decrescente;Colisão frontal;1;0;0;0;0;0;0;0;0;0;1;0;0;0;0
24/06/2022;19:38:29;217;Sem vítima;433,000;BR-386/RS;Crescente;Acidentes de outra natureza;1;0;0;0;0;0;0;0;0;0;1;0;0;0;0
24/06/2022;20:02:08;224;Sem vítima;44,000;BR-101/RS;Decrescente;Choque;1;0;0;0;0;0;0;0;0;0;1;0;0;0;0
24/06/2022;20:04:49;226;Sem vítima;28,000;BR-101/RS;Crescente;Acidentes de outra natureza;1;0;0;0;0;0;0;0;0;0;1;0;0;0;0
24/06/2022;21:33:14;233;Sem vítima;39,000;BR-101/RS;Crescente;Atropelamento de animal;1;0;0;0;0;0;0;0;0;0;1;0;0;0;0
25/06/2022;04:53:24;17;Sem vítima;43,000;BR-290/RS;Crescente;Choque;1;0;0;0;0;0;0;0;0;0;1;0;0;0;0
25/06/2022;07:38:12;36;Sem vítima;66,000;BR-290/RS;Crescente;Acidentes de outra natureza;1;0;0;0;0;0;0;0;0;0;1;0;0;0;0
25/06/2022;13:42:40;102;Sem vítima;230,000;BR-386/RS;Crescente;Atropelamento de animal;1;0;0;0;0;0;0;0;0;0;1;0;0;0;0
25/06/2022;19:12:59;168;Sem vítima;351,000;BR-386/RS;Decrescente;Acidentes de outra natureza;1;0;0;0;0;0;0;0;0;0;1;0;0;0;0
25/06/2022;19:48:32;177;Sem vítima;47,000;BR-101/RS;Crescente;Choque;1;0;0;0;0;0;0;0;0;0;1;0;0;0;0
25/06/2022;21:27:56;192;Com vítima;47,000;BR-101/RS;Decrescente;Acidentes de outra natureza;1;0;0;0;0;0;0;0;0;0;0;1;0;0;0
25/06/2022;22:32:00;193;Sem vítima;248,000;BR-386/RS;Crescente;Acidentes de outra natureza;1;0;0;0;0;0;0;0;0;0;1;0;0;0;0
25/06/2022;23:59:10;203;Sem vítima;365,000;BR-386/RS;Crescente;Acidentes de outra natureza;1;0;0;0;0;0;0;0;0;0;1;0;0;0;0
26/06/2022;13:49:18;77;Sem vítima;242,000;BR-386/RS;Decrescente;Colisão transversal;1;0;0;0;0;0;0;0;0;0;1;0;0;0;0
26/06/2022;14:44:34;84;Sem vítima;358,000;BR-386/RS;Crescente;Acidentes de outra natureza;1;0;0;0;0;0;0;0;0;0;1;0;0;0;0
26/06/2022;18:05:29;127;Sem vítima;92,000;BR-290/RS;Crescente;Colisão traseira;1;0;0;0;0;0;0;0;0;0;1;0;0;0;0
26/06/2022;20:04:01;148;Sem vítima;272,000;BR-386/RS;Decrescente;Acidentes de outra natureza;1;0;0;0;0;0;0;0;0;0;1;0;0;0;0
27/06/2022;16:00:08;201;Sem vítima;342,000;BR-386/RS;Decrescente;Colisão transversal;1;0;0;0;0;0;0;0;0;0;1;0;0;0;0
28/06/2022;07:34:10;37;Sem vítima;92,000;BR-290/RS;Crescente;Colisão lateral no mesmo sentido;0;0;0;0;0;0;0;0;0;0;0;0;0;0;0
28/06/2022;07:43:04;42;Sem vítima;87,000;BR-290/RS;Crescente;Engavetamento;1;0;0;0;0;0;0;0;0;0;1;0;0;0;0
28/06/2022;09:22:25;93;Sem vítima;435,000;BR-386/RS;Decrescente;Acidentes de outra natureza;0;0;1;0;0;0;0;0;0;0;1;0;0;0;0
28/06/2022;09:43:42;100;Sem vítima;282,000;BR-386/RS;Crescente;Acidentes de outra natureza;0;0;0;0;0;1;0;0;0;0;0;0;0;0;0
28/06/2022;10:02:24;103;Com vítima;20,000;BR-101/RS;Crescente;Tombamento;0;0;0;0;0;1;0;0;0;0;0;1;0;0;0
28/06/2022;10:08:05;106;Sem vítima;352,000;BR-386/RS;Crescente;Engavetamento;0;0;1;0;0;0;0;0;0;0;1;0;0;0;0
28/06/2022;17:00:11;183;Sem vítima;37,000;BR-101/RS;Crescente;Choque;0;0;0;0;1;0;0;0;0;0;1;0;0;0;0
28/06/2022;18:23:36;192;Sem vítima;25,000;BR-290/RS;Crescente;Acidentes de outra natureza;1;0;0;0;0;0;0;0;0;0;1;0;0;0;0
28/06/2022;20:28:06;214;Sem vítima;360,000;BR-386/RS;Crescente;Acidentes de outra natureza;1;0;0;0;0;0;0;0;0;0;1;0;0;0;0
29/06/2022;11:00:32;99;Sem vítima;53,000;BR-290/RS;Crescente;Acidentes de outra natureza;1;0;0;0;0;0;0;0;0;0;0;0;0;0;0
29/06/2022;18:50:27;181;Sem vítima;84,350;BR-290/RS;Decrescente;Colisão traseira;2;0;0;0;0;0;0;0;0;0;2;0;0;0;0
29/06/2022;22:54:06;213;Sem vítima;344,000;BR-386/RS;Crescente;Acidentes de outra natureza;1;0;0;0;0;0;0;0;0;0;1;0;0;0;0
30/06/2022;01:43:56;5;Sem vítima;367,000;BR-386/RS;Decrescente;Acidentes de outra natureza;1;0;0;0;0;0;0;0;0;0;1;0;0;0;0
30/06/2022;02:34:20;8;Sem vítima;219,000;BR-386/RS;Crescente;Colisão frontal;1;0;0;0;0;0;0;0;0;0;0;0;0;0;0
30/06/2022;08:28:17;79;Com vítima;307,000;BR-386/RS;Decrescente;Acidentes de outra natureza;0;0;1;0;0;0;0;0;0;0;0;1;0;0;0
30/06/2022;08:45:29;86;Sem vítima;21,000;BR-101/RS;Crescente;Colisão traseira;2;0;0;0;0;0;0;0;0;0;2;0;0;0;0
30/06/2022;16:09:14;179;Sem vítima;431,000;BR-386/RS;Crescente;Acidentes de outra natureza;0;0;1;0;0;0;0;0;0;0;1;0;0;0;0
30/06/2022;16:13:08;180;Com vítima;331,000;BR-386/RS;Crescente;Colisão frontal;2;0;0;0;0;0;0;0;0;0;0;0;2;0;0
30/06/2022;16:24:49;183;Sem vítima;60,000;BR-290/RS;Decrescente;Colisão traseira;1;0;0;0;0;0;0;0;0;0;1;0;0;0;0
30/06/2022;16:38:14;186;Sem vítima;412,000;BR-386/RS;Crescente;Colisão traseira;1;0;0;0;0;0;0;0;0;0;1;0;0;0;0
30/06/2022;18:41:19;208;Sem vítima;11,000;BR-101/RS;Decrescente;Colisão lateral no mesmo sentido;2;0;0;0;0;0;0;0;0;0;2;0;0;0;0
30/06/2022;19:15:30;216;Sem vítima;2,000;BR-101/RS;Decrescente;Acidentes de outra natureza;1;0;0;0;0;0;0;0;0;0;1;0;0;0;0
30/06/2022;22:40:21;240;Sem vítima;55,000;BR-290/RS;Crescente;Atropelamento de animal;1;0;0;0;0;0;0;0;0;0;1;0;0;0;0
01/07/2022;02:42:30;15;Sem vítima;28,000;BR-290/RS;Decrescente;Acidentes de outra natureza;1;0;0;0;0;0;0;0;0;0;1;0;0;0;0
01/07/2022;06:46:45;28;Sem vítima;362,000;BR-386/RS;Crescente;Engavetamento;1;0;0;0;0;0;0;0;0;0;0;0;0;0;0
01/07/2022;07:34:22;41;Sem vítima;92,000;BR-290/RS;Crescente;Colisão traseira;1;0;0;0;0;0;0;0;0;0;1;0;0;0;0
01/07/2022;07:41:33;46;Sem vítima;61,000;BR-290/RS;Decrescente;Colisão traseira;0;0;1;0;0;0;0;0;0;0;1;0;0;0;0
01/07/2022;07:46:20;51;Sem vítima;87,000;BR-290/RS;Crescente;Colisão traseira;1;0;0;0;0;0;0;0;0;0;1;0;0;0;0
01/07/2022;07:55:48;58;Sem vítima;85,000;BR-290/RS;Crescente;Colisão traseira;0;0;1;0;0;0;0;0;0;0;1;0;0;0;0
01/07/2022;08:34:15;71;Sem vítima;85,000;BR-290/RS;Crescente;Colisão traseira;1;0;0;0;0;0;0;0;0;0;1;0;0;0;0
01/07/2022;10:41:26;118;Sem vítima;2,000;BR-290/RS;Crescente;Colisão transversal;0;0;1;0;0;0;0;0;0;0;1;0;0;0;0
01/07/2022;10:47:38;122;Com vítima;75,000;BR-290/RS;Decrescente;Tombamento;0;0;0;0;0;1;0;0;0;0;0;1;0;0;0
01/07/2022;15:40:24;175;Sem vítima;89,000;BR-290/RS;Crescente;Queda de moto;0;0;0;1;0;0;0;0;0;0;0;0;0;0;0
01/07/2022;18:48:22;219;Sem vítima;344,000;BR-386/RS;Decrescente;Acidentes de outra natureza;1;0;0;0;0;0;0;0;0;0;1;0;0;0;0
01/07/2022;19:36:49;229;Sem vítima;288,000;BR-386/RS;Crescente;Colisão lateral no mesmo sentido;0;0;2;0;0;0;0;0;0;0;2;0;0;0;0
01/07/2022;21:59:25;254;Sem vítima;339,000;BR-386/RS;Crescente;Acidentes de outra natureza;1;0;0;0;0;0;0;0;0;0;1;0;0;0;0
01/07/2022;22:59:01;258;Com vítima;345,000;BR-386/RS;Decrescente;Colisão transversal;0;0;0;1;0;0;0;0;0;0;0;1;0;0;0
02/07/2022;00:17:16;2;Sem vítima;15,000;BR-101/RS;Decrescente;Choque;1;0;0;0;0;0;0;0;0;0;1;0;0;0;0
02/07/2022;01:52:38;11;Sem vítima;94,000;BR-290/RS;Crescente;Queda de moto;0;0;0;1;0;0;0;0;0;0;0;0;0;0;0
02/07/2022;03:59:41;15;Sem vítima;391,000;BR-386/RS;Crescente;Acidentes de outra natureza;1;0;0;0;0;0;0;0;0;0;1;0;0;0;0
02/07/2022;04:27:50;18;Sem vítima;391,000;BR-386/RS;Crescente;Colisão frontal;1;0;0;0;0;0;0;0;0;0;1;0;0;0;0
02/07/2022;05:33:28;21;Sem vítima;346,000;BR-386/RS;Decrescente;Capotamento;1;0;0;0;0;0;0;0;0;0;1;0;0;0;0
02/07/2022;09:18:07;85;Sem vítima;316,000;BR-386/RS;Decrescente;Colisão traseira;1;0;0;0;0;0;0;0;0;0;1;0;0;0;0
02/07/2022;10:23:15;100;Sem vítima;329,000;BR-386/RS;Decrescente;Colisão traseira;1;0;0;0;0;0;0;0;0;0;1;0;0;0;0
02/07/2022;11:48:24;111;Sem vítima;262,000;BR-386/RS;Decrescente;Colisão traseira;2;0;0;0;0;0;0;0;0;0;2;0;0;0;0
02/07/2022;18:34:03;172;Sem vítima;270,000;BR-386/RS;Decrescente;Acidentes de outra natureza;1;0;0;0;0;0;0;0;0;0;1;0;0;0;0
03/07/2022;04:40:15;13;Sem vítima;5,000;BR-101/RS;Decrescente;Choque;1;0;0;0;0;0;0;0;0;0;1;0;0;0;0
03/07/2022;04:59:49;14;Sem vítima;80,000;BR-290/RS;Decrescente;Acidentes de outra natureza;1;0;0;0;0;0;0;0;0;0;1;0;0;0;0
03/07/2022;07:27:48;22;Sem vítima;25,000;BR-101/RS;Decrescente;Acidentes de outra natureza;1;0;0;0;0;0;0;0;0;0;1;0;0;0;0
03/07/2022;07:29:53;23;Com vítima;217,000;BR-386/RS;Decrescente;Acidentes de outra natureza;1;0;0;0;0;0;0;0;0;0;0;0;0;0;1
03/07/2022;10:10:59;41;Sem vítima;375,000;BR-386/RS;Decrescente;Choque;1;0;0;0;0;0;0;0;0;0;1;0;0;0;0
03/07/2022;11:14:30;51;Com vítima;47,000;BR-290/RS;Crescente;Capotamento;1;0;0;0;0;0;0;0;0;0;0;0;1;0;0
03/07/2022;13:06:35;68;Sem vítima;10,000;BR-101/RS;Crescente;Choque;1;0;0;0;0;0;0;0;0;0;1;0;0;0;0
03/07/2022;19:08:41;109;Com vítima;214,000;BR-386/RS;Decrescente;Colisão frontal;2;0;0;0;0;0;0;0;0;0;0;2;0;0;0
03/07/2022;21:02:26;120;Sem vítima;90,000;BR-290/RS;Crescente;Colisão lateral no mesmo sentido;0;0;0;0;0;1;0;0;0;0;1;0;0;0;0
04/07/2022;05:45:54;30;Sem vítima;426,000;BR-386/RS;Decrescente;Colisão traseira;1;0;0;0;0;0;0;0;0;0;0;0;0;0;0
04/07/2022;06:26:10;35;Sem vítima;222,000;BR-386/RS;Decrescente;Colisão lateral no mesmo sentido;0;0;0;0;1;0;0;0;0;0;1;0;0;0;0
04/07/2022;06:46:50;37;Com vítima;346,000;BR-386/RS;Crescente;Acidentes de outra natureza;1;0;0;0;0;0;0;0;0;0;0;1;0;0;0
04/07/2022;06:58:32;41;Sem vítima;367,000;BR-386/RS;Decrescente;Acidentes de outra natureza;1;0;0;0;0;0;0;0;0;0;1;0;0;0;0
04/07/2022;07:12:51;46;Sem vítima;22,000;BR-290/RS;Crescente;Colisão traseira;1;0;0;0;0;0;0;0;0;0;1;0;0;0;0