data;horario;n_da_ocorrencia;tipo_de_ocorrencia;km;trecho;sentido;tipo_de_acidente;automovel;bicicleta;caminhao;moto;onibus;outros;tracao_animal;transporte_de_cargas_especiais;trator_maquinas;utilitarios;ilesos;levemente_feridos;moderadamente_feridos;gravemente_feridos;mortos
03/09/2022;12:42:08;111;Sem vítima;80,000;BR-290/RS;Decrescente;Acidentes de outra natureza;1;0;0;0;0;0;0;0;0;0;1;0;0;0;0
03/09/2022;15:21:35;134;Com vítima;346,000;BR-386/RS;Crescente;Colisão traseira;2;0;0;0;0;0;0;0;0;0;2;0;1;0;0
03/09/2022;15:28:57;135;Sem vítima;384,000;BR-386/RS;Decrescente;Colisão traseira;1;0;1;0;0;0;0;0;0;0;3;0;0;0;0
03/09/2022;19:49:16;181;Sem vítima;445,000;BR-386/RS;Crescente;Atropelamento de animal;1;0;0;0;0;0;0;0;0;0;1;0;0;0;0
03/09/2022;20:03:43;184;Sem vítima;440,000;BR-386/RS;Decrescente;Acidentes de outra natureza;1;0;0;0;0;0;0;0;0;0;1;0;0;0;0
04/09/2022;07:21:22;27;Sem vítima;384,000;BR-386/RS;Crescente;Acidentes de outra natureza;1;0;0;0;0;0;0;0;0;0;1;0;0;0;0
04/09/2022;09:37:10;52;Sem vítima;7,000;BR-101/RS;Decrescente;Colisão lateral no mesmo sentido;2;0;0;0;0;0;0;0;0;0;6;0;0;0;0
04/09/2022;13:18:34;82;Com vítima;346,000;BR-386/RS;Crescente;Colisão traseira;2;0;0;0;0;0;0;0;0;0;2;1;0;0;0
04/09/2022;16:49:42;114;Sem vítima;40,000;BR-290/RS;Crescente;Acidentes de outra natureza;1;0;0;0;0;0;0;0;0;0;1;0;0;0;0
04/09/2022;21:28:17;158;Sem vítima;271,000;BR-386/RS;Decrescente;Acidentes de outra natureza;0;0;1;0;0;0;0;0;0;0;1;0;0;0;0
04/09/2022;21:44:40;161;Com vítima;299,000;BR-386/RS;Decrescente;Colisão transversal;1;0;1;0;0;0;0;0;0;0;1;1;0;0;0
04/09/2022;22:58:46;169;Sem vítima;308,000;BR-386/RS;Crescente;Choque;1;0;0;0;0;0;0;0;0;0;4;0;0;0;0
05/09/2022;08:08:25;67;Sem vítima;86,000;BR-290/RS;Decrescente;Engavetamento;2;0;1;0;0;0;0;0;0;0;4;0;0;0;0
05/09/2022;08:16:41;72;Sem vítima;38,000;BR-290/RS;Crescente;Choque;1;0;0;0;0;0;0;0;0;0;1;0;0;0;0
05/09/2022;08:43:49;84;Sem vítima;85,000;BR-290/RS;Decrescente;Engavetamento;2;0;0;0;1;0;0;0;0;0;3;0;0;0;0
05/09/2022;10:04:11;121;Sem vítima;94,000;BR-290/RS;Crescente;Colisão traseira;3;0;0;0;0;0;0;0;0;0;2;0;0;0;0
05/09/2022;10:08:00;123;Sem vítima;231,000;BR-386/RS;Crescente;Acidentes de outra natureza;0;0;1;0;0;0;0;0;0;0;1;0;0;0;0
05/09/2022;16:35:38;227;Com vítima;36,000;BR-290/RS;Decrescente;Acidentes de outra natureza;1;0;0;0;0;0;0;0;0;0;0;1;0;0;0
05/09/2022;17:23:32;234;Sem vítima;91,000;BR-290/RS;Crescente;Engavetamento;3;0;0;0;0;0;0;0;0;0;3;0;0;0;0
05/09/2022;20:00:47;260;Sem vítima;444,000;BR-386/RS;Decrescente;Colisão lateral no mesmo sentido;2;0;0;0;0;0;0;0;0;0;2;0;0;0;0
05/09/2022;22:47:25;279;Sem vítima;69,000;BR-101/RS;Decrescente;Acidentes de outra natureza;1;0;0;0;0;0;0;0;0;0;1;0;0;0;0
05/09/2022;22:57:35;280;Sem vítima;15,000;BR-101/RS;Crescente;Acidentes de outra natureza;0;0;1;0;0;0;0;0;0;0;1;0;0;0;0
06/09/2022;03:08:38;9;Sem vítima;303,000;BR-386/RS;Decrescente;Acidentes de outra natureza;0;0;1;0;0;0;0;0;0;0;1;0;0;0;0
06/09/2022;07:12:32;24;Sem vítima;417,000;BR-386/RS;Crescente;Colisão transversal;0;0;2;0;0;0;0;0;0;0;1;0;0;0;0
06/09/2022;07:32:56;36;Sem vítima;414,000;BR-386/RS;Decrescente;Choque;1;0;0;0;0;0;0;0;0;0;1;0;0;0;0
06/09/2022;07:35:07;38;Sem vítima;414,000;BR-386/RS;Decrescente;Acidentes de outra natureza;1;0;0;0;0;0;0;0;0;0;0;0;0;0;0
06/09/2022;08:40:59;71;Sem vítima;343,000;BR-386/RS;Decrescente;Colisão traseira;2;0;0;0;0;0;0;0;0;0;3;0;0;0;0
06/09/2022;09:01:17;79;Sem vítima;92,000;BR-290/RS;Crescente;Queda de moto;0;0;0;1;0;0;0;0;0;0;0;0;0;0;0
06/09/2022;09:48:29;94;Sem vítima;369,000;BR-386/RS;Crescente;Atropelamento de animal;0;0;0;0;1;0;0;0;0;0;1;0;0;0;0
06/09/2022;11:14:54;112;Sem vítima;394,300;BR-386/RS;Decrescente;Tombamento;0;0;1;0;0;0;0;0;0;0;1;0;0;0;0
06/09/2022;12:05:44;124;Sem vítima;431,000;BR-386/RS;Crescente;Acidentes de outra natureza;0;0;1;0;0;0;0;0;0;0;1;0;0;0;0
06/09/2022;13:36:36;140;Sem vítima;80,000;BR-290/RS;Crescente;Queda de moto;0;0;0;1;0;0;0;0;0;0;0;0;0;0;0
06/09/2022;15:38:48;166;Sem vítima;426,000;BR-386/RS;Decrescente;Colisão lateral no mesmo sentido;2;0;0;0;0;0;0;0;0;0;0;0;0;0;0
06/09/2022;21:03:21;232;Sem vítima;379,000;BR-386/RS;Decrescente;Atropelamento de animal;1;0;0;0;0;0;0;0;0;0;0;0;0;0;0
06/09/2022;21:54:25;234;Sem vítima;5,000;BR-290/RS;Crescente;Acidentes de outra natureza;1;0;0;0;0;0;0;0;0;0;2;0;0;0;0
06/09/2022;21:59:00;235;Sem vítima;86,000;BR-101/RS;Decrescente;Colisão lateral no mesmo sentido;1;0;0;0;0;0;0;0;0;0;1;0;0;0;0
06/09/2022;22:33:16;239;Sem vítima;308,000;BR-386/RS;Decrescente;Acidentes de outra natureza;1;0;0;0;0;0;0;0;0;0;3;0;0;0;0
06/09/2022;22:56:25;242;Com vítima;368,000;BR-386/RS;Decrescente;Queda de moto;1;0;0;1;0;0;0;0;0;0;0;1;0;0;0
06/09/2022;23:22:15;245;Sem vítima;410,000;BR-386/RS;Decrescente;Acidentes de outra natureza;0;0;0;1;0;0;0;0;0;0;0;0;0;0;0
07/09/2022;02:17:00;4;Sem vítima;346,000;BR-386/RS;Decrescente;Acidentes de outra natureza;1;0;0;0;0;0;0;0;0;0;1;0;0;0;0
07/09/2022;06:01:56;15;Sem vítima;76,000;BR-101/RS;Decrescente;Acidentes de outra natureza;1;0;0;0;0;0;0;0;0;0;2;0;0;0;0
07/09/2022;06:48:14;17;Sem vítima;434,000;BR-386/RS;Decrescente;Capotamento;1;0;0;0;0;0;0;0;0;0;1;0;0;0;0
07/09/2022;10:22:56;53;Sem vítima;403,000;BR-386/RS;Crescente;Choque;1;0;0;0;0;0;0;0;0;0;1;0;0;0;0
07/09/2022;15:22:26;98;Sem vítima;375,000;BR-386/RS;Decrescente;Choque;0;0;0;0;0;1;0;0;0;0;2;0;0;0;0
07/09/2022;17:36:01;114;Com vítima;418,000;BR-386/RS;Decrescente;Acidentes de outra natureza;0;0;1;1;0;0;0;0;0;0;2;1;0;0;0
07/09/2022;19:25:12;133;Com vítima;257,000;BR-386/RS;Crescente;Colisão frontal;2;0;0;0;0;0;0;0;0;0;0;0;3;0;0
07/09/2022;19:41:38;135;Sem vítima;80,000;BR-290/RS;Decrescente;Acidentes de outra natureza;1;0;0;0;0;0;0;0;0;0;2;0;0;0;0
07/09/2022;20:12:17;138;Sem vítima;86,000;BR-290/RS;Decrescente;Acidentes de outra natureza;1;0;0;0;0;0;0;0;0;0;1;0;0;0;0
08/09/2022;07:53:11;49;Sem vítima;84,000;BR-290/RS;Crescente;Colisão traseira;4;0;0;0;0;0;0;0;0;0;4;0;0;0;0
08/09/2022;09:44:29;98;Sem vítima;440,000;BR-386/RS;Crescente;Acidentes de outra natureza;1;0;0;0;0;0;0;0;0;0;1;0;0;0;0
08/09/2022;10:19:31;108;Com vítima;288,100;BR-386/RS;Decrescente;Tombamento;0;0;1;0;0;0;0;0;0;0;0;1;0;0;0
08/09/2022;14:14:15;162;Sem vítima;97,000;BR-290/RS;Decrescente;Engavetamento;2;0;0;0;0;0;0;0;0;0;1;0;0;0;0
08/09/2022;23:08:18;266;Sem vítima;47,000;BR-101/RS;Decrescente;Colisão lateral no mesmo sentido;1;0;1;0;0;0;0;0;0;0;5;0;0;0;0
09/09/2022;07:20:25;37;Sem vítima;75,000;BR-290/RS;Decrescente;Choque;1;0;0;0;0;0;0;0;0;0;0;0;0;0;0
09/09/2022;16:31:39;192;Sem vítima;74,000;BR-101/RS;Crescente;Acidentes de outra natureza;1;0;0;0;0;0;0;0;0;0;1;0;0;0;0
09/09/2022;18:04:20;209;Sem vítima;422,000;BR-386/RS;Crescente;Acidentes de outra natureza;1;0;0;0;0;0;0;0;0;0;1;0;0;0;0
09/09/2022;18:33:13;214;Sem vítima;401,000;BR-386/RS;Crescente;Acidentes de outra natureza;1;0;0;0;0;0;0;0;0;0;1;0;0;0;0
09/09/2022;18:51:58;217;Sem vítima;80,000;BR-290/RS;Crescente;Acidentes de outra natureza;1;0;0;0;0;0;0;0;0;0;2;0;0;0;0
09/09/2022;19:59:55;227;Com vítima;393,000;BR-386/RS;Crescente;Acidentes de outra natureza;0;0;0;0;0;0;0;0;0;1;0;1;0;0;0
09/09/2022;20:03:38;229;Sem vítima;287,000;BR-386/RS;Decrescente;Colisão lateral no mesmo sentido;0;0;0;0;0;0;0;0;0;0;0;0;0;0;0
09/09/2022;20:19:54;235;Sem vítima;307,000;BR-386/RS;Decrescente;Colisão traseira;2;0;0;0;0;0;0;0;0;0;2;0;0;0;0
09/09/2022;20:19:55;234;Sem vítima;5,000;BR-290/RS;Decrescente;Acidentes de outra natureza;1;0;0;0;0;0;0;0;0;0;1;0;0;0;0
09/09/2022;20:21:20;237;Sem vítima;3,000;BR-290/RS;Crescente;Acidentes de outra natureza;1;0;0;0;0;0;0;0;0;0;1;0;0;0;0
09/09/2022;20:31:44;239;Sem vítima;94,000;BR-290/RS;Decrescente;Choque;1;0;0;0;0;0;0;0;0;0;1;0;0;0;0
09/09/2022;22:33:24;251;Sem vítima;2,000;BR-101/RS;Decrescente;Tombamento;0;0;1;0;0;0;0;0;0;0;0;0;0;0;0
09/09/2022;22:43:33;253;Sem vítima;41,000;BR-101/RS;Decrescente;Acidentes de outra natureza;1;0;0;0;0;0;0;0;0;0;1;0;0;0;0
10/09/2022;01:26:36;8;Sem vítima;335,000;BR-386/RS;Crescente;Acidentes de outra natureza;1;0;0;0;0;0;0;0;0;0;1;0;0;0;0
10/09/2022;03:44:33;13;Sem vítima;364,000;BR-386/RS;Decrescente;Acidentes de outra natureza;1;0;0;0;0;0;0;0;0;0;1;0;0;0;0
10/09/2022;05:37:04;19;Sem vítima;346,000;BR-386/RS;Decrescente;Colisão traseira;2;0;0;0;0;0;0;0;0;0;3;0;0;0;0
10/09/2022;05:58:00;21;Com vítima;9,000;BR-101/RS;Decrescente;Capotamento;1;0;0;0;1;0;0;0;0;0;2;0;1;0;0
10/09/2022;07:50:30;54;Sem vítima;396,000;BR-386/RS;Crescente;Colisão traseira;2;0;0;0;0;0;0;0;0;0;4;0;0;0;0
10/09/2022;10:34:03;101;Com vítima;282,000;BR-386/RS;Crescente;Colisão transversal;2;0;0;0;0;0;0;0;0;0;0;0;2;1;0
10/09/2022;10:49:20;105;Sem vítima;91,000;BR-290/RS;Decrescente;Choque;0;0;1;0;0;0;0;0;0;0;0;0;0;0;0
10/09/2022;15:02:45;153;Com vítima;256,000;BR-386/RS;Crescente;Capotamento;1;0;0;0;0;0;0;0;0;0;0;0;1;0;0
10/09/2022;17:14:20;177;Sem vítima;441,000;BR-386/RS;Crescente;Colisão traseira;0;0;0;1;0;0;0;0;0;0;1;0;0;0;0
10/09/2022;19:20:13;194;Sem vítima;411,000;BR-386/RS;Decrescente;Engavetamento;2;0;0;0;0;0;0;0;0;0;2;0;0;0;0
10/09/2022;20:28:01;202;Sem vítima;415,000;BR-386/RS;Decrescente;Acidentes de outra natureza;1;0;0;0;0;0;0;0;0;0;2;0;0;0;0
11/09/2022;02:51:03;8;Sem vítima;366,000;BR-386/RS;Crescente;Acidentes de outra natureza;1;0;0;0;0;0;0;0;0;0;1;0;0;0;0
11/09/2022;15:26:48;121;Sem vítima;60,000;BR-290/RS;Crescente;Colisão traseira;1;0;0;0;0;0;0;0;0;0;0;0;0;0;0
11/09/2022;17:24:49;143;Sem vítima;80,000;BR-101/RS;Crescente;Colisão traseira;2;0;0;0;0;0;0;0;0;0;2;0;0;0;0
11/09/2022;19:19:01;166;Sem vítima;440,000;BR-386/RS;Decrescente;Colisão frontal;2;0;0;0;0;0;0;0;0;0;5;0;0;0;0
11/09/2022;19:30:13;173;Com vítima;50,000;BR-101/RS;Crescente;Acidentes de outra natureza;1;0;0;0;0;0;0;0;0;0;1;1;0;0;0
11/09/2022;20:18:54;177;Sem vítima;401,000;BR-386/RS;Decrescente;Acidentes de outra natureza;1;0;0;0;0;0;0;0;0;0;1;0;0;0;0
12/09/2022;03:12:39;6;Sem vítima;292,000;BR-386/RS;Decrescente;Choque;1;0;0;0;0;0;0;0;0;0;0;0;0;0;0
12/09/2022;06:52:26;21;Sem vítima;250,000;BR-386/RS;Decrescente;Acidentes de outra natureza;1;0;0;0;0;0;0;0;0;0;1;0;0;0;0
12/09/2022;11:08:52;132;Sem vítima;416,000;BR-386/RS;Decrescente;Colisão traseira;1;0;0;0;0;0;0;0;0;0;2;0;0;0;0
12/09/2022;15:00:14;186;Sem vítima;346,000;BR-386/RS;Decrescente;Tombamento;0;0;1;0;0;0;0;0;0;0;1;0;0;0;0
12/09/2022;15:53:41;194;Sem vítima;346,100;BR-386/RS;Decrescente;Colisão lateral no mesmo sentido;1;0;1;0;0;0;0;0;0;0;0;0;0;0;0
12/09/2022;17:48:24;210;Com vítima;68,800;BR-290/RS;Crescente;Colisão lateral no mesmo sentido;2;0;0;0;0;0;0;0;0;0;1;0;1;0;0
12/09/2022;19:21:42;228;Com vítima;343,000;BR-386/RS;Crescente;Colisão lateral no mesmo sentido;1;0;0;1;0;0;0;0;0;0;2;1;0;0;0
13/09/2022;05:43:33;14;Com vítima;307,000;BR-386/RS;Crescente;Tombamento;0;0;1;0;0;0;0;0;0;0;0;1;0;0;0
13/09/2022;06:09:19;15;Sem vítima;86,000;BR-290/RS;Decrescente;Acidentes de outra natureza;1;0;0;0;0;0;0;0;0;0;1;0;0;0;0
13/09/2022;07:37:38;43;Sem vítima;20,000;BR-101/RS;Crescente;Colisão traseira;1;0;0;0;0;0;0;0;0;0;1;0;0;0;0
13/09/2022;11:12:06;130;Sem vítima;230,000;BR-386/RS;Crescente;Colisão lateral no mesmo sentido;1;0;0;0;0;0;0;0;0;0;1;0;0;0;0
13/09/2022;18:11:24;210;Sem vítima;80,000;BR-290/RS;Crescente;Queda de moto;0;0;0;1;0;0;0;0;0;0;2;0;0;0;0
13/09/2022;20:38:15;239;Sem vítima;7,000;BR-290/RS;Crescente;Acidentes de outra natureza;1;0;0;0;0;0;0;0;0;0;3;0;0;0;0
13/09/2022;21:18:31;243;Sem vítima;80,000;BR-290/RS;Decrescente;Acidentes de outra natureza;1;0;0;0;0;0;0;0;0;0;1;0;0;0;0
14/09/2022;04:40:39;15;Sem vítima;399,000;BR-386/RS;Crescente;Acidentes de outra natureza;0;0;0;0;1;0;0;0;0;0;3;0;0;0;0
14/09/2022;13:55:52;166;Com vítima;356,000;BR-386/RS;Decrescente;Colisão transversal;2;0;0;0;0;0;0;0;0;0;1;2;0;0;0
14/09/2022;14:54:17;172;Sem vítima;48,000;BR-101/RS;Decrescente;Choque;0;0;1;0;0;0;0;0;0;0;1;0;0;0;0
14/09/2022;16:54:33;194;Sem vítima;49,000;BR-101/RS;Crescente;Tombamento;0;0;1;0;0;0;0;0;0;0;0;0;0;0;0
14/09/2022;19:15:03;218;Com vítima;18,000;BR-101/RS;Crescente;Colisão frontal;2;0;0;0;0;0;0;0;0;0;2;1;0;0;0
15/09/2022;06:11:58;16;Sem vítima;347,000;BR-386/RS;Crescente;Acidentes de outra natureza;1;0;0;0;0;0;0;0;0;0;3;0;0;0;0
15/09/2022;06:52:10;23;Sem vítima;430,000;BR-386/RS;Decrescente;Choque;1;0;0;0;0;0;0;0;0;0;1;0;0;0;0
15/09/2022;14:08:47;159;Sem vítima;342,000;BR-386/RS;Decrescente;Colisão traseira;1;0;1;0;0;0;0;0;0;0;16;0;0;0;0
15/09/2022;15:59:49;184;Sem vítima;61,000;BR-290/RS;Decrescente;Acidentes de outra natureza;0;0;1;0;0;0;0;0;0;0;1;0;0;0;0
15/09/2022;18:59:13;213;Sem vítima;199,000;BR-386/RS;Crescente;Acidentes de outra natureza;1;0;0;0;0;0;0;0;0;0;2;0;0;0;0
16/09/2022;11:01:46;139;Sem vítima;6,000;BR-101/RS;Decrescente;Choque;1;0;0;0;0;0;0;0;0;0;1;0;0;0;0
16/09/2022;17:08:17;209;Sem vítima;380,000;BR-386/RS;Crescente;Colisão lateral no mesmo sentido;1;0;0;0;0;0;0;0;0;0;2;0;0;0;0
16/09/2022;19:09:53;239;Com vítima;270,000;BR-386/RS;Crescente;Colisão transversal;2;0;0;0;0;0;0;0;0;0;4;1;0;0;0
16/09/2022;19:19:15;240;Sem vítima;57,000;BR-101/RS;Crescente;Acidentes de outra natureza;1;0;0;0;0;0;0;0;0;0;1;0;0;0;0
16/09/2022;20:05:25;247;Sem vítima;7,000;BR-290/RS;Decrescente;Atropelamento de animal;1;0;0;0;0;0;0;0;0;0;2;0;0;0;0
16/09/2022;20:06:38;248;Sem vítima;265,000;BR-386/RS;Decrescente;Atropelamento de animal;1;0;0;0;0;0;0;0;0;0;1;0;0;0;0
16/09/2022;23:29:14;272;Sem vítima;12,000;BR-101/RS;Crescente;Acidentes de outra natureza;1;0;1;0;0;0;0;0;0;0;2;0;0;0;0
16/09/2022;23:54:11;277;Sem vítima;417,000;BR-386/RS;Decrescente;Atropelamento de pedestre;1;0;0;0;0;0;0;0;0;0;1;0;0;0;0
17/09/2022;07:09:35;37;Sem vítima;60,000;BR-290/RS;Decrescente;Colisão traseira;1;0;0;0;0;0;0;0;0;0;1;0;0;0;0
17/09/2022;08:41:39;66;Sem vítima;92,000;BR-290/RS;Decrescente;Choque;1;0;0;0;0;0;0;0;0;0;1;0;0;0;0
17/09/2022;08:50:28;68;Com vítima;228,000;BR-386/RS;Crescente;Colisão lateral no mesmo sentido;2;0;0;0;0;0;0;0;0;0;1;1;2;0;0
17/09/2022;10:20:13;88;Sem vítima;68,000;BR-101/RS;Decrescente;Queda de moto;1;0;0;0;0;0;0;0;0;0;2;0;0;0;0
17/09/2022;10:34:22;92;Sem vítima;232,000;BR-386/RS;Decrescente;Colisão traseira;2;0;0;0;0;0;0;0;0;0;4;0;0;0;0
17/09/2022;12:07:47;115;Sem vítima;39,000;BR-101/RS;Crescente;Acidentes de outra natureza;1;0;0;0;0;0;0;0;0;0;2;0;0;0;0
17/09/2022;14:08:49;139;Sem vítima;408,000;BR-386/RS;Crescente;Acidentes de outra natureza;1;0;0;0;0;0;0;0;0;0;2;0;0;0;0
17/09/2022;16:25:49;159;Sem vítima;410,000;BR-386/RS;Crescente;Queda de moto;0;0;0;0;0;0;0;0;0;0;0;0;0;0;0
17/09/2022;22:58:58;213;Sem vítima;370,000;BR-386/RS;Decrescente;Colisão traseira;2;0;0;0;0;0;0;0;0;0;5;0;0;0;0
18/09/2022;17:59:21;130;Com vítima;419,000;BR-386/RS;Decrescente;Choque;0;0;1;1;0;0;0;0;0;0;1;1;0;0;0
19/09/2022;00:51:56;10;Sem vítima;35,000;BR-101/RS;Decrescente;Choque;0;0;0;0;0;0;0;0;0;0;0;0;0;0;0
19/09/2022;07:25:50;43;Sem vítima;250,000;BR-386/RS;Decrescente;Colisão traseira;2;0;0;0;0;0;0;0;0;0;4;0;0;0;0
19/09/2022;08:03:05;65;Sem vítima;352,000;BR-386/RS;Crescente;Colisão lateral no mesmo sentido;1;0;1;0;0;0;0;0;0;0;3;0;0;0;0
19/09/2022;12:32:08;145;Com vítima;360,000;BR-386/RS;Crescente;Capotamento;1;0;0;0;0;0;0;0;0;0;1;0;2;0;0
19/09/2022;13:34:31;157;Sem vítima;83,000;BR-290/RS;Crescente;Colisão frontal;1;0;0;1;0;0;0;0;0;0;0;0;0;0;0
19/09/2022;16:01:18;185;Sem vítima;91,000;BR-290/RS;Decrescente;Choque;1;0;0;0;0;0;0;0;0;0;0;0;0;0;0
19/09/2022;18:16:40;212;Sem vítima;436,000;BR-386/RS;Crescente;Acidentes de outra natureza;1;0;0;1;0;0;0;0;0;0;1;0;0;0;0
19/09/2022;20:01:45;234;Sem vítima;400,000;BR-386/RS;Crescente;Acidentes de outra natureza;1;0;0;0;0;0;0;0;0;0;1;0;0;0;0
19/09/2022;21:56:05;248;Sem vítima;22,000;BR-101/RS;Crescente;Choque;1;0;0;0;0;0;0;0;0;0;0;0;0;0;0
19/09/2022;22:15:53;250;Sem vítima;304,000;BR-386/RS;Crescente;Acidentes de outra natureza;1;0;0;0;0;0;0;0;0;0;0;0;0;0;0
19/09/2022;23:27:48;256;Sem vítima;75,000;BR-290/RS;Crescente;Acidentes de outra natureza;1;0;0;0;0;0;0;0;0;0;1;0;0;0;0
20/09/2022;09:18:23;62;Sem vítima;33,000;BR-101/RS;Crescente;Choque;1;0;0;0;0;0;0;0;0;0;3;0;0;0;0
20/09/2022;16:18:36;155;Sem vítima;60,000;BR-290/RS;Crescente;Colisão traseira;2;0;0;0;0;0;0;0;0;0;2;0;0;0;0
20/09/2022;20:28:37;222;Sem vítima;32,000;BR-290/RS;Crescente;Choque;0;0;1;0;0;0;0;0;0;0;1;0;0;0;0
21/09/2022;01:00:19;7;Sem vítima;87,000;BR-290/RS;Crescente;Colisão traseira;2;0;0;0;0;0;0;0;0;0;2;0;0;0;0
21/09/2022;04:20:30;18;Com vítima;29,000;BR-101/RS;Decrescente;Acidentes de outra natureza;1;0;0;0;0;0;0;0;0;0;0;1;0;0;0
21/09/2022;07:02:31;41;Sem vítima;444,000;BR-386/RS;Decrescente;Acidentes de outra natureza;1;0;0;0;0;0;0;0;0;0;1;0;0;0;0
21/09/2022;08:05:01;84;Sem vítima;11,000;BR-101/RS;Crescente;Choque;1;0;0;0;0;0;0;0;0;0;1;0;0;0;0
21/09/2022;08:15:56;94;Sem vítima;60,000;BR-290/RS;Crescente;Colisão traseira;2;0;0;0;0;0;0;0;0;0;3;0;0;0;0
21/09/2022;14:12:43;189;Sem vítima;335,000;BR-386/RS;Decrescente;Acidentes de outra natureza;1;0;0;0;0;0;0;0;0;0;1;0;0;0;0
21/09/2022;18:48:25;245;Sem vítima;344,000;BR-386/RS;Crescente;Engavetamento;2;0;0;0;0;0;0;0;0;0;4;0;0;0;0
22/09/2022;00:06:59;2;Sem vítima;22,000;BR-290/RS;Decrescente;Acidentes de outra natureza;0;0;1;0;0;0;0;0;0;0;1;0;0;0;0
22/09/2022;06:43:23;28;Sem vítima;44,000;BR-101/RS;Crescente;Capotamento;1;0;0;0;0;0;0;0;0;0;2;0;0;0;0
22/09/2022;09:33:55;88;Com vítima;69,000;BR-290/RS;Decrescente;Acidentes de outra natureza;1;0;0;0;0;0;0;0;0;0;0;0;1;0;0
22/09/2022;10:12:09;96;Sem vítima;62,000;BR-290/RS;Crescente;Colisão transversal;1;0;0;0;0;1;0;0;0;0;2;0;0;0;0
22/09/2022;17:50:48;200;Sem vítima;349,000;BR-386/RS;Decrescente;Colisão traseira;1;0;0;0;0;0;0;0;0;0;1;0;0;0;0
22/09/2022;21:23:47;240;Sem vítima;369,000;BR-386/RS;Decrescente;Acidentes de outra natureza;1;0;0;0;0;0;0;0;0;0;1;0;0;0;0
23/09/2022;07:16:09;35;Sem vítima;341,000;BR-386/RS;Decrescente;Colisão traseira;1;0;0;0;0;0;0;0;0;0;1;0;0;0;0
23/09/2022;11:12:18;144;Sem vítima;92,000;BR-290/RS;Decrescente;Colisão traseira;1;0;0;0;0;0;0;0;0;0;1;0;0;0;0
23/09/2022;16:11:17;212;Sem vítima;314,000;BR-386/RS;Crescente;Choque;1;0;0;0;0;0;0;0;0;0;4;0;0;0;0
23/09/2022;17:05:19;221;Sem vítima;90,000;BR-290/RS;Decrescente;Colisão traseira;1;0;0;0;0;0;0;0;0;0;1;0;0;0;0
23/09/2022;17:25:34;224;Sem vítima;345,000;BR-386/RS;Crescente;Colisão traseira;1;0;0;0;0;0;0;0;0;1;3;0;0;0;0
23/09/2022;19:03:42;245;Sem vítima;10,000;BR-101/RS;Decrescente;Colisão traseira;1;0;0;0;0;0;0;0;0;0;1;0;0;0;0
23/09/2022;19:16:30;247;Com vítima;338,000;BR-386/RS;Decrescente;Colisão traseira;2;0;1;0;0;0;0;0;0;0;3;1;0;0;0
23/09/2022;21:40:13;280;Sem vítima;91,100;BR-290/RS;Decrescente;Colisão lateral no mesmo sentido;2;0;0;0;0;0;0;0;0;0;1;0;0;0;0
23/09/2022;22:49:51;289;Sem vítima;86,000;BR-290/RS;Crescente;Colisão lateral no mesmo sentido;2;0;0;0;0;0;0;0;0;0;5;0;0;0;0
24/09/2022;00:13:20;7;Sem vítima;445,000;BR-386/RS;Crescente;Choque;1;0;0;0;0;0;0;0;0;0;0;0;0;0;0
24/09/2022;00:25:19;9;Sem vítima;263,000;BR-386/RS;Decrescente;Acidentes de outra natureza;1;0;0;0;0;0;0;0;0;0;2;0;0;0;0
24/09/2022;02:03:33;16;Sem vítima;366,000;BR-386/RS;Decrescente;Atropelamento de animal;1;0;0;0;0;0;0;0;0;0;1;0;0;0;0
24/09/2022;11:30:57;101;Sem vítima;346,000;BR-386/RS;Crescente;Colisão traseira;2;0;0;0;0;0;0;0;0;0;4;0;0;0;0
24/09/2022;12:00:48;109;Sem vítima;94,000;BR-290/RS;Crescente;Colisão traseira;2;0;0;0;0;0;0;0;0;0;0;0;0;0;0
24/09/2022;13:11:02;120;Com vítima;7,000;BR-101/RS;Decrescente;Queda de moto;0;0;0;1;0;0;0;0;0;0;0;1;0;0;0
24/09/2022;15:25:19;149;Sem vítima;1,000;BR-101/RS;Decrescente;Colisão lateral no mesmo sentido;0;0;1;1;0;0;0;0;0;0;2;0;0;0;0
24/09/2022;16:07:22;154;Sem vítima;325,000;BR-386/RS;Decrescente;Colisão transversal;1;0;1;0;0;0;0;0;0;0;3;0;0;0;0
24/09/2022;19:40:24;200;Sem vítima;19,000;BR-290/RS;Decrescente;Colisão traseira;2;0;0;0;0;0;0;0;0;0;5;0;0;0;0
24/09/2022;20:16:06;209;Sem vítima;32,000;BR-290/RS;Crescente;Colisão lateral no mesmo sentido;1;0;1;0;0;0;0;0;0;0;2;0;0;0;0
24/09/2022;23:46:08;239;Sem vítima;347,000;BR-386/RS;Decrescente;Acidentes de outra natureza;0;0;0;0;0;0;0;0;0;0;0;0;0;0;0
25/09/2022;02:53:39;12;Sem vítima;25,000;BR-290/RS;Crescente;Colisão traseira;2;0;0;0;0;0;0;0;0;0;6;0;0;0;0