data;horario;n_da_ocorrencia;tipo_de_ocorrencia;km;trecho;sentido;tipo_de_acidente;automovel;bicicleta;caminhao;moto;onibus;outros;tracao_animal;transporte_de_cargas_especiais;trator_maquinas;utilitarios;ilesos;levemente_feridos;moderadamente_feridos;gravemente_feridos;mortos
19/12/2022;05:26:27;28;Sem vítima;392,000;BR-386/RS;Crescente;Acidentes de outra natureza;1;0;0;0;0;0;0;0;0;0;1;0;0;0;0
19/12/2022;07:57:34;72;Sem vítima;22,000;BR-101/RS;Crescente;Queda de moto;0;0;0;1;0;0;0;0;0;0;0;0;0;0;0
19/12/2022;08:14:16;78;Sem vítima;227,000;BR-386/RS;Decrescente;Acidentes de outra natureza;1;0;0;0;0;0;0;0;0;0;1;0;0;0;0
19/12/2022;08:17:47;82;Sem vítima;377,000;BR-386/RS;Decrescente;Acidentes de outra natureza;2;0;0;0;0;0;0;0;0;0;4;0;0;0;0
19/12/2022;10:20:00;131;Sem vítima;242,000;BR-386/RS;Decrescente;Colisão lateral no mesmo sentido;2;0;0;0;0;0;0;0;0;0;1;0;0;0;0
19/12/2022;11:53:27;154;Com vítima;356,000;BR-386/RS;Decrescente;Queda de moto;0;0;0;1;0;0;0;0;0;0;0;1;0;0;0
20/12/2022;07:25:26;64;Sem vítima;349,000;BR-386/RS;Decrescente;Colisão traseira;1;0;1;0;0;0;0;0;0;0;2;0;0;0;0
20/12/2022;07:42:47;77;Sem vítima;350,320;BR-386/RS;Decrescente;Engavetamento;3;0;0;0;0;0;0;0;0;0;3;0;0;0;0
20/12/2022;09:32:19;125;Com vítima;17,000;BR-290/RS;Crescente;Capotamento;1;0;0;0;0;0;0;0;0;0;0;1;0;0;0
20/12/2022;10:17:31;135;Sem vítima;422,370;BR-386/RS;Decrescente;Colisão lateral no mesmo sentido;1;0;0;0;0;0;0;0;0;0;1;0;0;0;0
20/12/2022;15:08:58;201;Sem vítima;7,000;BR-101/RS;Crescente;Colisão traseira;2;0;0;0;0;0;0;0;0;0;4;0;0;0;0
21/12/2022;07:47:57;91;Sem vítima;10,000;BR-101/RS;Crescente;Acidentes de outra natureza;0;0;0;0;1;0;0;0;0;0;2;0;0;0;0
21/12/2022;08:26:01;114;Sem vítima;81,000;BR-290/RS;Decrescente;Colisão traseira;1;0;0;0;0;0;0;0;0;0;1;0;0;0;0
21/12/2022;09:04:15;128;Com vítima;358,000;BR-386/RS;Decrescente;Queda de moto;0;0;0;1;0;0;0;0;0;0;0;1;0;0;0
21/12/2022;09:35:05;140;Sem vítima;90,000;BR-290/RS;Crescente;Colisão traseira;2;0;0;0;0;0;0;0;0;0;5;0;0;0;0
21/12/2022;09:56:00;145;Sem vítima;337,000;BR-386/RS;Crescente;Colisão transversal;2;0;0;0;0;0;0;0;0;0;3;0;0;0;0
21/12/2022;13:43:40;216;Com vítima;333,000;BR-386/RS;Crescente;Tombamento;0;0;1;0;0;0;0;0;0;0;0;0;0;1;0
21/12/2022;16:25:52;253;Sem vítima;344,170;BR-386/RS;Crescente;Colisão traseira;2;0;0;0;0;0;0;0;0;0;2;0;0;0;0
21/12/2022;22:06:52;329;Com vítima;92,000;BR-290/RS;Crescente;Choque;1;0;0;0;0;0;0;0;0;0;2;0;1;0;0
22/12/2022;02:21:04;13;Sem vítima;291,000;BR-386/RS;Decrescente;Choque;1;0;0;0;0;0;0;0;0;0;0;0;0;0;0
22/12/2022;02:38:25;14;Sem vítima;413,000;BR-386/RS;Crescente;Acidentes de outra natureza;1;0;0;0;0;0;0;0;0;0;2;0;0;0;0
22/12/2022;06:29:34;38;Sem vítima;98,000;BR-290/RS;Decrescente;Colisão traseira;1;0;1;0;0;0;0;0;0;0;1;0;0;0;0
22/12/2022;07:14:59;61;Com vítima;15,000;BR-101/RS;Decrescente;Queda de moto;0;0;0;1;0;0;0;0;0;0;0;0;1;0;0
22/12/2022;11:34:32;175;Com vítima;344,000;BR-386/RS;Crescente;Colisão frontal;2;0;0;0;0;0;0;0;0;0;3;1;1;0;0
22/12/2022;12:07:35;187;Sem vítima;180,000;BR-386/RS;Crescente;Colisão transversal;1;0;1;0;0;0;0;0;0;0;1;0;0;0;0
22/12/2022;19:00:52;292;Sem vítima;345,000;BR-386/RS;Crescente;Capotamento;1;0;0;0;0;0;0;0;0;0;1;0;0;0;0
22/12/2022;20:17:47;308;Sem vítima;379,000;BR-386/RS;Crescente;Atropelamento de animal;1;0;0;0;0;0;0;0;0;0;3;0;0;0;0
22/12/2022;20:35:09;311;Sem vítima;181,000;BR-386/RS;Crescente;Acidentes de outra natureza;0;0;0;0;0;0;0;0;0;0;0;0;0;0;0
23/12/2022;07:12:08;35;Sem vítima;351,000;BR-386/RS;Decrescente;Colisão traseira;2;0;0;0;0;0;0;0;0;0;1;0;0;0;0
23/12/2022;07:40:37;51;Com vítima;346,000;BR-386/RS;Decrescente;Colisão traseira;1;0;0;0;0;0;0;0;0;0;0;1;0;0;0
23/12/2022;08:01:11;60;Com vítima;284,000;BR-386/RS;Decrescente;Colisão frontal;2;0;1;0;0;0;0;0;0;0;3;0;0;3;1
23/12/2022;08:21:10;64;Sem vítima;10,000;BR-101/RS;Crescente;Colisão traseira;0;0;0;0;0;0;0;0;0;1;1;0;0;0;0
23/12/2022;10:26:27;120;Sem vítima;350,000;BR-386/RS;Decrescente;Engavetamento;3;0;0;0;0;0;0;0;0;0;7;0;0;0;0
23/12/2022;12:01:11;150;Com vítima;329,280;BR-386/RS;Crescente;Colisão lateral no mesmo sentido;1;0;0;1;0;0;0;0;0;0;1;1;0;0;0
23/12/2022;12:24:09;157;Sem vítima;340,000;BR-386/RS;Crescente;Colisão traseira;1;0;0;0;0;1;0;0;0;0;5;0;0;0;0
23/12/2022;13:19:19;178;Sem vítima;88,000;BR-290/RS;Decrescente;Colisão traseira;1;0;0;0;0;0;0;0;0;0;3;0;0;0;0
23/12/2022;13:52:40;192;Sem vítima;306,000;BR-386/RS;Decrescente;Colisão traseira;1;0;1;0;0;0;0;0;0;0;2;0;0;0;0
23/12/2022;14:38:11;212;Sem vítima;55,000;BR-101/RS;Crescente;Colisão traseira;2;0;0;0;0;0;0;0;0;0;3;0;0;0;0
23/12/2022;14:54:19;218;Sem vítima;307,000;BR-386/RS;Crescente;Acidentes de outra natureza;1;0;0;0;0;0;0;0;0;0;1;0;0;0;0
23/12/2022;17:24:31;268;Sem vítima;351,000;BR-386/RS;Decrescente;Choque;1;0;0;0;0;0;0;0;0;0;1;0;0;0;0
23/12/2022;20:52:41;336;Sem vítima;81,000;BR-290/RS;Crescente;Atropelamento de animal;1;0;0;0;0;0;0;0;0;0;4;0;0;0;0
23/12/2022;21:34:44;354;Sem vítima;242,000;BR-386/RS;Decrescente;Acidentes de outra natureza;1;0;0;0;0;0;0;0;0;0;1;0;0;0;0
24/12/2022;00:19:59;1;Com vítima;446,000;BR-386/RS;Decrescente;Atropelamento de animal;0;0;0;1;0;0;0;0;0;0;0;1;0;0;0
24/12/2022;00:26:16;3;Sem vítima;439,000;BR-386/RS;Decrescente;Acidentes de outra natureza;1;0;0;0;0;0;0;0;0;0;1;0;0;0;0
24/12/2022;03:58:34;21;Sem vítima;18,000;BR-101/RS;Decrescente;Colisão lateral no mesmo sentido;2;0;0;0;0;0;0;0;0;0;5;0;0;0;0
24/12/2022;05:15:42;31;Sem vítima;49,000;BR-290/RS;Crescente;Choque;1;0;0;0;0;0;0;0;0;0;2;0;0;0;0
24/12/2022;07:23:48;54;Sem vítima;342,000;BR-386/RS;Decrescente;Colisão traseira;2;0;0;0;0;0;0;0;0;0;4;0;0;0;0
24/12/2022;08:01:28;66;Sem vítima;225,000;BR-386/RS;Decrescente;Engavetamento;3;0;0;0;0;0;0;0;0;0;7;0;0;0;0
24/12/2022;08:15:49;72;Sem vítima;283,000;BR-386/RS;Decrescente;Colisão traseira;2;0;0;0;0;0;0;0;0;0;5;0;0;0;0
24/12/2022;09:41:02;96;Com vítima;339,000;BR-386/RS;Decrescente;Colisão frontal;2;0;0;0;0;0;0;0;0;0;1;0;1;0;0
25/12/2022;01:13:18;4;Sem vítima;289,000;BR-386/RS;Decrescente;Acidentes de outra natureza;1;0;0;0;0;0;0;0;0;0;1;0;0;0;0
25/12/2022;09:13:27;35;Sem vítima;403,000;BR-386/RS;Decrescente;Acidentes de outra natureza;1;0;0;0;0;0;0;0;0;0;2;0;0;0;0
25/12/2022;11:46:14;68;Sem vítima;345,000;BR-386/RS;Decrescente;Acidentes de outra natureza;1;0;0;0;0;0;0;0;0;0;2;0;0;0;0
25/12/2022;14:13:36;99;Sem vítima;333,000;BR-386/RS;Decrescente;Acidentes de outra natureza;1;0;0;0;0;0;0;0;0;0;4;0;0;0;0
25/12/2022;20:05:06;194;Sem vítima;1,000;BR-290/RS;Crescente;Choque;1;0;0;0;0;0;0;0;0;0;1;0;0;0;0
25/12/2022;20:35:11;202;Sem vítima;397,000;BR-386/RS;Decrescente;Choque;1;0;0;0;0;0;0;0;0;0;0;0;0;0;0
25/12/2022;21:15:32;211;Com vítima;344,000;BR-386/RS;Crescente;Colisão transversal;1;0;0;1;0;0;0;0;0;0;1;1;0;0;0
26/12/2022;07:20:21;71;Sem vítima;278,000;BR-386/RS;Decrescente;Capotamento;1;0;0;0;0;0;0;0;0;0;1;0;0;0;0
26/12/2022;07:39:18;83;Sem vítima;342,000;BR-386/RS;Decrescente;Colisão transversal;1;0;0;1;0;0;0;0;0;0;2;0;0;0;0
26/12/2022;10:52:53;168;Sem vítima;339,000;BR-386/RS;Crescente;Colisão frontal;3;0;0;0;0;0;0;0;0;0;8;0;0;0;0
26/12/2022;11:38:25;187;Sem vítima;33,000;BR-290/RS;Crescente;Tombamento;1;0;0;0;0;0;0;0;0;0;2;0;0;0;0
26/12/2022;13:22:19;222;Sem vítima;242,000;BR-386/RS;Decrescente;Colisão traseira;2;0;0;0;0;0;0;0;0;0;7;0;0;0;0
26/12/2022;13:56:42;236;Sem vítima;14,000;BR-290/RS;Crescente;Acidentes de outra natureza;1;0;0;0;0;0;0;0;0;0;0;0;0;0;0
26/12/2022;14:43:54;249;Sem vítima;19,000;BR-290/RS;Decrescente;Colisão traseira;2;0;0;0;0;0;0;0;0;0;2;0;0;0;0
26/12/2022;16:00:59;271;Sem vítima;66,000;BR-101/RS;Crescente;Choque;1;0;0;0;0;0;0;0;0;0;1;0;0;0;0
26/12/2022;16:16:20;280;Sem vítima;393,000;BR-386/RS;Crescente;Colisão lateral no mesmo sentido;1;0;1;0;0;1;0;0;0;0;3;0;0;0;0
26/12/2022;17:46:01;307;Sem vítima;349,000;BR-386/RS;Decrescente;Colisão lateral no mesmo sentido;1;0;0;0;1;0;0;0;0;0;6;0;0;0;0
26/12/2022;19:07:48;322;Sem vítima;265,000;BR-386/RS;Decrescente;Colisão lateral no mesmo sentido;0;0;1;0;0;0;0;0;0;0;1;0;0;0;0
26/12/2022;19:35:22;333;Sem vítima;231,000;BR-386/RS;Decrescente;Acidentes de outra natureza;1;0;0;0;0;0;0;0;0;0;1;0;0;0;0
26/12/2022;22:32:33;373;Sem vítima;407,000;BR-386/RS;Crescente;Acidentes de outra natureza;1;0;0;0;0;0;0;0;0;0;1;0;0;0;0
26/12/2022;22:36:25;374;Sem vítima;266,000;BR-386/RS;Decrescente;Acidentes de outra natureza;1;0;0;0;0;0;0;0;0;0;0;0;0;0;0
27/12/2022;05:33:57;27;Sem vítima;54,000;BR-101/RS;Decrescente;Capotamento;1;0;0;0;0;0;0;0;0;0;1;0;0;0;0
27/12/2022;10:52:29;166;Sem vítima;413,000;BR-386/RS;Decrescente;Choque;1;0;0;0;0;0;0;0;0;0;1;0;0;0;0
27/12/2022;17:38:37;266;Com vítima;91,000;BR-290/RS;Decrescente;Colisão lateral no mesmo sentido;0;0;0;1;0;0;0;0;0;0;0;0;1;0;0
27/12/2022;21:17:03;334;Sem vítima;60,000;BR-290/RS;Crescente;Atropelamento de animal;1;0;0;0;0;0;0;0;0;0;1;0;0;0;0
28/12/2022;00:55:57;6;Sem vítima;93,000;BR-290/RS;Crescente;Choque;1;0;0;0;0;0;0;0;0;0;1;0;0;0;0
28/12/2022;01:24:53;8;Sem vítima;414,000;BR-386/RS;Crescente;Acidentes de outra natureza;1;0;0;0;0;0;0;0;0;0;1;0;0;0;0
28/12/2022;04:32:06;21;Sem vítima;370,000;BR-386/RS;Decrescente;Acidentes de outra natureza;1;0;0;0;0;0;0;0;0;0;1;0;0;0;0
28/12/2022;05:42:38;29;Sem vítima;258,000;BR-386/RS;Crescente;Capotamento;1;0;0;0;0;0;0;0;0;0;1;0;0;0;0
28/12/2022;06:00:28;31;Sem vítima;92,000;BR-290/RS;Crescente;Choque;1;0;0;0;0;0;0;0;0;0;1;0;0;0;0
28/12/2022;06:42:04;41;Sem vítima;90,000;BR-290/RS;Crescente;Colisão traseira;2;0;0;0;0;0;0;0;0;0;2;0;0;0;0
28/12/2022;07:03:07;52;Sem vítima;285,000;BR-386/RS;Decrescente;Choque;1;0;0;0;0;0;0;0;0;0;1;0;0;0;0
28/12/2022;07:53:10;78;Sem vítima;442,000;BR-386/RS;Crescente;Acidentes de outra natureza;1;0;0;0;0;0;0;0;0;0;1;0;0;0;0
28/12/2022;08:12:26;86;Sem vítima;252,000;BR-386/RS;Decrescente;Acidentes de outra natureza;1;0;0;0;0;0;0;0;0;0;1;0;0;0;0
28/12/2022;08:15:25;88;Com vítima;15,000;BR-101/RS;Decrescente;Colisão traseira;0;0;0;1;0;0;0;0;0;0;0;0;0;1;0
28/12/2022;08:26:02;92;Sem vítima;10,000;BR-290/RS;Crescente;Acidentes de outra natureza;0;0;0;0;1;0;0;0;0;0;1;0;0;0;0
28/12/2022;08:35:49;97;Sem vítima;10,000;BR-290/RS;Decrescente;Acidentes de outra natureza;0;0;0;0;0;0;0;0;0;0;0;0;0;0;0
28/12/2022;10:10:37;142;Sem vítima;381,000;BR-386/RS;Crescente;Colisão traseira;1;0;0;0;0;0;0;0;0;0;1;0;0;0;0
28/12/2022;10:26:28;148;Sem vítima;336,000;BR-386/RS;Crescente;Engavetamento;1;0;0;0;0;0;0;0;0;0;1;0;0;0;0
28/12/2022;12:34:24;179;Sem vítima;8,000;BR-290/RS;Decrescente;Acidentes de outra natureza;1;0;0;0;0;0;0;0;0;0;1;0;0;0;0
28/12/2022;13:30:21;194;Sem vítima;342,000;BR-386/RS;Decrescente;Acidentes de outra natureza;1;0;0;0;0;0;0;0;0;0;1;0;0;0;0
28/12/2022;20:01:40;287;Sem vítima;204,000;BR-386/RS;Crescente;Colisão traseira;1;0;0;0;0;0;0;0;0;0;1;0;0;0;0
29/12/2022;03:11:15;10;Sem vítima;423,000;BR-386/RS;Decrescente;Acidentes de outra natureza;0;0;1;0;0;0;0;0;0;0;1;0;0;0;0
29/12/2022;06:18:38;19;Sem vítima;417,000;BR-386/RS;Crescente;Colisão traseira;0;0;0;0;0;0;0;0;0;0;0;0;0;0;0
29/12/2022;06:46:14;35;Com vítima;325,000;BR-386/RS;Crescente;Colisão lateral no mesmo sentido;2;0;0;0;0;0;0;0;0;0;0;0;0;2;0
29/12/2022;08:02:54;80;Sem vítima;64,000;BR-290/RS;Crescente;Colisão lateral no mesmo sentido;1;0;0;0;0;0;0;0;0;0;1;0;0;0;0
29/12/2022;09:08:00;101;Sem vítima;10,000;BR-101/RS;Crescente;Colisão lateral no mesmo sentido;1;0;0;0;0;0;0;0;0;0;1;0;0;0;0
29/12/2022;10:53:58;142;Sem vítima;59,000;BR-290/RS;Crescente;Choque;1;0;0;0;0;0;0;0;0;0;1;0;0;0;0
29/12/2022;12:07:04;163;Sem vítima;25,000;BR-101/RS;Decrescente;Engavetamento;0;0;0;0;0;0;0;0;0;0;0;0;0;0;0
29/12/2022;15:43:08;219;Sem vítima;81,000;BR-290/RS;Decrescente;Engavetamento;0;0;0;0;0;0;0;0;0;0;0;0;0;0;0
29/12/2022;17:17:19;241;Sem vítima;73,000;BR-290/RS;Decrescente;Colisão traseira;0;0;0;0;0;0;0;0;0;0;0;0;0;0;0
29/12/2022;23:47:08;317;Sem vítima;418,000;BR-386/RS;Crescente;Atropelamento de animal;1;0;0;0;0;0;0;0;0;0;1;0;0;0;0
30/12/2022;08:44:01;110;Sem vítima;21,000;BR-290/RS;Decrescente;Engavetamento;2;0;0;0;0;0;0;0;0;0;2;0;0;0;0
30/12/2022;08:57:01;116;Sem vítima;21,000;BR-290/RS;Decrescente;Engavetamento;0;0;0;0;0;0;0;0;0;0;0;0;0;0;0
30/12/2022;09:48:30;139;Sem vítima;28,000;BR-290/RS;Decrescente;Colisão traseira;1;0;0;0;0;0;0;0;0;0;1;0;0;0;0
30/12/2022;14:01:54;227;Sem vítima;19,000;BR-290/RS;Decrescente;Queda de moto;0;0;0;1;0;0;0;0;0;0;1;0;0;0;0
30/12/2022;16:23:52;291;Sem vítima;52,000;BR-290/RS;Decrescente;Acidentes de outra natureza;1;0;0;0;0;0;0;0;0;0;1;0;0;0;0
30/12/2022;16:28:13;294;Sem vítima;92,000;BR-290/RS;Crescente;Queda de moto;0;0;0;1;0;0;0;0;0;0;0;0;0;0;0
30/12/2022;18:38:35;347;Sem vítima;2,000;BR-101/RS;Decrescente;Acidentes de outra natureza;1;0;0;0;0;0;0;0;0;0;1;0;0;0;0
30/12/2022;20:27:59;392;Sem vítima;42,000;BR-101/RS;Decrescente;Capotamento;1;0;0;0;0;0;0;0;0;0;1;0;0;0;0
30/12/2022;20:52:51;398;Sem vítima;25,000;BR-290/RS;Decrescente;Colisão traseira;1;0;0;0;0;0;0;0;0;0;0;0;0;0;0
30/12/2022;20:56:20;402;Sem vítima;60,000;BR-290/RS;Decrescente;Colisão traseira;1;0;0;0;0;0;0;0;0;0;1;0;0;0;0
31/12/2022;01:52:34;19;Com vítima;20,000;BR-290/RS;Decrescente;Queda de moto;0;0;0;1;0;0;0;0;0;0;0;0;1;0;0
31/12/2022;03:06:00;29;Sem vítima;27,000;BR-290/RS;Decrescente;Atropelamento de animal;1;0;0;0;0;0;0;0;0;0;1;0;0;0;0
31/12/2022;03:34:39;32;Sem vítima;53,000;BR-290/RS;Crescente;Colisão traseira;0;0;1;0;0;0;0;0;0;0;1;0;0;0;0
31/12/2022;04:27:14;37;Sem vítima;36,000;BR-290/RS;Decrescente;Acidentes de outra natureza;1;0;0;0;0;0;0;0;0;0;1;0;0;0;0
31/12/2022;04:37:53;39;Sem vítima;358,000;BR-386/RS;Crescente;Acidentes de outra natureza;1;0;0;0;0;0;0;0;0;0;1;0;0;0;0
31/12/2022;04:53:38;40;Sem vítima;82,000;BR-290/RS;Crescente;Colisão traseira;2;0;0;0;0;0;0;0;0;0;2;0;0;0;0
31/12/2022;05:40:36;42;Sem vítima;66,000;BR-101/RS;Decrescente;Queda de moto;0;0;0;1;0;0;0;0;0;0;1;0;0;0;0
31/12/2022;06:17:46;57;Sem vítima;60,000;BR-101/RS;Crescente;Colisão traseira;0;0;1;0;0;0;0;0;0;0;0;0;0;0;0
31/12/2022;06:24:15;61;Sem vítima;38,000;BR-290/RS;Decrescente;Queda de moto;0;0;0;1;0;0;0;0;0;0;0;0;0;0;0
31/12/2022;09:13:27;118;Sem vítima;388,000;BR-386/RS;Crescente;Colisão lateral no mesmo sentido;0;0;0;0;0;1;0;0;0;0;1;0;0;0;0
31/12/2022;18:00:29;294;Sem vítima;90,000;BR-290/RS;Decrescente;Colisão lateral no mesmo sentido;0;0;0;0;0;0;0;0;0;0;0;0;0;0;0
31/12/2022;22:28:09;368;Com vítima;44,000;BR-101/RS;Decrescente;Atropelamento de animal;1;0;0;0;0;0;0;0;0;0;0;1;0;0;0
01/01/2023;00:59:15;6;Com vítima;353,000;BR-386/RS;Decrescente;Capotamento;1;0;0;0;0;0;0;0;0;0;0;0;1;0;0
01/01/2023;04:59:51;35;Sem vítima;412,000;BR-386/RS;Crescente;Atropelamento de animal;1;0;0;0;0;0;0;0;0;0;1;0;0;0;0
01/01/2023;06:21:58;47;Sem vítima;310,000;BR-386/RS;Crescente;Choque;1;0;0;0;0;0;0;0;0;0;0;0;0;0;0
01/01/2023;06:56:48;52;Com vítima;91,000;BR-290/RS;Crescente;Capotamento;1;0;0;0;0;0;0;0;0;0;0;1;0;0;0
01/01/2023;07:04:33;56;Com vítima;57,000;BR-101/RS;Crescente;Acidentes de outra natureza;1;0;0;0;0;0;0;0;0;0;0;0;1;0;0
01/01/2023;07:10:34;58;Com vítima;415,000;BR-386/RS;Crescente;Colisão transversal;1;0;0;0;0;0;0;0;0;0;0;0;0;1;0
01/01/2023;07:44:37;62;Sem vítima;26,000;BR-290/RS;Decrescente;Colisão traseira;1;0;0;0;0;0;0;0;0;0;1;0;0;0;0
01/01/2023;08:10:45;66;Sem vítima;55,000;BR-290/RS;Decrescente;Acidentes de outra natureza;1;0;0;0;0;0;0;0;0;0;0;0;0;0;0
01/01/2023;15:21:28;210;Sem vítima;228,000;BR-386/RS;Crescente;Atropelamento de animal;1;0;0;0;0;0;0;0;0;0;1;0;0;0;0
01/01/2023;15:32:33;215;Com vítima;367,000;BR-386/RS;Crescente;Choque;1;0;0;0;0;0;0;0;0;0;0;1;0;0;0
01/01/2023;17:39:04;271;Sem vítima;42,000;BR-290/RS;Crescente;Colisão lateral no mesmo sentido;2;0;0;0;0;0;0;0;0;0;2;0;0;0;0
01/01/2023;18:16:50;289;Sem vítima;12,000;BR-290/RS;Crescente;Colisão traseira;1;0;0;0;0;0;0;0;0;0;1;0;0;0;0
01/01/2023;18:49:02;305;Sem vítima;49,000;BR-290/RS;Crescente;Colisão traseira;0;0;0;0;0;0;0;0;0;0;0;0;0;0;0
01/01/2023;20:03:43;342;Sem vítima;4,000;BR-290/RS;Crescente;Colisão traseira;1;0;0;0;0;0;0;0;0;0;1;0;0;0;0
01/01/2023;23:27:55;422;Sem vítima;59,000;BR-290/RS;Crescente;Acidentes de outra natureza;1;0;0;0;0;0;0;0;0;0;1;0;0;0;0
02/01/2023;06:50:08;81;Sem vítima;25,000;BR-290/RS;Decrescente;Colisão traseira;1;0;0;0;0;0;0;0;0;0;0;0;0;0;0
02/01/2023;06:50:20;82;Sem vítima;307,000;BR-386/RS;Decrescente;Acidentes de outra natureza;1;0;0;0;0;0;0;0;0;0;1;0;0;0;0
02/01/2023;07:45:24;111;Sem vítima;7,000;BR-101/RS;Decrescente;Colisão traseira;1;0;0;0;0;0;0;0;0;0;1;0;0;0;0
02/01/2023;09:02:06;152;Sem vítima;1,000;BR-101/RS;Crescente;Colisão traseira;0;0;0;0;0;0;0;0;0;0;0;0;0;0;0
02/01/2023;09:08:16;155;Sem vítima;308,000;BR-386/RS;Crescente;Colisão traseira;1;0;0;0;0;0;0;0;0;0;1;0;0;0;0
02/01/2023;09:16:13;161;Sem vítima;19,000;BR-290/RS;Decrescente;Colisão traseira;2;0;0;0;0;0;0;0;0;0;2;0;0;0;0
02/01/2023;09:56:24;180;Sem vítima;11,000;BR-290/RS;Crescente;Colisão traseira;1;0;0;0;0;0;0;0;0;0;0;0;0;0;0
02/01/2023;10:29:25;191;Sem vítima;10,000;BR-290/RS;Crescente;Colisão traseira;1;0;0;0;0;0;0;0;0;0;0;0;0;0;0
02/01/2023;10:51:34;203;Com vítima;86,000;BR-101/RS;Crescente;Colisão traseira;0;0;0;1;0;0;0;0;0;0;0;1;0;0;0
02/01/2023;11:03:09;206;Sem vítima;6,000;BR-101/RS;Crescente;Colisão transversal;1;0;0;0;0;0;0;0;0;0;0;0;0;0;0
02/01/2023;12:21:57;223;Sem vítima;394,000;BR-386/RS;Decrescente;Colisão lateral no mesmo sentido;1;0;0;0;0;0;0;0;0;0;1;0;0;0;0
02/01/2023;13:05:47;235;Com vítima;90,000;BR-290/RS;Decrescente;Colisão lateral no mesmo sentido;0;0;0;2;0;0;0;0;0;0;0;2;0;0;0
02/01/2023;13:51:52;253;Sem vítima;91,000;BR-290/RS;Decrescente;Colisão traseira;2;0;0;0;0;0;0;0;0;0;2;0;0;0;0
02/01/2023;14:07:00;263;Sem vítima;80,000;BR-101/RS;Crescente;Colisão traseira;1;0;0;0;0;0;0;0;0;0;1;0;0;0;0
02/01/2023;14:54:25;278;Sem vítima;68,000;BR-101/RS;Crescente;Colisão traseira;0;0;0;0;0;0;0;0;0;0;0;0;0;0;0
02/01/2023;16:55:38;334;Sem vítima;372,000;BR-386/RS;Decrescente;Colisão traseira;1;0;0;0;0;0;0;0;0;0;1;0;0;0;0
02/01/2023;17:04:28;338;Sem vítima;60,000;BR-290/RS;Decrescente;Colisão lateral no mesmo sentido;0;0;1;0;0;0;0;0;0;0;1;0;0;0;0
02/01/2023;17:41:10;355;Com vítima;346,000;BR-386/RS;Decrescente;Capotamento;1;0;0;0;0;0;0;0;0;0;0;0;0;1;0
02/01/2023;17:45:06;359;Sem vítima;354,000;BR-386/RS;Decrescente;Acidentes de outra natureza;0;0;0;0;0;0;0;0;0;0;0;0;0;0;0
02/01/2023;18:54:34;385;Sem vítima;92,000;BR-290/RS;Decrescente;Acidentes de outra natureza;1;0;0;0;0;0;0;0;0;0;1;0;0;0;0
02/01/2023;20:58:20;429;Sem vítima;10,000;BR-290/RS;Crescente;Colisão traseira;2;0;0;0;0;0;0;0;0;0;2;0;0;0;0
03/01/2023;00:06:16;2;Sem vítima;70,000;BR-290/RS;Crescente;Capotamento;1;0;0;0;0;0;0;0;0;0;1;0;0;0;0
03/01/2023;07:28:50;76;Sem vítima;294,000;BR-386/RS;Crescente;Acidentes de outra natureza;1;0;0;0;0;0;0;0;0;0;1;0;0;0;0
03/01/2023;08:21:52;100;Sem vítima;344,000;BR-386/RS;Decrescente;Colisão lateral no mesmo sentido;1;0;0;0;0;0;0;0;0;0;1;0;0;0;0
03/01/2023;09:16:32;125;Com vítima;215,000;BR-386/RS;Crescente;Colisão transversal;0;0;0;1;0;0;0;0;0;0;0;1;0;0;0
03/01/2023;09:19:00;127;Sem vítima;324,000;BR-386/RS;Crescente;Colisão traseira;0;0;0;0;1;0;0;0;0;0;1;0;0;0;0
03/01/2023;11:22:31;169;Sem vítima;33,000;BR-290/RS;Crescente;Colisão traseira;1;0;0;0;0;0;0;0;0;0;1;0;0;0;0
03/01/2023;11:52:51;176;Sem vítima;34,000;BR-290/RS;Crescente;Engavetamento;2;0;0;0;0;0;0;0;0;0;2;0;0;0;0
03/01/2023;13:53:32;209;Com vítima;25,000;BR-290/RS;Crescente;Queda de moto;0;0;0;1;0;0;0;0;0;0;0;1;0;0;0
03/01/2023;14:19:07;214;Com vítima;410,000;BR-386/RS;Decrescente;Colisão traseira;2;0;0;0;0;0;0;0;0;0;0;2;0;0;0
03/01/2023;21:57:27;345;Com vítima;346,000;BR-386/RS;Crescente;Queda de moto;0;0;0;1;0;0;0;0;0;0;0;0;1;0;0
04/01/2023;04:32:09;12;Com vítima;417,000;BR-386/RS;Decrescente;Acidentes de outra natureza;1;0;0;0;0;0;0;0;0;0;0;1;0;0;0
04/01/2023;06:54:06;31;Sem vítima;74,000;BR-101/RS;Decrescente;Atropelamento de animal;1;0;0;0;0;0;0;0;0;0;1;0;0;0;0
04/01/2023;07:44:11;73;Sem vítima;217,000;BR-386/RS;Decrescente;Colisão traseira;1;0;0;0;0;0;0;0;0;0;1;0;0;0;0
04/01/2023;10:57:21;158;Sem vítima;60,000;BR-290/RS;Crescente;Colisão traseira;1;0;0;0;0;0;0;0;0;0;1;0;0;0;0