data;horario;n_da_ocorrencia;tipo_de_ocorrencia;km;trecho;sentido;tipo_de_acidente;automovel;bicicleta;caminhao;moto;onibus;outros;tracao_animal;transporte_de_cargas_especiais;trator_maquinas;utilitarios;ilesos;levemente_feridos;moderadamente_feridos;gravemente_feridos;mortos
04/01/2023;13:36:20;204;Sem vítima;83,000;BR-290/RS;Crescente;Atropelamento de ciclista;1;0;0;0;0;0;0;0;0;0;0;0;0;0;0
04/01/2023;15:44:56;237;Sem vítima;354,000;BR-386/RS;Decrescente;Colisão transversal;1;0;0;0;0;0;0;0;0;0;1;0;0;0;0
04/01/2023;17:59:32;282;Com vítima;92,000;BR-290/RS;Decrescente;Queda de moto;0;0;0;1;0;0;0;0;0;0;0;1;0;0;0
05/01/2023;08:18:53;112;Sem vítima;421,000;BR-386/RS;Crescente;Atropelamento de animal;1;0;0;0;0;0;0;0;0;0;0;0;0;0;0
05/01/2023;09:15:21;133;Sem vítima;55,000;BR-290/RS;Crescente;Colisão traseira;1;0;0;0;0;0;0;0;0;0;1;0;0;0;0
05/01/2023;09:19:25;134;Sem vítima;59,000;BR-101/RS;Decrescente;Colisão traseira;2;0;0;0;0;0;0;0;0;0;2;0;0;0;0
05/01/2023;10:34:33;151;Sem vítima;357,000;BR-386/RS;Decrescente;Acidentes de outra natureza;1;0;0;0;0;0;0;0;0;0;1;0;0;0;0
05/01/2023;11:35:33;167;Sem vítima;53,000;BR-290/RS;Crescente;Colisão traseira;1;0;0;0;0;0;0;0;0;0;1;0;0;0;0
05/01/2023;15:38:49;236;Sem vítima;19,000;BR-290/RS;Decrescente;Colisão traseira;1;0;0;0;0;0;0;0;0;0;1;0;0;0;0
05/01/2023;16:43:28;261;Sem vítima;307,000;BR-386/RS;Decrescente;Colisão lateral no mesmo sentido;0;0;0;0;2;0;0;0;0;0;2;0;0;0;0
05/01/2023;18:46:28;306;Sem vítima;342,000;BR-386/RS;Decrescente;Queda de moto;1;0;0;0;0;0;0;0;0;0;1;0;0;0;0
05/01/2023;23:58:49;364;Com vítima;436,000;BR-386/RS;Decrescente;Atropelamento de pedestre;0;0;0;1;0;0;0;0;0;0;0;0;0;0;1
06/01/2023;04:43:00;15;Sem vítima;44,000;BR-290/RS;Crescente;Acidentes de outra natureza;0;0;0;0;0;1;0;0;0;0;1;0;0;0;0
06/01/2023;06:13:28;21;Sem vítima;80,000;BR-101/RS;Crescente;Acidentes de outra natureza;1;0;0;0;0;0;0;0;0;0;1;0;0;0;0
06/01/2023;07:25:50;57;Sem vítima;85,000;BR-290/RS;Crescente;Colisão traseira;1;0;0;0;0;0;0;0;0;0;1;0;0;0;0
06/01/2023;07:40:49;69;Sem vítima;342,000;BR-386/RS;Decrescente;Colisão lateral no mesmo sentido;1;0;0;0;0;0;0;0;0;0;1;0;0;0;0
06/01/2023;09:55:52;129;Sem vítima;88,000;BR-290/RS;Crescente;Capotamento;1;0;0;0;0;0;0;0;0;0;0;0;0;0;0
06/01/2023;11:23:02;149;Sem vítima;40,000;BR-101/RS;Crescente;Acidentes de outra natureza;0;0;0;0;0;0;0;0;0;0;0;0;0;0;0
06/01/2023;12:57:39;169;Com vítima;86,000;BR-290/RS;Decrescente;Acidentes de outra natureza;1;0;0;0;0;0;0;0;0;0;0;1;0;0;0
06/01/2023;16:46:56;236;Sem vítima;19,000;BR-290/RS;Decrescente;Colisão traseira;1;0;0;0;0;0;0;0;0;0;1;0;0;0;0
06/01/2023;18:21:37;267;Sem vítima;440,000;BR-386/RS;Crescente;Acidentes de outra natureza;1;0;0;0;0;0;0;0;0;0;1;0;0;0;0
06/01/2023;22:20:23;333;Sem vítima;59,000;BR-290/RS;Crescente;Capotamento;1;0;0;0;0;0;0;0;0;0;1;0;0;0;0
06/01/2023;22:42:47;339;Sem vítima;384,000;BR-386/RS;Decrescente;Colisão traseira;1;0;0;0;0;0;0;0;0;0;1;0;0;0;0
07/01/2023;03:28:15;12;Sem vítima;40,000;BR-290/RS;Crescente;Acidentes de outra natureza;1;0;0;0;0;0;0;0;0;0;1;0;0;0;0
07/01/2023;04:00:53;15;Sem vítima;24,000;BR-290/RS;Decrescente;Colisão traseira;1;0;0;0;0;0;0;0;0;0;1;0;0;0;0
07/01/2023;05:29:36;19;Sem vítima;181,000;BR-386/RS;Crescente;Acidentes de outra natureza;1;0;0;0;0;0;0;0;0;0;1;0;0;0;0
07/01/2023;05:38:20;20;Sem vítima;40,000;BR-290/RS;Decrescente;Colisão traseira;1;0;0;0;0;0;0;0;0;0;1;0;0;0;0
07/01/2023;06:44:52;39;Sem vítima;91,000;BR-290/RS;Decrescente;Choque;1;0;0;0;0;0;0;0;0;0;1;0;0;0;0
07/01/2023;06:46:52;40;Sem vítima;50,000;BR-290/RS;Decrescente;Acidentes de outra natureza;1;0;0;0;0;0;0;0;0;0;1;0;0;0;0
07/01/2023;09:02:37;81;Com vítima;12,000;BR-290/RS;Decrescente;Acidentes de outra natureza;1;0;0;0;0;0;0;0;0;0;0;1;0;0;0
07/01/2023;10:14:32;102;Sem vítima;32,000;BR-101/RS;Decrescente;Colisão traseira;1;0;0;0;0;0;0;0;0;0;1;0;0;0;0
07/01/2023;10:56:53;110;Sem vítima;338,000;BR-386/RS;Crescente;Engavetamento;1;0;0;0;0;0;0;0;0;0;1;0;0;0;0
07/01/2023;12:00:03;128;Sem vítima;240,000;BR-386/RS;Decrescente;Acidentes de outra natureza;1;0;0;0;0;0;0;0;0;0;1;0;0;0;0
07/01/2023;14:18:19;152;Sem vítima;221,000;BR-386/RS;Decrescente;Colisão frontal;2;0;0;0;0;0;0;0;0;0;2;0;0;0;0
07/01/2023;15:13:50;168;Sem vítima;32,000;BR-101/RS;Decrescente;Colisão traseira;1;0;0;0;0;0;0;0;0;0;1;0;0;0;0
07/01/2023;15:19:10;169;Sem vítima;367,000;BR-386/RS;Crescente;Colisão transversal;1;0;0;0;0;0;0;0;0;0;0;0;0;0;0
07/01/2023;16:34:46;183;Sem vítima;349,000;BR-386/RS;Decrescente;Colisão transversal;1;0;0;0;0;0;0;0;0;0;1;0;0;0;0
07/01/2023;18:50:15;216;Sem vítima;69,000;BR-290/RS;Decrescente;Acidentes de outra natureza;1;0;0;0;0;0;0;0;0;0;1;0;0;0;0
07/01/2023;21:13:02;236;Sem vítima;302,000;BR-386/RS;Decrescente;Colisão transversal;1;0;0;0;0;0;0;0;0;0;1;0;0;0;0
08/01/2023;05:04:52;16;Com vítima;304,000;BR-386/RS;Decrescente;Acidentes de outra natureza;0;0;0;1;0;0;0;0;0;0;0;1;0;0;0
08/01/2023;07:05:13;34;Sem vítima;1,000;BR-101/RS;Decrescente;Colisão traseira;1;0;0;0;0;0;0;0;0;0;1;0;0;0;0
08/01/2023;12:54:05;100;Com vítima;8,000;BR-101/RS;Decrescente;Acidentes de outra natureza;0;0;0;1;0;0;0;0;0;0;0;1;0;0;0
08/01/2023;15:50:32;132;Sem vítima;239,000;BR-386/RS;Crescente;Colisão frontal;2;0;0;0;0;0;0;0;0;0;2;0;0;0;0
08/01/2023;16:27:37;143;Sem vítima;87,000;BR-101/RS;Crescente;Colisão traseira;1;0;0;0;0;0;0;0;0;0;1;0;0;0;0
08/01/2023;17:50:22;161;Sem vítima;17,000;BR-290/RS;Crescente;Colisão traseira;1;0;0;0;0;0;0;0;0;0;1;0;0;0;0
08/01/2023;19:54:13;219;Sem vítima;35,000;BR-101/RS;Crescente;Colisão lateral no mesmo sentido;1;0;0;0;0;0;0;0;0;0;1;0;0;0;0
08/01/2023;20:04:33;223;Sem vítima;5,000;BR-290/RS;Crescente;Colisão traseira;0;0;0;0;0;0;0;0;0;0;0;0;0;0;0
08/01/2023;21:12:57;250;Com vítima;95,000;BR-290/RS;Crescente;Choque;0;0;0;1;0;0;0;0;0;0;0;0;1;0;0
08/01/2023;22:41:06;286;Sem vítima;33,000;BR-290/RS;Crescente;Colisão traseira;0;0;0;0;0;0;0;0;0;0;0;0;0;0;0
08/01/2023;23:02:55;292;Sem vítima;51,000;BR-101/RS;Decrescente;Acidentes de outra natureza;1;0;0;0;0;0;0;0;0;0;0;0;0;0;0
08/01/2023;23:53:48;305;Sem vítima;25,000;BR-290/RS;Crescente;Colisão traseira;1;0;0;0;0;0;0;0;0;0;1;0;0;0;0
09/01/2023;06:54:37;57;Sem vítima;49,000;BR-101/RS;Decrescente;Colisão traseira;0;0;0;0;1;0;0;0;0;0;1;0;0;0;0
09/01/2023;07:27:39;83;Sem vítima;19,000;BR-101/RS;Crescente;Colisão traseira;1;0;0;0;0;0;0;0;0;0;1;0;0;0;0
09/01/2023;08:03:10;112;Sem vítima;84,000;BR-290/RS;Crescente;Colisão traseira;1;0;0;0;0;0;0;0;0;0;1;0;0;0;0
09/01/2023;10:36:18;181;Sem vítima;8,000;BR-290/RS;Crescente;Acidentes de outra natureza;1;0;0;0;0;0;0;0;0;0;1;0;0;0;0
09/01/2023;15:03:15;237;Sem vítima;75,000;BR-290/RS;Crescente;Choque;1;0;0;0;0;0;0;0;0;0;0;0;0;0;0
09/01/2023;16:01:26;258;Sem vítima;52,000;BR-101/RS;Crescente;Acidentes de outra natureza;1;0;0;0;0;0;0;0;0;0;1;0;0;0;0
09/01/2023;18:17:28;293;Sem vítima;86,000;BR-290/RS;Crescente;Colisão traseira;0;0;0;0;0;0;0;0;0;0;1;0;0;0;0
09/01/2023;18:27:28;296;Sem vítima;90,000;BR-290/RS;Decrescente;Queda de moto;0;0;0;0;0;0;0;0;0;0;1;0;0;0;0
10/01/2023;01:02:32;7;Sem vítima;35,000;BR-290/RS;Crescente;Colisão lateral no mesmo sentido;0;0;0;0;0;0;0;0;0;0;1;0;0;0;0
10/01/2023;02:50:48;16;Sem vítima;79,000;BR-101/RS;Decrescente;Atropelamento de animal;0;0;0;0;0;0;0;0;0;0;0;0;0;0;0
10/01/2023;09:19:36;124;Sem vítima;53,000;BR-290/RS;Decrescente;Colisão traseira;0;0;0;0;0;0;0;0;0;0;1;0;0;0;0
10/01/2023;09:30:03;129;Sem vítima;20,000;BR-101/RS;Crescente;Acidentes de outra natureza;0;0;0;0;0;0;0;0;0;0;1;0;0;0;0
10/01/2023;10:39:31;150;Sem vítima;52,000;BR-290/RS;Decrescente;Colisão traseira;0;0;0;0;0;0;0;0;0;0;1;0;0;0;0
10/01/2023;15:33:47;219;Sem vítima;339,000;BR-386/RS;Crescente;Acidentes de outra natureza;0;0;0;0;0;0;0;0;0;0;1;0;0;0;0
10/01/2023;15:51:15;222;Com vítima;333,000;BR-386/RS;Crescente;Colisão lateral no mesmo sentido;0;0;0;0;0;0;0;0;0;0;1;0;0;0;0
10/01/2023;17:01:35;237;Sem vítima;52,000;BR-101/RS;Crescente;Acidentes de outra natureza;0;0;0;0;0;0;0;0;0;0;1;0;0;0;0
10/01/2023;17:07:27;238;Com vítima;21,000;BR-448/RS;Decrescente;Choque;0;0;0;0;0;0;0;0;0;0;0;0;1;0;0
10/01/2023;17:16:24;243;Sem vítima;7,000;BR-101/RS;Decrescente;Colisão transversal;0;0;0;0;0;0;0;0;0;0;1;0;0;0;0
10/01/2023;19:48:34;268;Sem vítima;22,000;BR-448/RS;Decrescente;Choque;0;0;0;0;0;0;0;0;0;0;1;0;0;0;0
10/01/2023;21:14:55;278;Com vítima;86,000;BR-290/RS;Crescente;Colisão traseira;0;0;0;0;0;0;0;0;0;0;0;1;0;0;0
10/01/2023;21:43:52;282;Sem vítima;440,000;BR-386/RS;Decrescente;Atropelamento de animal;0;0;0;0;0;0;0;0;0;0;1;0;0;0;0
11/01/2023;00:13:19;4;Sem vítima;15,000;BR-290/RS;Decrescente;Queda de moto;0;0;0;0;0;0;0;0;0;0;1;0;0;0;0
11/01/2023;03:47:08;18;Sem vítima;58,000;BR-290/RS;Decrescente;Tombamento;0;0;0;0;0;0;0;0;0;0;1;0;0;0;0
11/01/2023;11:21:33;155;Sem vítima;80,000;BR-290/RS;Decrescente;Queda de moto;0;0;0;0;0;0;0;0;0;0;1;0;0;0;0
11/01/2023;14:05:45;201;Sem vítima;215,000;BR-386/RS;Crescente;Colisão traseira;0;0;0;0;0;0;0;0;0;0;1;0;0;0;0
11/01/2023;14:23:37;209;Sem vítima;57,000;BR-101/RS;Crescente;Colisão lateral no mesmo sentido;0;0;0;0;0;0;0;0;0;0;1;0;0;0;0
11/01/2023;17:48:14;245;Com vítima;347,000;BR-386/RS;Decrescente;Atropelamento de pedestre;0;0;0;0;0;0;0;0;0;0;0;1;0;0;0
12/01/2023;08:12:09;103;Sem vítima;349,000;BR-386/RS;Decrescente;Engavetamento;0;0;0;0;0;0;0;0;0;0;1;0;0;0;0
12/01/2023;08:35:07;113;Com vítima;181,000;BR-386/RS;Decrescente;Engavetamento;0;0;0;0;0;0;0;0;0;0;1;0;0;0;0
12/01/2023;09:46:34;143;Sem vítima;58,000;BR-101/RS;Decrescente;Colisão lateral no mesmo sentido;0;0;0;0;0;0;0;0;0;0;1;0;0;0;0
12/01/2023;11:32:09;184;Sem vítima;21,000;BR-448/RS;Decrescente;Colisão traseira;0;0;0;0;0;0;0;0;0;0;1;0;0;0;0
12/01/2023;12:53:17;209;Sem vítima;63,000;BR-101/RS;Crescente;Acidentes de outra natureza;0;0;0;0;0;0;0;0;0;0;1;0;0;0;0
12/01/2023;14:56:32;237;Com vítima;78,000;BR-101/RS;Decrescente;Tombamento;0;0;1;0;0;0;0;0;0;0;0;0;1;0;0
12/01/2023;15:19:54;244;Com vítima;354,000;BR-386/RS;Crescente;Capotamento;0;0;0;0;0;0;0;0;0;0;0;1;0;0;0
12/01/2023;16:31:02;259;Sem vítima;91,000;BR-290/RS;Crescente;Colisão traseira;0;0;0;0;0;0;0;0;0;0;1;0;0;0;0
12/01/2023;20:55:58;314;Com vítima;364,000;BR-386/RS;Decrescente;Acidentes de outra natureza;0;0;0;0;0;0;0;0;0;0;0;0;1;0;0
12/01/2023;23:54:24;330;Sem vítima;80,000;BR-290/RS;Crescente;Acidentes de outra natureza;1;0;0;0;0;0;0;0;0;0;1;0;0;0;0
13/01/2023;05:41:55;13;Sem vítima;54,000;BR-290/RS;Decrescente;Colisão traseira;0;0;0;0;0;0;0;0;0;0;1;0;0;0;0
13/01/2023;08:34:44;94;Com vítima;366,000;BR-386/RS;Crescente;Acidentes de outra natureza;0;0;0;0;0;0;0;0;0;0;0;1;0;0;0
13/01/2023;10:05:57;116;Com vítima;350,000;BR-386/RS;Crescente;Acidentes de outra natureza;1;0;0;0;0;0;0;0;0;0;0;0;1;0;0
13/01/2023;12:32:43;155;Sem vítima;60,000;BR-290/RS;Decrescente;Choque;0;0;0;0;0;0;0;0;0;0;1;0;0;0;0
13/01/2023;12:47:09;158;Sem vítima;343,000;BR-386/RS;Crescente;Colisão traseira;0;0;0;0;0;0;0;0;0;0;1;0;0;0;0
13/01/2023;15:42:55;205;Sem vítima;60,000;BR-290/RS;Decrescente;Colisão traseira;0;0;0;0;0;0;0;0;0;0;1;0;0;0;0
13/01/2023;18:07:38;236;Sem vítima;60,000;BR-290/RS;Crescente;Colisão lateral no mesmo sentido;0;0;0;0;0;0;0;0;0;0;1;0;0;0;0
13/01/2023;21:27:28;294;Sem vítima;208,000;BR-386/RS;Decrescente;Colisão frontal;0;0;0;0;0;0;0;0;0;0;1;0;0;0;0
14/01/2023;01:50:10;11;Sem vítima;72,000;BR-101/RS;Decrescente;Colisão traseira;0;0;0;0;0;0;0;0;0;0;1;0;0;0;0
14/01/2023;04:07:21;24;Com vítima;55,900;BR-290/RS;Crescente;Tombamento;0;0;0;0;0;0;0;0;0;0;0;0;1;0;0
14/01/2023;12:28:52;136;Sem vítima;14,000;BR-101/RS;Crescente;Acidentes de outra natureza;0;0;0;0;0;0;0;0;0;0;1;0;0;0;0
14/01/2023;15:26:54;166;Sem vítima;369,000;BR-386/RS;Crescente;Acidentes de outra natureza;1;0;0;0;0;0;0;0;0;0;1;0;0;0;0
14/01/2023;15:31:18;167;Sem vítima;53,000;BR-101/RS;Crescente;Colisão traseira;0;0;0;0;0;0;0;0;0;0;1;0;0;0;0
14/01/2023;20:37:46;221;Sem vítima;341,000;BR-386/RS;Crescente;Acidentes de outra natureza;0;0;0;0;0;0;0;0;0;0;1;0;0;0;0
15/01/2023;12:19:58;96;Sem vítima;60,000;BR-290/RS;Decrescente;Colisão traseira;0;0;0;0;0;0;0;0;0;0;1;0;0;0;0
15/01/2023;14:16:09;114;Sem vítima;384,000;BR-386/RS;Decrescente;Colisão lateral no mesmo sentido;0;0;0;0;0;0;0;0;0;0;1;0;0;0;0
15/01/2023;15:26:40;129;Sem vítima;327,050;BR-386/RS;Crescente;Colisão traseira;0;0;0;0;0;0;0;0;0;0;1;0;0;0;0
15/01/2023;15:48:20;135;Sem vítima;32,000;BR-101/RS;Decrescente;Acidentes de outra natureza;0;0;0;0;0;0;0;0;0;0;1;0;0;0;0
15/01/2023;17:10:01;162;Sem vítima;87,000;BR-101/RS;Decrescente;Engavetamento;0;0;0;0;0;0;0;0;0;0;1;0;0;0;0
15/01/2023;17:56:53;177;Sem vítima;78,000;BR-101/RS;Crescente;Colisão traseira;0;0;0;0;0;0;0;0;0;0;1;0;0;0;0
15/01/2023;18:19:08;184;Sem vítima;238,000;BR-386/RS;Crescente;Colisão traseira;0;0;0;0;0;0;0;0;0;0;1;0;0;0;0
15/01/2023;18:29:45;186;Sem vítima;5,000;BR-290/RS;Decrescente;Colisão traseira;0;0;0;0;0;0;0;0;0;0;1;0;0;0;0
15/01/2023;19:36:57;204;Sem vítima;19,000;BR-101/RS;Crescente;Colisão traseira;0;0;0;0;0;0;0;0;0;0;1;0;0;0;0
15/01/2023;20:23:27;219;Sem vítima;26,000;BR-290/RS;Crescente;Colisão lateral no mesmo sentido;0;0;0;0;0;0;0;0;0;0;1;0;0;0;0
15/01/2023;21:23:24;247;Sem vítima;411,000;BR-386/RS;Decrescente;Acidentes de outra natureza;0;0;0;0;0;0;0;0;0;0;1;0;0;0;0
15/01/2023;21:25:49;248;Sem vítima;441,000;BR-386/RS;Crescente;Atropelamento de animal;0;0;0;0;0;0;0;0;0;0;1;0;0;0;0
15/01/2023;21:45:34;255;Sem vítima;445,000;BR-386/RS;Decrescente;Colisão lateral no mesmo sentido;0;0;0;0;0;0;0;0;0;0;1;0;0;0;0
16/01/2023;08:12:15;94;Sem vítima;86,000;BR-290/RS;Decrescente;Colisão traseira;0;0;0;0;0;0;0;0;0;0;1;0;0;0;0
16/01/2023;08:42:59;104;Sem vítima;86,000;BR-290/RS;Decrescente;Colisão traseira;0;0;0;0;0;0;0;0;0;0;1;0;0;0;0
16/01/2023;11:07:40;155;Sem vítima;387,000;BR-386/RS;Crescente;Colisão lateral no mesmo sentido;0;0;0;0;0;0;0;0;0;0;1;0;0;0;0
16/01/2023;11:34:49;165;Com vítima;92,000;BR-290/RS;Crescente;Colisão traseira;0;0;0;0;0;0;0;0;0;0;1;0;0;0;0
16/01/2023;12:42:49;181;Sem vítima;433,000;BR-386/RS;Decrescente;Colisão traseira;0;0;0;0;0;0;0;0;0;0;1;0;0;0;0
16/01/2023;16:14:23;238;Sem vítima;45,000;BR-101/RS;Decrescente;Choque;0;0;0;0;0;0;0;0;0;0;1;0;0;0;0
16/01/2023;19:03:02;279;Sem vítima;60,000;BR-290/RS;Decrescente;Colisão traseira;0;0;0;0;0;0;0;0;0;0;1;0;0;0;0
17/01/2023;07:37:44;75;Com vítima;95,000;BR-290/RS;Decrescente;Colisão traseira;0;0;0;0;0;0;0;0;0;0;1;0;0;0;0
17/01/2023;12:17:36;174;Sem vítima;306,000;BR-386/RS;Crescente;Tombamento;0;0;0;0;0;0;0;0;0;0;1;0;0;0;0
17/01/2023;12:55:21;184;Com vítima;416,000;BR-386/RS;Decrescente;Acidentes de outra natureza;0;0;0;0;0;0;0;0;0;0;0;1;0;0;0
17/01/2023;15:43:41;232;Sem vítima;17,000;BR-290/RS;Decrescente;Colisão traseira;0;0;0;0;0;0;0;0;0;0;1;0;0;0;0
17/01/2023;16:47:53;252;Sem vítima;60,000;BR-290/RS;Crescente;Colisão lateral no mesmo sentido;0;0;0;0;0;0;0;0;0;0;1;0;0;0;0
17/01/2023;17:21:00;260;Sem vítima;216,000;BR-386/RS;Crescente;Colisão lateral no mesmo sentido;0;0;0;0;0;0;0;0;0;0;1;0;0;0;0
18/01/2023;16:59:51;199;Com vítima;350,000;BR-386/RS;Decrescente;Colisão traseira;0;0;0;0;0;0;0;0;0;0;0;0;1;0;0
18/01/2023;17:25:19;205;Sem vítima;85,000;BR-290/RS;Crescente;Colisão lateral no mesmo sentido;0;0;0;0;0;0;0;0;0;0;1;0;0;0;0
19/01/2023;07:45:21;80;Sem vítima;96,000;BR-290/RS;Decrescente;Colisão lateral no mesmo sentido;0;0;0;0;0;0;0;0;0;0;1;0;0;0;0
19/01/2023;09:13:58;123;Sem vítima;19,000;BR-290/RS;Crescente;Colisão traseira;1;0;0;0;0;0;0;0;0;0;1;0;0;0;0
19/01/2023;13:20:09;170;Sem vítima;338,000;BR-386/RS;Decrescente;Acidentes de outra natureza;0;0;0;0;0;0;0;0;0;0;1;0;0;0;0
19/01/2023;14:21:35;185;Sem vítima;300,000;BR-386/RS;Decrescente;Acidentes de outra natureza;0;0;0;0;0;0;0;0;0;0;1;0;0;0;0
19/01/2023;14:28:02;187;Com vítima;53,000;BR-290/RS;Decrescente;Queda de moto;0;0;0;0;0;0;0;0;0;0;0;1;0;0;0
19/01/2023;16:39:28;222;Sem vítima;7,000;BR-101/RS;Decrescente;Acidentes de outra natureza;0;0;0;0;0;0;0;0;0;0;1;0;0;0;0
19/01/2023;18:08:53;242;Sem vítima;349,000;BR-386/RS;Decrescente;Colisão lateral no mesmo sentido;0;0;0;0;0;0;0;0;0;0;1;0;0;0;0
20/01/2023;02:29:23;9;Sem vítima;435,000;BR-386/RS;Crescente;Atropelamento de animal;0;0;0;0;0;0;0;0;0;0;1;0;0;0;0
20/01/2023;08:52:28;116;Sem vítima;292,000;BR-386/RS;Crescente;Colisão lateral no mesmo sentido;0;0;0;0;0;0;0;0;0;0;1;0;0;0;0
20/01/2023;12:45:47;188;Sem vítima;426,000;BR-386/RS;Crescente;Colisão lateral no mesmo sentido;0;0;0;0;0;0;0;0;0;0;1;0;0;0;0
20/01/2023;15:28:03;225;Sem vítima;350,000;BR-386/RS;Decrescente;Choque;0;0;0;0;0;0;0;0;0;0;1;0;0;0;0
20/01/2023;15:39:52;227;Sem vítima;346,000;BR-386/RS;Decrescente;Colisão lateral no mesmo sentido;0;0;0;0;0;0;0;0;0;0;1;0;0;0;0
20/01/2023;16:38:51;247;Com vítima;7,000;BR-101/RS;Decrescente;Colisão traseira;0;0;0;0;0;0;0;0;0;0;1;0;0;0;0
20/01/2023;17:48:41;259;Sem vítima;346,000;BR-386/RS;Crescente;Colisão traseira;0;0;0;0;0;0;0;0;0;0;1;0;0;0;0
20/01/2023;18:10:30;267;Com vítima;237,000;BR-386/RS;Decrescente;Colisão frontal;0;0;0;0;0;0;0;0;0;0;0;1;0;0;0
20/01/2023;19:15:42;278;Com vítima;93,000;BR-290/RS;Crescente;Colisão lateral no mesmo sentido;0;0;0;0;0;0;0;0;0;0;0;1;0;0;0
20/01/2023;19:49:05;288;Sem vítima;342,000;BR-386/RS;Crescente;Colisão traseira;0;0;0;0;0;0;0;0;0;0;1;0;0;0;0
20/01/2023;20:17:34;295;Sem vítima;26,000;BR-290/RS;Crescente;Colisão traseira;0;0;0;0;0;0;0;0;0;0;1;0;0;0;0
20/01/2023;21:05:39;306;Sem vítima;90,000;BR-290/RS;Crescente;Colisão lateral no mesmo sentido;0;0;0;0;0;0;0;0;0;0;1;0;0;0;0
20/01/2023;23:54:49;331;Com vítima;92,000;BR-290/RS;Decrescente;Queda de moto;0;0;0;0;0;0;0;0;0;0;0;1;0;0;0
21/01/2023;04:40:10;10;Com vítima;346,000;BR-386/RS;Decrescente;Queda de moto;0;0;0;0;0;0;0;0;0;0;0;1;0;0;0
21/01/2023;08:27:29;68;Sem vítima;74,000;BR-290/RS;Decrescente;Engavetamento;0;0;0;0;0;0;0;0;0;0;1;0;0;0;0
21/01/2023;10:35:27;104;Sem vítima;60,000;BR-290/RS;Crescente;Colisão traseira;0;0;0;0;0;0;0;0;0;0;1;0;0;0;0
21/01/2023;14:36:14;164;Sem vítima;64,000;BR-290/RS;Decrescente;Colisão traseira;0;0;0;0;0;0;0;0;0;0;1;0;0;0;0
21/01/2023;16:00:24;200;Sem vítima;26,000;BR-290/RS;Crescente;Acidentes de outra natureza;0;0;0;0;0;0;0;0;0;0;1;0;0;0;0
21/01/2023;17:38:43;215;Com vítima;190,000;BR-386/RS;Decrescente;Queda de moto;0;0;0;0;0;0;0;0;0;0;0;1;0;0;0
21/01/2023;18:03:54;221;Com vítima;10,000;BR-290/RS;Decrescente;Choque;0;0;0;0;0;0;0;0;0;0;0;0;1;0;0
21/01/2023;18:40:35;235;Sem vítima;86,000;BR-290/RS;Crescente;Choque;0;0;0;0;0;0;0;0;0;0;1;0;0;0;0
21/01/2023;20:21:34;254;Sem vítima;22,000;BR-448/RS;Crescente;Colisão lateral no mesmo sentido;0;0;0;0;0;0;0;0;0;0;1;0;0;0;0
21/01/2023;23:45:31;289;Sem vítima;93,000;BR-290/RS;Crescente;Capotamento;0;0;0;0;0;0;0;0;0;0;1;0;0;0;0
22/01/2023;05:15:29;18;Com vítima;327,000;BR-386/RS;Crescente;Colisão frontal;0;0;0;0;0;0;0;0;0;0;1;0;0;0;0
22/01/2023;09:33:36;82;Com vítima;59,000;BR-290/RS;Crescente;Colisão transversal;0;0;0;0;0;0;0;0;0;0;1;0;0;0;0
22/01/2023;17:43:11;194;Com vítima;435,000;BR-386/RS;Crescente;Colisão transversal;0;0;0;0;0;0;0;0;0;0;1;0;0;0;0
22/01/2023;18:27:39;208;Sem vítima;2,000;BR-290/RS;Decrescente;Engavetamento;0;0;0;0;0;0;0;0;0;0;1;0;0;0;0
22/01/2023;19:30:02;225;Sem vítima;57,000;BR-290/RS;Decrescente;Engavetamento;0;0;0;0;0;0;0;0;0;0;1;0;0;0;0
22/01/2023;20:17:45;238;Com vítima;346,000;BR-386/RS;Crescente;Queda de moto;0;0;0;0;0;0;0;0;0;0;0;1;0;0;0
23/01/2023;04:32:22;14;Sem vítima;304,000;BR-386/RS;Decrescente;Acidentes de outra natureza;0;0;0;0;0;0;0;0;0;0;1;0;0;0;0
23/01/2023;10:37:26;159;Sem vítima;347,000;BR-386/RS;Decrescente;Colisão traseira;0;0;0;0;0;0;0;0;0;0;1;0;0;0;0
23/01/2023;15:54:37;247;Sem vítima;292,000;BR-386/RS;Decrescente;Colisão lateral no mesmo sentido;0;0;0;0;0;0;0;0;0;0;1;0;0;0;0
23/01/2023;16:54:56;262;Sem vítima;60,000;BR-290/RS;Crescente;Colisão traseira;0;0;0;0;0;0;0;0;0;0;1;0;0;0;0
23/01/2023;21:46:53;314;Sem vítima;60,000;BR-290/RS;Crescente;Choque;0;0;0;0;0;0;0;0;0;0;1;0;0;0;0
24/01/2023;08:26:20;100;Sem vítima;96,000;BR-290/RS;Decrescente;Colisão traseira;0;0;0;0;0;0;0;0;0;0;1;0;0;0;0
24/01/2023;11:20:52;157;Sem vítima;351,000;BR-386/RS;Decrescente;Colisão lateral no mesmo sentido;0;0;0;0;0;0;0;0;0;0;1;0;0;0;0
24/01/2023;12:31:14;176;Sem vítima;38,000;BR-101/RS;Decrescente;Colisão traseira;0;0;0;0;0;0;0;0;0;0;1;0;0;0;0