data;horario;n_da_ocorrencia;tipo_de_ocorrencia;km;trecho;sentido;tipo_de_acidente;automovel;bicicleta;caminhao;moto;onibus;outros;tracao_animal;transporte_de_cargas_especiais;trator_maquinas;utilitarios;ilesos;levemente_feridos;moderadamente_feridos;gravemente_feridos;mortos
24/01/2023;13:32:21;188;Com vítima;68,000;BR-290/RS;Decrescente;Queda de moto;0;0;0;0;0;0;0;0;0;0;1;0;0;0;0
24/01/2023;17:56:40;250;Sem vítima;349,000;BR-386/RS;Crescente;Queda de moto;0;0;0;1;0;0;0;0;0;0;1;0;0;0;0
24/01/2023;20:25:11;293;Sem vítima;415,000;BR-386/RS;Decrescente;Choque;1;0;0;0;0;0;0;0;0;0;1;0;0;0;0
24/01/2023;22:14:47;313;Sem vítima;57,000;BR-290/RS;Decrescente;Acidentes de outra natureza;0;0;0;0;0;0;0;0;0;0;2;0;0;0;0
24/01/2023;22:33:45;317;Sem vítima;69,000;BR-290/RS;Crescente;Colisão lateral no mesmo sentido;0;0;0;0;0;0;0;0;0;0;1;0;0;0;0
25/01/2023;03:29:24;18;Sem vítima;444,000;BR-386/RS;Crescente;Atropelamento de animal;0;0;0;0;0;0;0;0;0;0;0;0;0;0;0
25/01/2023;07:24:08;57;Com vítima;349,000;BR-386/RS;Crescente;Queda de moto;0;0;0;0;0;0;0;0;0;0;0;1;0;0;0
25/01/2023;12:13:02;191;Sem vítima;426,000;BR-386/RS;Decrescente;Colisão transversal;0;0;0;0;0;0;0;0;0;0;1;0;0;0;0
25/01/2023;16:36:10;254;Sem vítima;18,000;BR-448/RS;Decrescente;Colisão traseira;0;0;0;0;0;0;0;0;0;0;1;0;0;0;0
26/01/2023;06:08:45;24;Com vítima;69,000;BR-101/RS;Decrescente;Colisão traseira;1;0;0;0;0;0;0;0;0;0;1;0;0;0;0
26/01/2023;06:57:09;44;Com vítima;274,000;BR-386/RS;Decrescente;Queda de moto;0;0;0;0;0;0;0;0;0;0;0;0;1;0;0
26/01/2023;12:34:13;180;Sem vítima;19,000;BR-290/RS;Crescente;Colisão traseira;1;0;0;0;0;0;0;0;0;0;1;0;0;0;0
26/01/2023;13:54:14;198;Sem vítima;215,000;BR-386/RS;Decrescente;Acidentes de outra natureza;0;0;0;0;0;0;0;0;0;0;1;0;0;0;0
26/01/2023;15:28:56;225;Sem vítima;81,000;BR-101/RS;Decrescente;Colisão lateral no mesmo sentido;0;0;0;0;0;0;0;0;0;0;1;0;0;0;0
26/01/2023;16:02:41;227;Sem vítima;81,000;BR-101/RS;Decrescente;Acidentes de outra natureza;0;0;0;0;0;0;0;0;0;0;1;0;0;0;0
26/01/2023;17:48:13;253;Sem vítima;426,000;BR-386/RS;Crescente;Colisão traseira;0;0;0;0;0;0;0;0;0;0;1;0;0;0;0
26/01/2023;18:00:35;256;Com vítima;54,000;BR-290/RS;Crescente;Tombamento;0;0;0;0;0;0;0;0;0;0;0;1;0;0;0
27/01/2023;03:06:57;7;Sem vítima;327,000;BR-386/RS;Crescente;Acidentes de outra natureza;0;0;0;0;0;0;0;0;0;0;1;0;0;0;0
27/01/2023;07:18:00;62;Com vítima;5,000;BR-448/RS;Crescente;Queda de moto;0;0;0;0;0;0;0;0;0;0;0;0;1;0;0
27/01/2023;15:29:48;228;Com vítima;277,000;BR-386/RS;Crescente;Capotamento;0;0;0;0;0;0;0;0;0;0;1;0;0;0;0
27/01/2023;19:28:49;304;Sem vítima;425,000;BR-386/RS;Decrescente;Colisão frontal;0;0;0;0;0;0;0;0;0;0;1;0;0;0;0
27/01/2023;21:33:51;344;Sem vítima;337,000;BR-386/RS;Crescente;Colisão traseira;0;0;0;0;0;0;0;0;0;0;1;0;0;0;0
28/01/2023;02:19:37;24;Sem vítima;44,000;BR-290/RS;Crescente;Choque;0;0;0;0;0;0;0;0;0;0;1;0;0;0;0
28/01/2023;05:45:23;38;Com vítima;312,000;BR-386/RS;Decrescente;Capotamento;0;0;0;0;0;0;0;0;0;0;0;1;0;0;0
28/01/2023;10:12:24;117;Sem vítima;59,000;BR-290/RS;Crescente;Colisão traseira;0;0;0;0;0;0;0;0;0;0;1;0;0;0;0
28/01/2023;14:07:03;179;Com vítima;50,000;BR-290/RS;Crescente;Queda de moto;0;0;0;0;0;0;0;0;0;0;0;1;0;0;0
28/01/2023;14:44:37;190;Com vítima;44,000;BR-290/RS;Decrescente;Capotamento;0;0;0;0;0;0;0;0;0;0;0;1;0;0;0
28/01/2023;15:29:37;204;Com vítima;40,000;BR-290/RS;Decrescente;Colisão traseira;0;0;0;0;0;0;0;0;0;0;0;0;1;0;0
28/01/2023;15:55:14;214;Com vítima;233,000;BR-386/RS;Decrescente;Queda de moto;0;0;0;0;0;0;0;0;0;0;0;1;0;0;0
28/01/2023;17:54:16;243;Sem vítima;9,000;BR-448/RS;Decrescente;Acidentes de outra natureza;0;0;0;0;0;0;0;0;0;0;1;0;0;0;0
28/01/2023;18:18:58;252;Sem vítima;11,000;BR-290/RS;Decrescente;Acidentes de outra natureza;0;0;0;0;0;0;0;0;0;0;1;0;0;0;0
28/01/2023;19:27:13;266;Sem vítima;62,000;BR-290/RS;Crescente;Acidentes de outra natureza;0;0;0;0;0;0;0;0;0;0;1;0;0;0;0
28/01/2023;20:52:45;282;Sem vítima;180,000;BR-386/RS;Crescente;Acidentes de outra natureza;1;0;0;0;0;0;0;0;0;0;1;0;0;0;0
28/01/2023;22:24:26;302;Sem vítima;40,000;BR-290/RS;Decrescente;Colisão transversal;0;0;0;0;0;0;0;0;0;0;1;0;0;0;0
29/01/2023;00:09:56;5;Sem vítima;434,000;BR-386/RS;Decrescente;Acidentes de outra natureza;0;0;0;0;0;0;0;0;0;0;1;0;0;0;0
29/01/2023;07:51:04;80;Com vítima;13,000;BR-290/RS;Decrescente;Colisão traseira;0;0;0;0;0;0;0;0;0;0;0;0;1;0;0
29/01/2023;11:40:27;132;Sem vítima;11,000;BR-290/RS;Decrescente;Acidentes de outra natureza;0;0;0;0;0;0;0;0;0;0;1;0;0;0;0
29/01/2023;16:46:35;196;Sem vítima;1,000;BR-290/RS;Decrescente;Engavetamento;0;0;0;0;0;0;0;0;0;0;1;0;0;0;0
29/01/2023;17:26:26;203;Sem vítima;52,000;BR-101/RS;Crescente;Colisão transversal;0;0;0;0;0;0;0;0;0;0;2;0;0;0;0
29/01/2023;17:50:09;213;Com vítima;426,000;BR-386/RS;Crescente;Choque;0;0;0;0;0;0;0;0;0;0;0;0;1;0;0
29/01/2023;18:52:34;235;Sem vítima;0,000;BR-290/RS;Decrescente;Engavetamento;0;0;0;0;0;0;0;0;0;0;1;0;0;0;0
29/01/2023;19:55:00;245;Com vítima;344,000;BR-386/RS;Crescente;Colisão frontal;0;0;0;0;0;0;0;0;0;0;1;0;1;0;0
29/01/2023;21:30:49;283;Sem vítima;432,000;BR-386/RS;Crescente;Acidentes de outra natureza;0;0;0;0;0;0;0;0;0;0;1;0;0;0;0
30/01/2023;03:40:15;25;Sem vítima;339,000;BR-386/RS;Decrescente;Choque;1;0;0;0;0;0;0;0;0;0;1;0;0;0;0
30/01/2023;04:23:59;27;Sem vítima;20,000;BR-290/RS;Decrescente;Choque;0;0;0;0;0;0;0;0;0;0;1;0;0;0;0
30/01/2023;04:29:22;29;Sem vítima;20,000;BR-290/RS;Decrescente;Choque;0;0;0;0;0;0;0;0;0;0;1;0;0;0;0
30/01/2023;07:51:12;94;Sem vítima;34,000;BR-101/RS;Crescente;Acidentes de outra natureza;0;0;0;0;0;0;0;0;0;0;1;0;0;0;0
30/01/2023;09:11:36;140;Sem vítima;92,000;BR-290/RS;Decrescente;Colisão traseira;0;0;0;0;0;0;0;0;0;0;1;0;0;0;0
30/01/2023;09:35:09;148;Sem vítima;90,000;BR-290/RS;Decrescente;Colisão traseira;0;0;0;0;1;0;0;0;0;0;2;0;0;0;0
30/01/2023;09:39:33;149;Sem vítima;35,000;BR-101/RS;Crescente;Colisão traseira;0;0;0;0;0;0;0;0;0;0;1;0;0;0;0
30/01/2023;09:42:07;150;Sem vítima;90,000;BR-290/RS;Decrescente;Colisão traseira;0;0;0;0;0;0;0;0;0;0;1;0;0;0;0
30/01/2023;09:52:03;154;Sem vítima;94,000;BR-290/RS;Decrescente;Colisão traseira;0;0;0;0;0;0;0;0;0;0;2;0;0;0;0
30/01/2023;10:33:24;171;Sem vítima;401,000;BR-386/RS;Decrescente;Choque;0;0;0;0;0;0;0;0;0;0;1;0;0;0;0
30/01/2023;12:55:10;211;Sem vítima;432,000;BR-386/RS;Decrescente;Colisão lateral no mesmo sentido;0;0;0;0;0;0;0;0;0;0;1;0;0;0;0
30/01/2023;13:05:44;215;Sem vítima;89,000;BR-290/RS;Decrescente;Colisão traseira;0;0;0;0;0;0;0;0;0;0;1;0;0;0;0
30/01/2023;14:10:23;226;Com vítima;92,000;BR-290/RS;Decrescente;Queda de moto;0;0;0;0;0;0;0;0;0;0;0;1;0;0;0
30/01/2023;21:53:54;334;Sem vítima;346,000;BR-386/RS;Crescente;Choque;1;0;0;0;0;0;0;0;0;0;1;0;0;0;0
31/01/2023;03:43:07;17;Sem vítima;57,000;BR-290/RS;Decrescente;Acidentes de outra natureza;0;0;0;0;0;0;0;0;0;0;1;0;0;0;0
31/01/2023;09:09:59;112;Sem vítima;89,000;BR-290/RS;Decrescente;Colisão lateral no mesmo sentido;0;0;0;0;0;0;0;0;0;0;1;0;0;0;0
31/01/2023;10:13:31;124;Sem vítima;95,000;BR-290/RS;Decrescente;Colisão traseira;0;0;0;0;0;0;0;0;0;0;1;0;0;0;0
31/01/2023;16:31:01;223;Com vítima;72,000;BR-290/RS;Crescente;Colisão traseira;1;0;0;0;0;0;0;0;0;0;2;0;0;0;0
31/01/2023;18:27:19;241;Sem vítima;81,000;BR-101/RS;Crescente;Acidentes de outra natureza;0;0;0;0;0;0;0;0;0;0;1;0;0;0;0
01/02/2023;07:10:19;61;Sem vítima;80,000;BR-290/RS;Decrescente;Acidentes de outra natureza;0;0;0;0;0;0;0;0;0;0;1;0;0;0;0
01/02/2023;09:49:21;130;Sem vítima;19,000;BR-290/RS;Decrescente;Colisão traseira;1;0;0;0;0;0;0;0;0;0;1;0;0;0;0
01/02/2023;10:26:19;137;Sem vítima;64,000;BR-290/RS;Crescente;Colisão lateral no mesmo sentido;0;0;0;0;0;0;0;0;0;0;1;0;0;0;0
01/02/2023;11:23:59;153;Sem vítima;72,000;BR-290/RS;Decrescente;Colisão lateral no mesmo sentido;1;0;0;0;0;0;0;0;0;0;1;0;0;0;0
01/02/2023;11:43:15;157;Com vítima;436,000;BR-386/RS;Crescente;Colisão lateral no mesmo sentido;0;0;0;0;0;0;0;0;0;0;0;0;1;0;0
01/02/2023;12:21:08;167;Sem vítima;19,000;BR-290/RS;Crescente;Colisão traseira;1;0;0;0;0;0;0;0;0;0;1;0;0;0;0
01/02/2023;15:25:53;200;Com vítima;415,000;BR-386/RS;Decrescente;Colisão traseira;0;0;0;0;0;0;0;0;0;0;0;0;1;0;0
01/02/2023;15:28:38;201;Sem vítima;7,000;BR-101/RS;Crescente;Engavetamento;0;0;0;0;0;0;0;0;0;0;2;0;0;0;0
01/02/2023;17:42:59;227;Sem vítima;2,000;BR-101/RS;Decrescente;Acidentes de outra natureza;0;0;1;0;0;0;0;0;0;0;1;0;0;0;0
02/02/2023;01:12:08;6;Com vítima;390,000;BR-386/RS;Decrescente;Colisão lateral no mesmo sentido;0;0;0;0;0;0;0;0;0;0;1;0;0;0;0
02/02/2023;05:04:20;21;Sem vítima;92,000;BR-290/RS;Crescente;Acidentes de outra natureza;1;0;0;0;0;0;0;0;0;0;1;0;0;0;0
02/02/2023;08:13:52;84;Sem vítima;72,000;BR-101/RS;Crescente;Colisão lateral no mesmo sentido;0;0;0;0;0;0;0;0;0;0;2;0;0;0;0
02/02/2023;11:32:14;143;Sem vítima;81,000;BR-101/RS;Decrescente;Acidentes de outra natureza;0;0;0;0;0;0;0;0;0;0;1;0;0;0;0
02/02/2023;12:01:30;149;Sem vítima;19,000;BR-290/RS;Crescente;Colisão traseira;0;0;0;0;0;0;0;0;0;0;1;0;0;0;0
02/02/2023;22:53:39;269;Sem vítima;60,000;BR-290/RS;Crescente;Choque;0;0;0;0;0;0;0;0;0;0;1;0;0;0;0
02/02/2023;22:58:33;270;Sem vítima;413,190;BR-386/RS;Crescente;Acidentes de outra natureza;0;0;0;0;0;0;0;0;0;1;1;0;0;0;0
03/02/2023;02:36:07;15;Sem vítima;53,000;BR-101/RS;Decrescente;Acidentes de outra natureza;0;0;1;0;0;0;0;0;0;0;1;0;0;0;0
03/02/2023;07:11:51;44;Sem vítima;440,000;BR-386/RS;Crescente;Acidentes de outra natureza;0;0;0;0;0;0;0;0;0;0;1;0;0;0;0
03/02/2023;12:08:01;144;Sem vítima;304,000;BR-386/RS;Decrescente;Colisão transversal;0;0;0;0;0;0;0;0;0;0;2;0;0;0;0
03/02/2023;14:11:14;177;Sem vítima;22,000;BR-448/RS;Decrescente;Choque;0;0;0;0;0;0;0;0;0;0;1;0;0;0;0
03/02/2023;14:11:20;176;Sem vítima;336,000;BR-386/RS;Decrescente;Acidentes de outra natureza;1;0;0;0;0;0;0;0;0;0;1;0;0;0;0
03/02/2023;14:22:30;180;Com vítima;15,000;BR-448/RS;Crescente;Acidentes de outra natureza;0;0;0;0;0;0;0;0;0;0;0;1;0;0;0
03/02/2023;15:42:20;201;Com vítima;89,000;BR-290/RS;Crescente;Queda de moto;0;0;0;0;0;0;0;0;0;0;0;0;1;0;0
03/02/2023;16:08:03;209;Sem vítima;345,000;BR-386/RS;Decrescente;Engavetamento;0;0;0;0;0;0;0;0;0;0;1;0;0;0;0
03/02/2023;18:47:16;239;Sem vítima;394,000;BR-386/RS;Crescente;Acidentes de outra natureza;1;0;0;0;0;0;0;0;0;0;1;0;0;0;0
03/02/2023;22:47:31;275;Com vítima;224,000;BR-386/RS;Crescente;Atropelamento de animal;0;0;0;0;0;0;0;0;0;0;1;0;0;0;0
04/02/2023;01:21:56;6;Sem vítima;255,000;BR-386/RS;Decrescente;Acidentes de outra natureza;0;0;0;0;0;0;0;0;0;0;2;0;0;0;0
04/02/2023;03:54:48;17;Com vítima;241,000;BR-386/RS;Decrescente;Colisão frontal;0;0;0;0;0;0;0;0;0;0;0;2;0;0;0
04/02/2023;05:58:27;26;Sem vítima;226,000;BR-386/RS;Crescente;Acidentes de outra natureza;0;0;0;0;0;0;0;0;0;0;1;0;0;0;0
04/02/2023;09:42:18;80;Com vítima;344,000;BR-386/RS;Decrescente;Engavetamento;0;0;0;0;0;0;0;0;0;0;0;1;0;0;0
04/02/2023;09:43:59;81;Sem vítima;226,000;BR-386/RS;Decrescente;Colisão traseira;0;0;0;0;0;0;0;0;0;0;1;0;0;0;0
05/02/2023;01:56:52;7;Sem vítima;92,000;BR-290/RS;Crescente;Acidentes de outra natureza;0;0;0;0;0;0;0;0;0;0;1;0;0;0;0
05/02/2023;05:17:05;21;Com vítima;83,000;BR-101/RS;Crescente;Acidentes de outra natureza;0;0;0;0;0;0;0;0;0;0;0;0;1;0;0
05/02/2023;07:34:09;40;Com vítima;10,000;BR-101/RS;Crescente;Acidentes de outra natureza;0;0;0;0;0;0;0;0;0;0;2;0;1;0;0
05/02/2023;17:01:39;134;Sem vítima;333,000;BR-386/RS;Decrescente;Colisão traseira;0;0;0;0;0;0;0;0;0;0;1;0;0;0;0
05/02/2023;17:59:18;149;Com vítima;349,000;BR-386/RS;Decrescente;Queda de moto;0;0;0;0;0;0;0;0;0;0;0;1;0;0;0
05/02/2023;18:46:46;165;Sem vítima;357,000;BR-386/RS;Crescente;Acidentes de outra natureza;0;0;0;0;0;0;0;0;0;0;1;0;0;0;0
05/02/2023;19:41:30;180;Com vítima;80,000;BR-101/RS;Crescente;Colisão frontal;0;0;0;0;0;0;0;0;0;0;1;0;0;0;0
05/02/2023;20:48:25;196;Sem vítima;342,000;BR-386/RS;Decrescente;Acidentes de outra natureza;0;0;0;0;0;0;0;0;0;0;2;0;0;0;0
05/02/2023;22:21:01;216;Sem vítima;19,000;BR-290/RS;Decrescente;Colisão lateral no mesmo sentido;0;0;0;0;0;0;0;0;0;0;1;0;0;0;0
05/02/2023;23:34:25;231;Sem vítima;49,000;BR-101/RS;Decrescente;Acidentes de outra natureza;0;0;0;0;0;0;0;0;0;0;1;0;0;0;0
06/02/2023;02:04:17;13;Sem vítima;32,000;BR-101/RS;Decrescente;Tombamento;0;0;0;0;0;0;0;0;0;0;1;0;0;0;0
06/02/2023;04:44:06;20;Com vítima;344,000;BR-386/RS;Crescente;Queda de moto;0;0;0;0;0;0;0;0;0;0;0;1;0;0;0
06/02/2023;05:56:29;31;Com vítima;4,000;BR-290/RS;Decrescente;Colisão traseira;0;0;0;0;0;0;0;0;0;0;0;1;0;0;0
06/02/2023;05:57:33;32;Sem vítima;60,000;BR-290/RS;Crescente;Colisão traseira;0;0;0;0;0;0;0;0;0;0;2;0;0;0;0
06/02/2023;07:11:22;64;Sem vítima;92,000;BR-290/RS;Decrescente;Colisão lateral no mesmo sentido;0;0;0;0;0;0;0;0;0;0;1;0;0;0;0
06/02/2023;07:49:45;84;Sem vítima;92,000;BR-290/RS;Crescente;Colisão traseira;0;0;0;0;0;0;0;0;0;0;1;0;0;0;0
06/02/2023;07:50:40;87;Sem vítima;439,000;BR-386/RS;Decrescente;Colisão transversal;0;0;0;0;0;0;0;0;0;0;1;0;0;0;0
06/02/2023;07:54:30;91;Com vítima;88,000;BR-290/RS;Decrescente;Colisão lateral no mesmo sentido;0;0;0;0;0;0;0;0;0;0;1;0;0;0;0
06/02/2023;08:14:29;103;Com vítima;283,000;BR-386/RS;Crescente;Colisão frontal;0;0;0;0;0;0;0;0;0;0;1;0;0;0;0
06/02/2023;09:01:12;122;Com vítima;86,000;BR-290/RS;Decrescente;Colisão lateral no mesmo sentido;0;0;0;0;0;0;0;0;0;0;1;0;0;0;0
06/02/2023;09:57:43;145;Sem vítima;77,000;BR-290/RS;Decrescente;Colisão traseira;0;0;0;0;0;0;0;0;0;0;1;0;0;0;0
06/02/2023;18:43:09;278;Sem vítima;240,000;BR-386/RS;Decrescente;Capotamento;0;0;0;0;0;0;0;0;0;0;1;0;0;0;0
06/02/2023;21:08:56;313;Sem vítima;77,000;BR-101/RS;Decrescente;Acidentes de outra natureza;0;0;0;0;0;0;0;0;0;0;1;0;0;0;0
07/02/2023;08:54:10;105;Sem vítima;426,000;BR-386/RS;Decrescente;Colisão traseira;0;0;0;0;0;0;0;0;0;0;1;0;0;0;0
07/02/2023;10:28:11;134;Sem vítima;228,000;BR-386/RS;Crescente;Colisão traseira;0;0;0;0;0;0;0;0;0;0;1;0;0;0;0
07/02/2023;12:39:49;169;Sem vítima;40,000;BR-101/RS;Crescente;Acidentes de outra natureza;0;0;0;0;0;0;0;0;0;0;1;0;0;0;0
07/02/2023;19:57:38;262;Sem vítima;238,000;BR-386/RS;Crescente;Acidentes de outra natureza;0;0;0;0;0;0;0;0;0;0;1;0;0;0;0
07/02/2023;20:25:17;269;Com vítima;86,000;BR-290/RS;Crescente;Atropelamento de ciclista;0;0;0;1;0;0;0;0;0;0;0;1;0;0;0
07/02/2023;21:01:40;280;Com vítima;246,000;BR-386/RS;Decrescente;Colisão lateral no mesmo sentido;0;0;0;0;0;0;0;0;0;0;1;0;0;0;0
07/02/2023;21:16:55;284;Sem vítima;366,000;BR-386/RS;Decrescente;Colisão lateral no mesmo sentido;0;0;0;0;0;0;0;0;0;0;1;0;0;0;0
07/02/2023;23:15:23;293;Sem vítima;399,000;BR-386/RS;Crescente;Choque;0;0;0;0;0;0;0;0;0;0;1;0;0;0;0
08/02/2023;06:37:34;31;Sem vítima;24,000;BR-290/RS;Decrescente;Colisão lateral no mesmo sentido;0;0;0;0;0;0;0;0;0;0;1;0;0;0;0
08/02/2023;09:56:20;120;Sem vítima;236,000;BR-386/RS;Decrescente;Colisão traseira;0;0;0;0;0;0;0;0;0;0;1;0;0;0;0
08/02/2023;12:11:50;146;Com vítima;247,000;BR-386/RS;Decrescente;Colisão lateral no mesmo sentido;0;0;0;0;0;0;0;0;0;0;0;1;0;0;0
08/02/2023;16:49:05;203;Sem vítima;234,000;BR-386/RS;Decrescente;Colisão lateral no mesmo sentido;0;0;0;0;0;0;0;0;0;0;1;0;0;0;0
08/02/2023;18:51:55;234;Sem vítima;96,000;BR-290/RS;Crescente;Colisão lateral no mesmo sentido;0;0;0;0;0;0;0;0;0;0;1;0;0;0;0
09/02/2023;02:38:09;11;Sem vítima;12,000;BR-290/RS;Decrescente;Atropelamento de pedestre;0;0;0;0;0;0;0;0;0;0;1;0;0;0;0
09/02/2023;08:04:53;82;Com vítima;435,000;BR-386/RS;Crescente;Colisão lateral no mesmo sentido;0;0;0;1;0;0;0;0;0;0;1;1;0;0;0
09/02/2023;09:13:33;108;Com vítima;75,000;BR-290/RS;Decrescente;Colisão lateral no mesmo sentido;0;0;0;0;0;0;0;0;0;0;1;1;1;0;0
09/02/2023;15:25:09;195;Sem vítima;431,000;BR-386/RS;Crescente;Choque;0;0;0;0;0;0;0;0;0;0;1;0;0;0;0
09/02/2023;15:26:13;194;Sem vítima;57,000;BR-101/RS;Crescente;Acidentes de outra natureza;0;0;0;0;0;0;0;0;0;0;1;0;0;0;0
09/02/2023;20:35:25;259;Sem vítima;437,000;BR-386/RS;Crescente;Colisão traseira;0;0;0;0;0;0;0;0;0;0;1;0;0;0;0
09/02/2023;21:14:53;266;Sem vítima;435,000;BR-386/RS;Crescente;Atropelamento de animal;0;0;0;0;0;0;0;0;0;0;1;0;0;0;0
09/02/2023;23:52:02;289;Com vítima;345,000;BR-386/RS;Crescente;Queda de moto;0;0;0;1;0;0;0;0;0;0;0;1;0;0;0
10/02/2023;03:50:17;18;Sem vítima;63,000;BR-290/RS;Decrescente;Acidentes de outra natureza;1;0;0;0;0;0;0;0;0;0;1;0;0;0;0
10/02/2023;05:47:18;32;Sem vítima;95,000;BR-290/RS;Crescente;Choque;0;0;0;0;0;0;0;0;0;0;1;0;0;0;0
10/02/2023;05:51:44;34;Sem vítima;30,000;BR-101/RS;Decrescente;Acidentes de outra natureza;1;0;0;0;0;0;0;0;0;0;1;0;0;0;0
10/02/2023;08:55:29;117;Com vítima;270,000;BR-386/RS;Decrescente;Queda de moto;0;0;0;0;0;0;0;0;0;0;0;1;0;0;0
10/02/2023;09:52:28;134;Sem vítima;245,460;BR-386/RS;Crescente;Colisão transversal;0;0;0;0;0;0;0;0;0;0;1;0;0;0;0
10/02/2023;10:25:53;146;Sem vítima;182,000;BR-386/RS;Decrescente;Acidentes de outra natureza;0;0;0;0;0;0;0;0;0;0;1;0;0;0;0
10/02/2023;13:21:39;184;Com vítima;7,000;BR-290/RS;Crescente;Acidentes de outra natureza;0;0;1;0;0;0;0;0;0;0;1;0;1;0;0
10/02/2023;13:35:23;187;Sem vítima;50,000;BR-290/RS;Crescente;Tombamento;1;0;0;0;0;0;0;0;0;0;1;0;0;0;0
10/02/2023;14:53:29;206;Sem vítima;90,000;BR-290/RS;Crescente;Colisão traseira;0;0;0;0;0;0;0;0;0;0;2;0;0;0;0
10/02/2023;15:26:29;213;Sem vítima;37,000;BR-101/RS;Decrescente;Capotamento;0;0;0;0;0;0;0;0;0;0;1;0;0;0;0
10/02/2023;17:34:45;255;Sem vítima;93,000;BR-290/RS;Crescente;Colisão lateral no mesmo sentido;0;0;0;0;0;0;0;0;0;0;1;0;0;0;0
10/02/2023;17:39:59;258;Com vítima;230,000;BR-386/RS;Crescente;Colisão lateral no mesmo sentido;0;0;0;0;0;0;0;0;0;0;1;0;0;0;0
10/02/2023;18:19:00;274;Sem vítima;91,340;BR-290/RS;Crescente;Colisão traseira;0;0;0;0;0;0;0;0;0;0;1;0;0;0;0
10/02/2023;22:01:30;339;Sem vítima;353,000;BR-386/RS;Crescente;Colisão traseira;0;0;0;0;0;0;0;0;0;0;1;0;0;0;0
11/02/2023;05:13:05;16;Sem vítima;412,000;BR-386/RS;Decrescente;Colisão lateral no mesmo sentido;0;0;0;0;0;0;0;0;0;0;1;0;0;0;0
11/02/2023;06:37:42;35;Sem vítima;92,000;BR-290/RS;Crescente;Acidentes de outra natureza;0;0;0;0;0;0;0;0;0;0;1;0;0;0;0
11/02/2023;06:53:04;42;Com vítima;367,000;BR-386/RS;Crescente;Colisão traseira;1;0;0;0;0;0;0;0;0;0;1;0;0;0;1
11/02/2023;08:36:15;93;Sem vítima;83,000;BR-101/RS;Crescente;Colisão traseira;0;0;0;0;0;0;0;0;0;0;1;0;0;0;0
11/02/2023;14:01:35;158;Sem vítima;14,000;BR-101/RS;Crescente;Choque;0;0;0;0;0;0;0;0;0;0;1;0;0;0;0
11/02/2023;15:08:23;172;Sem vítima;60,000;BR-290/RS;Crescente;Colisão traseira;0;0;0;0;0;0;0;0;0;0;1;0;0;0;0
11/02/2023;17:05:16;195;Sem vítima;27,000;BR-290/RS;Crescente;Queda de moto;0;0;0;0;0;0;0;0;0;0;1;0;0;0;0
11/02/2023;17:08:54;197;Com vítima;66,000;BR-101/RS;Decrescente;Capotamento;0;0;0;0;0;0;0;0;0;0;0;1;0;0;0
11/02/2023;17:19:53;200;Com vítima;345,000;BR-386/RS;Decrescente;Queda de moto;0;0;0;0;0;0;0;0;0;0;1;0;0;0;0
11/02/2023;17:44:35;204;Sem vítima;22,000;BR-448/RS;Decrescente;Colisão lateral no mesmo sentido;0;0;0;0;0;0;0;0;0;0;1;0;0;0;0
11/02/2023;19:19:02;225;Com vítima;80,000;BR-290/RS;Crescente;Colisão lateral no mesmo sentido;0;0;0;0;0;0;0;0;0;0;1;0;0;0;0
11/02/2023;21:06:40;251;Sem vítima;9,000;BR-290/RS;Crescente;Colisão traseira;0;0;0;0;0;0;0;0;0;0;2;0;0;0;0
12/02/2023;01:41:39;8;Com vítima;59,000;BR-101/RS;Crescente;Capotamento;0;0;0;0;0;0;0;0;0;0;0;0;0;1;0
12/02/2023;07:49:04;55;Com vítima;60,000;BR-290/RS;Crescente;Colisão lateral no mesmo sentido;0;0;0;0;0;0;0;0;0;0;1;0;0;0;0
12/02/2023;15:25:18;169;Com vítima;46,000;BR-290/RS;Crescente;Capotamento;1;0;0;0;0;0;0;0;0;0;0;1;0;0;0
12/02/2023;16:01:49;182;Com vítima;429,000;BR-386/RS;Decrescente;Colisão traseira;0;0;0;0;0;0;0;0;0;0;2;1;0;0;0
12/02/2023;17:56:51;223;Sem vítima;391,000;BR-386/RS;Decrescente;Colisão lateral no mesmo sentido;0;0;0;0;0;0;0;0;0;0;4;0;0;0;0
12/02/2023;18:30:58;234;Sem vítima;353,000;BR-386/RS;Decrescente;Capotamento;0;0;0;0;0;0;0;0;0;0;3;0;0;0;0
12/02/2023;20:19:04;272;Com vítima;392,000;BR-386/RS;Crescente;Colisão lateral no mesmo sentido;0;0;0;0;0;0;0;0;0;0;2;0;0;1;0
12/02/2023;20:24:49;275;Com vítima;215,000;BR-386/RS;Decrescente;Colisão transversal;0;0;0;0;0;0;0;0;0;0;1;0;0;0;0
12/02/2023;20:39:10;286;Sem vítima;29,000;BR-290/RS;Decrescente;Engavetamento;1;0;0;0;0;0;0;0;0;0;3;0;0;0;0
12/02/2023;20:44:40;290;Sem vítima;424,000;BR-386/RS;Decrescente;Colisão lateral no mesmo sentido;1;0;0;0;0;0;0;0;0;0;2;0;0;0;0