data;horario;n_da_ocorrencia;tipo_de_ocorrencia;km;trecho;sentido;tipo_de_acidente;automovel;bicicleta;caminhao;moto;onibus;outros;tracao_animal;transporte_de_cargas_especiais;trator_maquinas;utilitarios;ilesos;levemente_feridos;moderadamente_feridos;gravemente_feridos;mortos
13/02/2023;01:14:04;10;Sem vítima;364,000;BR-386/RS;Crescente;Acidentes de outra natureza;0;0;0;0;0;0;0;0;0;0;1;0;0;0;0
13/02/2023;06:44:46;38;Sem vítima;432,000;BR-386/RS;Crescente;Colisão traseira;0;0;0;0;0;0;0;0;0;0;1;0;0;0;0
13/02/2023;07:09:04;51;Sem vítima;91,000;BR-290/RS;Decrescente;Colisão traseira;0;0;0;0;0;0;0;0;0;0;1;0;0;0;0
13/02/2023;07:37:29;71;Sem vítima;11,000;BR-448/RS;Crescente;Colisão traseira;0;0;0;0;0;0;0;0;0;0;1;0;0;0;0
13/02/2023;11:18:47;168;Sem vítima;31,000;BR-290/RS;Decrescente;Acidentes de outra natureza;0;0;0;0;0;0;0;0;0;0;1;0;0;0;0
13/02/2023;11:22:22;170;Com vítima;60,000;BR-290/RS;Decrescente;Colisão traseira;0;0;0;0;0;0;0;0;0;0;2;0;0;0;0
13/02/2023;11:48:05;177;Sem vítima;30,000;BR-101/RS;Decrescente;Choque;1;0;0;0;0;0;0;0;0;0;1;0;0;0;0
13/02/2023;13:26:54;199;Com vítima;281,000;BR-386/RS;Decrescente;Colisão transversal;0;0;0;0;0;0;0;0;0;0;1;0;0;0;0
13/02/2023;16:57:47;252;Com vítima;60,000;BR-290/RS;Decrescente;Colisão lateral no mesmo sentido;0;0;0;0;0;0;0;0;0;0;1;0;0;0;0
13/02/2023;18:36:43;269;Com vítima;354,000;BR-386/RS;Decrescente;Colisão transversal;0;0;0;0;0;0;0;0;0;0;0;1;0;0;0
13/02/2023;22:24:52;317;Sem vítima;279,000;BR-386/RS;Crescente;Colisão lateral no mesmo sentido;0;0;0;0;0;0;0;0;0;0;1;0;0;0;0
13/02/2023;23:53:54;331;Sem vítima;44,000;BR-290/RS;Crescente;Colisão traseira;0;0;0;0;0;0;0;0;0;0;1;0;0;0;0
14/02/2023;07:23:38;71;Sem vítima;87,000;BR-290/RS;Decrescente;Colisão traseira;0;0;0;0;0;0;0;0;0;0;1;0;0;0;0
14/02/2023;11:01:36;151;Sem vítima;84,000;BR-290/RS;Crescente;Choque;0;0;0;0;0;0;0;0;0;0;1;0;0;0;0
14/02/2023;11:55:41;169;Sem vítima;342,000;BR-386/RS;Decrescente;Colisão frontal;0;0;0;0;0;0;0;0;0;0;2;0;0;0;0
14/02/2023;14:28:37;194;Com vítima;228,000;BR-386/RS;Decrescente;Colisão frontal;0;0;0;0;0;0;0;0;0;0;0;1;0;0;0
14/02/2023;15:42:59;214;Sem vítima;61,000;BR-290/RS;Decrescente;Acidentes de outra natureza;0;0;0;0;0;0;0;0;0;0;1;0;0;0;0
14/02/2023;16:27:13;220;Sem vítima;307,000;BR-386/RS;Crescente;Acidentes de outra natureza;0;0;0;0;0;0;0;0;0;0;1;0;0;0;0
14/02/2023;17:45:15;234;Sem vítima;1,000;BR-290/RS;Decrescente;Acidentes de outra natureza;0;0;0;0;0;0;0;0;0;0;1;0;0;0;0
14/02/2023;18:13:25;241;Sem vítima;445,000;BR-386/RS;Decrescente;Acidentes de outra natureza;1;0;0;0;0;0;0;0;0;0;1;0;0;0;0
14/02/2023;18:31:54;243;Com vítima;354,000;BR-386/RS;Crescente;Colisão traseira;1;0;0;0;0;0;0;0;0;0;0;0;0;0;0
14/02/2023;19:32:28;260;Sem vítima;80,000;BR-290/RS;Crescente;Acidentes de outra natureza;1;0;0;0;0;0;0;0;0;0;1;0;0;0;0
14/02/2023;20:22:41;265;Sem vítima;4,800;BR-290/RS;Decrescente;Acidentes de outra natureza;0;0;0;0;0;0;0;0;0;0;1;0;0;0;0
14/02/2023;20:24:44;266;Sem vítima;400,000;BR-386/RS;Decrescente;Acidentes de outra natureza;0;0;0;0;0;0;0;0;0;0;1;0;0;0;0
14/02/2023;21:03:13;271;Sem vítima;207,000;BR-386/RS;Decrescente;Acidentes de outra natureza;0;0;0;0;0;0;0;0;0;0;1;0;0;0;0
14/02/2023;21:44:11;273;Sem vítima;68,000;BR-101/RS;Decrescente;Colisão traseira;0;0;0;0;0;0;0;0;0;0;1;0;0;0;0
15/02/2023;02:24:07;12;Com vítima;60,000;BR-101/RS;Crescente;Tombamento;0;0;0;0;0;0;0;0;0;0;0;0;1;0;0
15/02/2023;05:39:24;23;Sem vítima;430,000;BR-386/RS;Crescente;Choque;0;0;0;0;0;0;0;0;0;0;1;0;0;0;0
15/02/2023;06:00:24;30;Sem vítima;429,000;BR-386/RS;Decrescente;Choque;0;0;0;0;0;0;0;0;0;0;2;0;0;0;0
15/02/2023;08:33:36;108;Sem vítima;92,000;BR-290/RS;Decrescente;Colisão traseira;0;0;0;0;0;0;0;0;0;0;1;0;0;0;0
15/02/2023;08:46:24;117;Sem vítima;92,000;BR-290/RS;Decrescente;Engavetamento;0;0;0;0;0;0;0;0;0;0;1;0;0;0;0
15/02/2023;11:58:28;166;Sem vítima;414,000;BR-386/RS;Crescente;Acidentes de outra natureza;0;0;0;0;0;0;0;0;0;0;1;0;0;0;0
15/02/2023;16:09:16;221;Sem vítima;4,000;BR-101/RS;Crescente;Choque;0;0;0;0;0;0;0;0;0;0;1;0;0;0;0
15/02/2023;16:12:44;222;Sem vítima;440,000;BR-386/RS;Crescente;Colisão lateral no mesmo sentido;0;0;0;0;0;0;0;0;0;0;1;0;0;0;0
15/02/2023;19:57:02;268;Sem vítima;392,000;BR-386/RS;Crescente;Acidentes de outra natureza;0;0;0;0;0;0;0;0;0;0;1;0;0;0;0
16/02/2023;07:18:08;60;Sem vítima;439,000;BR-386/RS;Decrescente;Capotamento;1;0;0;0;0;0;0;0;0;0;1;0;0;0;0
16/02/2023;09:05:12;109;Sem vítima;387,000;BR-386/RS;Crescente;Capotamento;0;0;0;0;0;0;0;0;0;0;1;0;0;0;0
16/02/2023;09:29:39;116;Sem vítima;306,000;BR-386/RS;Decrescente;Acidentes de outra natureza;0;0;0;0;0;0;0;0;0;0;1;0;0;0;0
16/02/2023;10:33:16;132;Sem vítima;362,000;BR-386/RS;Decrescente;Colisão traseira;0;0;0;0;0;0;0;0;0;0;1;0;0;0;0
16/02/2023;15:14:18;185;Sem vítima;406,000;BR-386/RS;Decrescente;Colisão transversal;0;0;0;0;0;0;0;0;0;0;1;0;0;0;0
16/02/2023;17:34:12;221;Sem vítima;72,000;BR-290/RS;Crescente;Colisão traseira;0;0;0;0;0;0;0;0;0;0;2;0;0;0;0
16/02/2023;17:37:32;222;Sem vítima;86,000;BR-290/RS;Decrescente;Colisão traseira;0;0;0;0;0;0;0;0;0;0;1;0;0;0;0
16/02/2023;17:48:16;227;Sem vítima;10,000;BR-448/RS;Crescente;Colisão traseira;0;0;0;0;0;0;0;0;0;0;1;0;0;0;0
16/02/2023;18:57:51;243;Sem vítima;90,000;BR-290/RS;Crescente;Colisão traseira;0;0;0;0;0;0;0;0;0;0;1;0;0;0;0
17/02/2023;04:28:37;16;Sem vítima;258,000;BR-386/RS;Crescente;Tombamento;1;0;0;0;0;0;0;0;0;0;1;0;0;0;0
17/02/2023;05:06:21;20;Sem vítima;362,000;BR-386/RS;Crescente;Acidentes de outra natureza;1;0;0;0;0;0;0;0;0;0;1;0;0;0;0
17/02/2023;06:54:38;32;Sem vítima;16,000;BR-448/RS;Decrescente;Acidentes de outra natureza;1;0;0;0;0;0;0;0;0;0;1;0;0;0;0
17/02/2023;07:39:33;54;Sem vítima;16,000;BR-448/RS;Crescente;Engavetamento;0;0;0;0;0;0;0;0;0;0;1;0;0;0;0
17/02/2023;07:48:10;58;Sem vítima;355,000;BR-386/RS;Decrescente;Colisão traseira;2;0;0;0;0;0;0;0;0;0;3;0;0;0;0
17/02/2023;07:48:25;59;Sem vítima;92,000;BR-290/RS;Crescente;Acidentes de outra natureza;0;0;0;0;0;0;0;0;0;0;1;0;0;0;0
17/02/2023;09:03:50;85;Sem vítima;22,000;BR-448/RS;Decrescente;Choque;1;0;0;0;0;0;0;0;0;0;1;0;0;0;0
17/02/2023;10:47:48;123;Sem vítima;88,000;BR-290/RS;Crescente;Colisão traseira;0;0;0;0;0;0;0;0;0;0;3;0;0;0;0
17/02/2023;13:28:24;157;Com vítima;96,000;BR-290/RS;Decrescente;Capotamento;1;0;0;0;0;0;0;0;0;0;0;1;0;0;0
17/02/2023;14:21:15;176;Sem vítima;3,000;BR-290/RS;Crescente;Colisão traseira;0;0;0;0;0;0;0;0;0;0;3;0;0;0;0
17/02/2023;14:40:36;181;Sem vítima;77,000;BR-290/RS;Crescente;Colisão traseira;1;0;0;0;0;0;0;0;0;0;1;0;0;0;0
17/02/2023;15:07:13;189;Sem vítima;77,000;BR-290/RS;Crescente;Colisão traseira;0;0;0;0;0;0;0;0;0;0;1;0;0;0;0
17/02/2023;16:28:19;216;Sem vítima;437,000;BR-386/RS;Decrescente;Acidentes de outra natureza;0;0;0;0;0;0;0;0;0;0;2;0;0;0;0
17/02/2023;17:49:18;245;Sem vítima;89,000;BR-290/RS;Crescente;Engavetamento;0;0;0;0;0;0;0;0;0;0;1;0;0;0;0
17/02/2023;17:51:43;246;Sem vítima;40,000;BR-290/RS;Crescente;Colisão lateral no mesmo sentido;0;0;0;0;0;0;0;0;0;0;1;0;0;0;0
17/02/2023;18:03:47;253;Sem vítima;331,000;BR-386/RS;Decrescente;Engavetamento;0;0;0;0;0;0;0;0;0;0;1;0;0;0;0
17/02/2023;19:12:51;275;Sem vítima;47,000;BR-290/RS;Decrescente;Acidentes de outra natureza;1;0;0;0;0;0;0;0;0;0;1;0;0;0;0
17/02/2023;19:16:59;278;Sem vítima;319,000;BR-386/RS;Crescente;Colisão traseira;0;0;0;0;0;0;0;0;0;0;2;0;0;0;0
17/02/2023;19:51:36;293;Sem vítima;83,000;BR-290/RS;Crescente;Engavetamento;0;0;0;0;0;0;0;0;0;0;1;0;0;0;0
17/02/2023;20:51:51;315;Sem vítima;26,000;BR-290/RS;Crescente;Engavetamento;0;0;0;0;0;0;0;0;0;0;2;0;0;0;0
17/02/2023;23:14:32;354;Sem vítima;54,000;BR-290/RS;Crescente;Colisão transversal;0;0;0;0;0;0;0;0;0;0;1;0;0;0;0
18/02/2023;00:43:37;13;Sem vítima;33,000;BR-101/RS;Decrescente;Capotamento;0;0;0;0;0;0;0;0;0;0;1;0;0;0;0
18/02/2023;02:12:59;26;Sem vítima;296,000;BR-386/RS;Crescente;Colisão traseira;0;0;0;0;0;0;0;0;0;0;1;0;0;0;0
18/02/2023;06:14:09;56;Sem vítima;77,000;BR-290/RS;Crescente;Engavetamento;0;0;0;0;0;0;0;0;0;0;1;0;0;0;0
18/02/2023;08:24:42;100;Sem vítima;54,000;BR-101/RS;Crescente;Colisão traseira;1;0;0;0;0;0;0;0;0;0;1;0;0;0;0
18/02/2023;11:27:07;165;Sem vítima;61,000;BR-290/RS;Crescente;Colisão lateral no mesmo sentido;0;0;0;0;0;0;0;0;0;0;1;0;0;0;0
18/02/2023;11:40:51;171;Sem vítima;366,000;BR-386/RS;Decrescente;Atropelamento de animal;0;0;0;0;0;0;0;0;0;0;1;0;0;0;0
18/02/2023;12:54:06;186;Sem vítima;75,000;BR-290/RS;Crescente;Colisão traseira;0;0;0;0;0;0;0;0;0;0;2;0;0;0;0
18/02/2023;14:33:16;204;Sem vítima;34,000;BR-290/RS;Crescente;Colisão traseira;1;0;0;0;0;0;0;0;0;0;2;0;0;0;0
18/02/2023;15:05:32;212;Com vítima;75,000;BR-290/RS;Crescente;Queda de moto;0;0;0;0;0;0;0;0;0;0;1;0;0;0;0
18/02/2023;17:22:02;241;Sem vítima;60,000;BR-290/RS;Crescente;Colisão traseira;0;0;0;0;0;0;0;0;0;0;2;0;0;0;0
18/02/2023;18:58:16;263;Sem vítima;4,000;BR-448/RS;Crescente;Choque;0;0;0;0;0;0;0;0;0;0;1;0;0;0;0
18/02/2023;20:08:14;284;Sem vítima;80,000;BR-290/RS;Crescente;Acidentes de outra natureza;0;0;0;0;0;0;0;0;0;0;1;0;0;0;0
19/02/2023;03:15:07;13;Sem vítima;72,000;BR-290/RS;Crescente;Acidentes de outra natureza;0;0;0;0;0;0;0;0;0;0;1;0;0;0;0
19/02/2023;03:33:41;17;Sem vítima;346,000;BR-386/RS;Crescente;Acidentes de outra natureza;1;0;0;0;0;0;0;0;0;0;1;0;0;0;0
20/02/2023;01:44:34;6;Sem vítima;80,000;BR-290/RS;Crescente;Acidentes de outra natureza;0;0;0;0;0;0;0;0;0;0;1;0;0;0;0
20/02/2023;02:46:48;10;Com vítima;51,000;BR-290/RS;Decrescente;Queda de moto;0;0;0;0;0;0;0;0;0;0;0;0;1;0;0
20/02/2023;05:56:41;24;Com vítima;20,000;BR-448/RS;Crescente;Colisão traseira;0;0;0;0;0;0;0;0;0;0;0;0;1;0;0
20/02/2023;10:36:46;95;Com vítima;80,000;BR-101/RS;Decrescente;Acidentes de outra natureza;0;0;0;0;0;0;0;0;0;0;1;0;0;0;0
20/02/2023;11:10:48;101;Sem vítima;60,000;BR-290/RS;Decrescente;Choque;0;0;0;0;0;0;0;0;0;0;1;0;0;0;0
20/02/2023;11:16:13;103;Com vítima;245,000;BR-386/RS;Crescente;Colisão transversal;0;0;0;0;0;0;0;0;0;0;0;1;0;0;0
20/02/2023;12:16:49;115;Sem vítima;4,000;BR-290/RS;Decrescente;Colisão traseira;0;0;0;0;0;0;0;0;0;0;1;0;0;0;0
20/02/2023;12:56:18;124;Sem vítima;414,000;BR-386/RS;Decrescente;Acidentes de outra natureza;0;0;0;0;0;0;0;0;0;0;1;0;0;0;0
20/02/2023;13:36:10;134;Sem vítima;2,000;BR-290/RS;Crescente;Acidentes de outra natureza;0;0;0;0;0;0;0;0;0;0;1;0;0;0;0
20/02/2023;14:19:51;143;Sem vítima;307,000;BR-386/RS;Crescente;Acidentes de outra natureza;1;0;0;0;0;0;0;0;0;0;1;0;0;0;0
20/02/2023;15:30:20;160;Sem vítima;410,000;BR-386/RS;Crescente;Colisão lateral no mesmo sentido;0;0;0;0;0;0;0;0;0;0;1;0;0;0;0
20/02/2023;16:33:09;175;Com vítima;31,000;BR-290/RS;Decrescente;Acidentes de outra natureza;0;0;0;0;0;0;0;0;0;0;1;0;0;0;0
20/02/2023;16:51:19;185;Sem vítima;94,000;BR-290/RS;Crescente;Choque;0;0;0;0;0;0;0;0;0;0;1;0;0;0;0
20/02/2023;18:27:17;213;Sem vítima;36,000;BR-101/RS;Crescente;Acidentes de outra natureza;0;0;0;0;0;0;0;0;0;0;1;0;0;0;0
20/02/2023;21:10:56;269;Sem vítima;75,000;BR-290/RS;Crescente;Acidentes de outra natureza;0;0;0;0;0;0;0;0;0;0;1;0;0;0;0
20/02/2023;23:51:41;292;Com vítima;295,000;BR-386/RS;Crescente;Acidentes de outra natureza;0;0;0;0;0;0;0;0;0;0;0;1;0;0;0
21/02/2023;06:49:30;31;Sem vítima;80,000;BR-290/RS;Crescente;Acidentes de outra natureza;0;0;0;0;0;0;0;0;0;0;1;0;0;0;0
21/02/2023;08:12:25;62;Sem vítima;349,000;BR-386/RS;Decrescente;Tombamento;0;0;0;0;0;0;0;0;0;0;1;0;0;0;0
21/02/2023;08:58:15;76;Com vítima;66,000;BR-290/RS;Decrescente;Atropelamento de pedestre;0;0;0;0;0;0;0;0;0;0;0;0;1;0;0
21/02/2023;10:46:14;106;Sem vítima;4,000;BR-290/RS;Decrescente;Acidentes de outra natureza;0;0;0;0;0;0;0;0;0;0;1;0;0;0;0
21/02/2023;10:53:57;113;Com vítima;22,000;BR-290/RS;Crescente;Capotamento;0;0;0;0;0;0;0;0;0;0;0;0;0;1;0
21/02/2023;12:54:02;146;Sem vítima;63,000;BR-101/RS;Decrescente;Colisão traseira;0;0;0;0;0;0;0;0;0;0;1;0;0;0;0
21/02/2023;13:00:43;149;Sem vítima;69,000;BR-101/RS;Decrescente;Engavetamento;0;0;0;0;0;0;0;0;0;0;1;0;0;0;0
21/02/2023;14:06:50;167;Com vítima;22,000;BR-290/RS;Decrescente;Colisão traseira;0;0;0;0;0;0;0;0;0;0;1;0;0;0;0
21/02/2023;14:53:12;181;Sem vítima;18,000;BR-290/RS;Decrescente;Colisão traseira;0;0;0;0;0;0;0;0;0;0;1;0;0;0;0
21/02/2023;18:10:36;236;Sem vítima;236,000;BR-386/RS;Crescente;Atropelamento de animal;0;0;0;0;0;0;0;0;0;0;1;0;0;0;0
21/02/2023;18:40:19;250;Com vítima;19,000;BR-448/RS;Crescente;Capotamento;1;0;0;0;0;0;0;0;0;0;0;0;1;0;0
21/02/2023;18:49:51;256;Sem vítima;6,000;BR-290/RS;Decrescente;Colisão traseira;0;0;0;0;0;0;0;0;0;0;1;0;0;0;0
21/02/2023;18:52:02;257;Sem vítima;81,000;BR-101/RS;Decrescente;Queda de moto;0;0;0;0;0;0;0;0;0;0;1;0;0;0;0
21/02/2023;19:17:48;265;Sem vítima;70,190;BR-101/RS;Decrescente;Engavetamento;0;0;0;0;0;0;0;0;0;0;1;0;0;0;0
21/02/2023;20:29:02;291;Sem vítima;68,000;BR-290/RS;Crescente;Choque;0;0;0;0;0;0;0;0;0;0;2;0;0;0;0
21/02/2023;21:15:59;307;Sem vítima;1,000;BR-290/RS;Decrescente;Colisão transversal;0;0;0;0;0;0;0;0;0;0;1;0;0;0;0
22/02/2023;08:35:22;91;Sem vítima;57,000;BR-101/RS;Decrescente;Colisão lateral no mesmo sentido;0;0;0;0;0;0;0;0;0;0;1;0;0;0;0
22/02/2023;08:44:03;97;Com vítima;33,000;BR-101/RS;Crescente;Colisão traseira;0;0;0;0;0;0;0;0;0;0;1;0;0;0;0
22/02/2023;11:39:24;154;Com vítima;43,000;BR-290/RS;Decrescente;Engavetamento;0;0;0;0;0;0;0;0;0;0;1;0;0;0;0
22/02/2023;16:28:07;234;Sem vítima;87,000;BR-101/RS;Decrescente;Colisão traseira;0;0;0;0;0;0;0;0;0;0;1;0;0;0;0
23/02/2023;08:08:51;90;Sem vítima;340,000;BR-386/RS;Crescente;Colisão traseira;0;0;0;0;0;0;0;0;0;0;1;0;0;0;0
23/02/2023;10:26:41;133;Sem vítima;18,000;BR-290/RS;Decrescente;Acidentes de outra natureza;0;0;0;0;0;0;0;0;0;0;2;0;0;0;0
23/02/2023;11:09:58;145;Sem vítima;215,000;BR-386/RS;Crescente;Colisão traseira;0;0;0;0;0;0;0;0;0;0;1;0;0;0;0
23/02/2023;12:19:54;160;Sem vítima;15,000;BR-101/RS;Crescente;Acidentes de outra natureza;0;0;0;0;0;0;0;0;0;0;1;0;0;0;0
23/02/2023;14:41:55;195;Sem vítima;92,000;BR-290/RS;Crescente;Colisão lateral no mesmo sentido;0;0;0;0;0;0;0;0;0;0;1;0;0;0;0
23/02/2023;16:59:58;222;Sem vítima;43,000;BR-290/RS;Crescente;Choque;1;0;0;0;0;0;0;0;0;0;1;0;0;0;0
23/02/2023;18:14:17;232;Sem vítima;53,000;BR-290/RS;Crescente;Colisão traseira;0;0;0;0;0;1;0;0;0;0;2;0;0;0;0
23/02/2023;19:32:07;252;Sem vítima;49,000;BR-101/RS;Crescente;Choque;0;0;0;0;0;0;0;0;0;0;1;0;0;0;0
24/02/2023;10:32:15;114;Sem vítima;269,000;BR-386/RS;Crescente;Colisão traseira;0;0;0;0;0;0;0;0;0;0;1;0;0;0;0
24/02/2023;15:08:50;170;Sem vítima;80,000;BR-290/RS;Crescente;Colisão lateral no mesmo sentido;0;0;0;0;0;0;0;0;0;0;1;0;0;0;0
24/02/2023;17:35:58;208;Sem vítima;4,000;BR-101/RS;Crescente;Colisão lateral no mesmo sentido;0;0;0;0;0;0;0;0;0;0;1;0;0;0;0
24/02/2023;18:07:15;213;Com vítima;75,000;BR-290/RS;Decrescente;Queda de moto;0;0;0;0;0;0;0;0;0;0;0;1;0;0;0
24/02/2023;21:09:10;242;Sem vítima;375,000;BR-386/RS;Decrescente;Colisão traseira;0;0;0;0;0;0;0;0;0;0;2;0;0;0;0
24/02/2023;21:21:57;245;Sem vítima;39,000;BR-101/RS;Crescente;Colisão lateral no mesmo sentido;0;0;0;0;0;0;0;0;0;0;1;0;0;0;0
24/02/2023;22:42:30;255;Sem vítima;221,000;BR-386/RS;Crescente;Colisão traseira;0;0;0;0;0;0;0;0;0;0;1;0;0;0;0
25/02/2023;05:59:12;20;Sem vítima;334,000;BR-386/RS;Decrescente;Acidentes de outra natureza;0;0;0;0;0;0;0;0;0;0;1;0;0;0;0
25/02/2023;10:02:26;106;Sem vítima;34,000;BR-290/RS;Decrescente;Capotamento;0;0;0;0;0;0;0;0;0;0;1;0;0;0;0
25/02/2023;10:11:25;107;Sem vítima;344,000;BR-386/RS;Crescente;Colisão traseira;0;0;0;0;0;0;0;0;0;0;1;0;0;0;0
25/02/2023;11:03:49;119;Sem vítima;344,000;BR-386/RS;Decrescente;Queda de moto;0;0;0;0;0;0;0;0;0;0;1;0;0;0;0
25/02/2023;11:13:39;120;Sem vítima;80,000;BR-290/RS;Decrescente;Choque;1;0;0;0;0;0;0;0;0;0;1;0;0;0;0
25/02/2023;11:53:02;125;Sem vítima;23,000;BR-290/RS;Crescente;Choque;0;0;0;0;0;0;0;0;0;0;1;0;0;0;0
25/02/2023;13:24:31;138;Sem vítima;401,000;BR-386/RS;Crescente;Acidentes de outra natureza;1;0;0;0;0;0;0;0;0;0;1;0;0;0;0
25/02/2023;14:30:02;151;Sem vítima;22,000;BR-448/RS;Crescente;Choque;0;0;0;0;0;0;0;0;0;0;1;0;0;0;0
25/02/2023;17:06:25;174;Com vítima;397,000;BR-386/RS;Crescente;Acidentes de outra natureza;1;0;0;0;0;0;0;0;0;0;0;0;1;0;0
25/02/2023;19:50:29;197;Com vítima;84,000;BR-290/RS;Decrescente;Colisão traseira;0;0;0;0;0;0;0;0;0;0;0;0;1;0;0
26/02/2023;04:23:05;18;Sem vítima;444,000;BR-386/RS;Decrescente;Acidentes de outra natureza;0;0;0;0;0;0;0;0;0;0;2;0;0;0;0
26/02/2023;11:17:06;84;Com vítima;80,000;BR-290/RS;Decrescente;Atropelamento de pedestre;0;0;0;0;0;0;0;0;0;0;0;1;0;0;0
26/02/2023;13:51:44;101;Com vítima;72,000;BR-101/RS;Crescente;Acidentes de outra natureza;0;0;0;0;0;0;0;0;0;0;2;0;1;0;0
26/02/2023;15:37:17;128;Com vítima;248,280;BR-386/RS;Crescente;Colisão transversal;0;0;0;0;0;0;0;0;0;0;2;0;0;0;0
26/02/2023;17:59:59;152;Com vítima;33,000;BR-290/RS;Crescente;Choque;1;0;0;0;0;0;0;0;0;0;0;1;0;0;0
27/02/2023;07:37:12;66;Sem vítima;80,000;BR-290/RS;Decrescente;Colisão traseira;0;0;0;0;0;0;0;0;0;0;3;0;0;0;0
27/02/2023;11:57:35;156;Sem vítima;256,000;BR-386/RS;Crescente;Acidentes de outra natureza;0;0;0;0;0;0;0;0;0;0;1;0;0;0;0
27/02/2023;14:51:32;190;Sem vítima;251,000;BR-386/RS;Decrescente;Colisão traseira;0;0;0;0;0;0;0;0;0;0;1;0;0;0;0
27/02/2023;15:14:26;195;Com vítima;30,000;BR-290/RS;Decrescente;Choque;0;0;1;0;0;0;0;0;0;0;0;0;1;0;0
28/02/2023;05:16:46;21;Sem vítima;86,000;BR-290/RS;Decrescente;Queda de moto;0;0;0;0;0;0;0;0;0;0;1;0;0;0;0
28/02/2023;06:03:17;24;Com vítima;297,000;BR-386/RS;Crescente;Colisão frontal;0;0;0;0;0;0;0;0;0;0;0;1;0;0;0
28/02/2023;11:41:08;160;Sem vítima;82,000;BR-290/RS;Decrescente;Colisão lateral no mesmo sentido;0;0;0;0;0;0;0;0;0;0;1;0;0;0;0
28/02/2023;15:39:01;213;Sem vítima;270,000;BR-386/RS;Crescente;Colisão lateral no mesmo sentido;0;0;0;0;0;0;0;0;0;0;1;0;0;0;0
28/02/2023;18:13:21;242;Com vítima;374,000;BR-386/RS;Crescente;Colisão traseira;0;0;0;0;0;0;0;0;0;0;0;1;0;0;0
01/03/2023;06:52:18;44;Sem vítima;91,000;BR-290/RS;Decrescente;Colisão lateral no mesmo sentido;0;0;0;0;0;0;0;0;0;0;1;0;0;0;0
01/03/2023;08:28:23;95;Sem vítima;95,000;BR-290/RS;Decrescente;Engavetamento;0;0;0;0;0;0;0;0;0;0;1;0;0;0;0
01/03/2023;08:43:20;102;Sem vítima;95,000;BR-290/RS;Crescente;Choque;1;0;0;0;0;0;0;0;0;0;1;0;0;0;0
01/03/2023;09:58:37;124;Com vítima;446,000;BR-386/RS;Decrescente;Colisão transversal;0;0;0;0;0;0;0;0;0;0;2;0;0;0;0
01/03/2023;10:55:20;133;Sem vítima;40,000;BR-290/RS;Crescente;Acidentes de outra natureza;0;0;0;0;0;0;0;0;0;0;1;0;0;0;0
01/03/2023;11:17:04;137;Sem vítima;5,000;BR-101/RS;Crescente;Colisão lateral no mesmo sentido;0;0;0;0;0;0;0;0;0;0;1;0;0;0;0
01/03/2023;13:56:46;178;Sem vítima;372,000;BR-386/RS;Decrescente;Colisão traseira;0;0;0;0;0;0;0;0;0;0;1;0;0;0;0
01/03/2023;19:13:07;235;Com vítima;86,000;BR-101/RS;Decrescente;Colisão traseira;0;0;0;0;0;0;0;0;0;0;0;1;0;0;0
01/03/2023;20:43:38;250;Sem vítima;213,000;BR-386/RS;Crescente;Acidentes de outra natureza;1;0;0;0;0;0;0;0;0;0;1;0;0;0;0
02/03/2023;02:50:35;8;Sem vítima;39,550;BR-101/RS;Crescente;Acidentes de outra natureza;0;0;0;0;0;0;0;0;0;0;1;0;0;0;0
02/03/2023;06:40:16;35;Sem vítima;54,000;BR-290/RS;Decrescente;Colisão lateral no mesmo sentido;0;0;0;0;0;0;0;0;0;0;1;0;0;0;0
02/03/2023;15:20:20;179;Com vítima;344,000;BR-386/RS;Crescente;Engavetamento;0;0;0;0;0;0;0;0;0;0;2;1;0;0;0
02/03/2023;18:48:39;215;Sem vítima;60,000;BR-101/RS;Crescente;Acidentes de outra natureza;0;0;0;0;0;0;0;0;0;0;1;0;0;0;0
02/03/2023;19:47:53;223;Sem vítima;373,000;BR-386/RS;Crescente;Acidentes de outra natureza;0;0;0;0;0;0;0;0;0;0;1;0;0;0;0
03/03/2023;08:30:35;93;Sem vítima;95,000;BR-290/RS;Decrescente;Colisão lateral no mesmo sentido;0;0;0;0;0;0;0;0;0;0;1;0;0;0;0
03/03/2023;11:49:06;145;Com vítima;51,000;BR-101/RS;Decrescente;Acidentes de outra natureza;1;0;0;0;0;0;0;0;0;0;0;1;0;0;0
03/03/2023;12:16:11;152;Sem vítima;308,000;BR-386/RS;Crescente;Acidentes de outra natureza;0;0;0;0;0;0;0;0;0;0;1;0;0;0;0
03/03/2023;14:32:19;174;Sem vítima;214,000;BR-386/RS;Decrescente;Acidentes de outra natureza;0;0;0;0;0;0;0;0;0;0;1;0;0;0;0
03/03/2023;15:24:08;184;Com vítima;83,000;BR-290/RS;Decrescente;Colisão traseira;0;0;0;0;0;0;0;0;0;0;1;0;0;0;0
03/03/2023;15:25:56;185;Sem vítima;430,000;BR-386/RS;Crescente;Colisão traseira;0;0;0;0;0;0;0;0;0;0;2;0;0;0;0