data;horario;n_da_ocorrencia;tipo_de_ocorrencia;km;trecho;sentido;tipo_de_acidente;automovel;bicicleta;caminhao;moto;onibus;outros;tracao_animal;transporte_de_cargas_especiais;trator_maquinas;utilitarios;ilesos;levemente_feridos;moderadamente_feridos;gravemente_feridos;mortos
03/03/2023;16:17:24;193;Sem vítima;78,000;BR-101/RS;Crescente;Colisão lateral no mesmo sentido;0;0;0;0;0;0;0;0;0;0;2;0;0;0;0
03/03/2023;16:52:12;200;Sem vítima;91,000;BR-290/RS;Crescente;Colisão lateral no mesmo sentido;0;0;0;0;0;0;0;0;0;0;1;0;0;0;0
03/03/2023;17:34:12;211;Sem vítima;217,000;BR-386/RS;Crescente;Colisão transversal;0;0;0;0;0;0;0;0;0;0;1;0;0;0;0
03/03/2023;17:46:34;215;Sem vítima;306,000;BR-386/RS;Crescente;Acidentes de outra natureza;1;0;0;0;0;0;0;0;0;0;1;0;0;0;0
03/03/2023;18:23:11;225;Sem vítima;10,000;BR-290/RS;Crescente;Acidentes de outra natureza;0;0;0;0;0;0;0;0;0;0;2;0;0;0;0
03/03/2023;19:12:10;238;Sem vítima;61,000;BR-101/RS;Crescente;Acidentes de outra natureza;1;0;0;0;0;0;0;0;0;0;1;0;0;0;0
03/03/2023;21:59:24;271;Sem vítima;10,000;BR-290/RS;Crescente;Choque;0;0;0;0;0;0;0;0;0;0;1;0;0;0;0
03/03/2023;22:14:27;274;Com vítima;387,000;BR-386/RS;Decrescente;Atropelamento de pedestre;0;0;0;0;0;0;0;0;0;0;0;0;1;0;0
04/03/2023;00:15:52;4;Sem vítima;445,000;BR-386/RS;Crescente;Queda de moto;0;0;0;0;0;0;0;0;0;0;1;0;0;0;0
04/03/2023;07:20:13;37;Sem vítima;68,000;BR-290/RS;Decrescente;Colisão traseira;0;0;0;0;0;0;0;0;0;0;1;0;0;0;0
04/03/2023;07:57:24;45;Sem vítima;437,000;BR-386/RS;Crescente;Colisão frontal;0;0;0;0;0;0;0;0;0;0;1;0;0;0;0
04/03/2023;08:24:00;52;Com vítima;22,000;BR-448/RS;Decrescente;Choque;0;0;0;0;0;0;0;0;0;0;0;1;0;0;0
04/03/2023;08:33:25;53;Sem vítima;22,000;BR-448/RS;Decrescente;Choque;1;0;0;0;0;0;0;0;0;0;1;0;0;0;0
04/03/2023;09:25:10;64;Sem vítima;86,000;BR-290/RS;Crescente;Acidentes de outra natureza;1;0;0;0;0;0;0;0;0;0;1;0;0;0;0
04/03/2023;10:32:48;76;Sem vítima;87,000;BR-101/RS;Crescente;Colisão traseira;0;0;0;0;0;0;0;0;0;0;1;0;0;0;0
04/03/2023;16:34:09;133;Sem vítima;375,000;BR-386/RS;Crescente;Choque;0;0;0;0;0;0;0;0;0;0;1;0;0;0;0
04/03/2023;16:52:35;138;Sem vítima;411,000;BR-386/RS;Decrescente;Colisão lateral no mesmo sentido;0;0;0;0;0;0;0;0;0;0;1;0;0;0;0
04/03/2023;18:45:06;157;Com vítima;438,000;BR-386/RS;Crescente;Acidentes de outra natureza;1;0;0;0;0;0;0;0;0;0;0;1;0;0;0
04/03/2023;22:10:32;188;Sem vítima;235,000;BR-386/RS;Decrescente;Choque;0;0;0;0;0;0;0;0;0;0;1;0;0;0;0
05/03/2023;00:41:37;5;Sem vítima;353,000;BR-386/RS;Crescente;Acidentes de outra natureza;0;0;0;0;0;0;0;0;0;0;1;0;0;0;0
05/03/2023;04:05:35;16;Sem vítima;34,000;BR-290/RS;Crescente;Acidentes de outra natureza;0;0;0;0;0;0;0;0;0;0;1;0;0;0;0
05/03/2023;11:08:50;71;Sem vítima;89,000;BR-290/RS;Crescente;Choque;0;0;0;0;0;0;0;0;0;0;1;0;0;0;0
05/03/2023;15:46:44;113;Sem vítima;48,000;BR-290/RS;Decrescente;Colisão traseira;0;0;0;0;0;0;0;0;0;0;1;0;0;0;0
05/03/2023;17:28:05;135;Sem vítima;336,000;BR-386/RS;Crescente;Engavetamento;0;0;0;0;0;0;0;0;0;0;2;0;0;0;0
05/03/2023;18:01:01;141;Com vítima;435,000;BR-386/RS;Crescente;Colisão traseira;0;0;0;0;0;0;0;0;0;0;2;0;0;0;0
05/03/2023;23:20:38;185;Com vítima;257,000;BR-386/RS;Crescente;Atropelamento de animal;0;0;0;0;0;0;0;0;0;0;0;0;0;0;0
06/03/2023;01:56:20;11;Sem vítima;347,000;BR-386/RS;Crescente;Colisão traseira;0;0;0;0;0;0;0;0;0;0;2;0;0;0;0
06/03/2023;02:05:03;13;Sem vítima;303,000;BR-386/RS;Decrescente;Acidentes de outra natureza;0;0;0;0;0;0;0;0;0;0;1;0;0;0;0
06/03/2023;02:24:02;15;Sem vítima;220,000;BR-386/RS;Crescente;Acidentes de outra natureza;0;0;0;0;0;0;0;0;0;0;2;0;0;0;0
06/03/2023;06:23:48;32;Sem vítima;439,000;BR-386/RS;Decrescente;Acidentes de outra natureza;1;0;0;0;0;0;0;0;0;0;1;0;0;0;0
06/03/2023;09:04:26;106;Sem vítima;439,000;BR-386/RS;Crescente;Colisão lateral no mesmo sentido;0;0;0;0;0;0;0;0;0;0;2;0;0;0;0
06/03/2023;09:28:26;115;Com vítima;7,000;BR-290/RS;Crescente;Acidentes de outra natureza;1;0;0;0;0;0;0;0;0;0;0;0;1;0;0
06/03/2023;12:07:58;154;Sem vítima;432,000;BR-386/RS;Decrescente;Acidentes de outra natureza;1;0;0;0;0;0;0;0;0;0;1;0;0;0;0
06/03/2023;15:44:53;203;Sem vítima;440,000;BR-386/RS;Decrescente;Choque;1;0;0;0;0;0;0;0;0;0;0;0;0;0;0
06/03/2023;15:56:06;204;Sem vítima;53,000;BR-101/RS;Decrescente;Acidentes de outra natureza;0;0;0;0;0;0;0;0;0;0;1;0;0;0;0
06/03/2023;19:06:51;226;Sem vítima;22,000;BR-448/RS;Crescente;Colisão lateral no mesmo sentido;0;0;0;0;0;0;0;0;0;0;1;0;0;0;0
06/03/2023;21:08:14;242;Sem vítima;393,000;BR-386/RS;Decrescente;Acidentes de outra natureza;0;0;0;0;0;0;0;0;0;0;1;0;0;0;0
06/03/2023;22:32:53;258;Com vítima;379,000;BR-386/RS;Decrescente;Acidentes de outra natureza;1;0;0;0;0;0;0;0;0;0;0;1;0;0;0
07/03/2023;07:51:24;67;Com vítima;80,000;BR-290/RS;Decrescente;Queda de moto;0;0;0;0;0;0;0;0;0;0;0;1;0;0;0
07/03/2023;08:31:04;93;Sem vítima;362,000;BR-386/RS;Decrescente;Acidentes de outra natureza;1;0;0;0;0;0;0;0;0;0;1;0;0;0;0
07/03/2023;20:17:00;235;Sem vítima;29,000;BR-290/RS;Crescente;Choque;0;0;0;0;0;0;0;0;0;0;1;0;0;0;0
08/03/2023;00:14:55;3;Sem vítima;80,000;BR-290/RS;Crescente;Acidentes de outra natureza;0;0;0;0;0;0;0;0;0;0;1;0;0;0;0
08/03/2023;04:51:55;12;Com vítima;387,000;BR-386/RS;Crescente;Colisão traseira;0;0;0;0;0;0;0;0;0;0;1;0;0;0;0
08/03/2023;05:34:15;14;Sem vítima;389,000;BR-386/RS;Crescente;Colisão traseira;0;0;0;0;0;0;0;0;0;0;1;0;0;0;0
08/03/2023;07:18:31;45;Sem vítima;15,000;BR-448/RS;Crescente;Colisão traseira;0;0;0;0;0;0;0;0;0;0;1;0;0;0;0
08/03/2023;07:53:40;71;Sem vítima;86,000;BR-290/RS;Decrescente;Colisão traseira;0;0;0;0;0;0;0;0;0;0;1;0;0;0;0
08/03/2023;08:05:02;81;Sem vítima;434,000;BR-386/RS;Crescente;Colisão lateral no mesmo sentido;0;0;0;0;0;0;0;0;0;0;1;0;0;0;0
08/03/2023;08:19:47;94;Sem vítima;13,000;BR-448/RS;Crescente;Colisão traseira;0;0;0;0;0;0;0;0;0;0;1;0;0;0;0
08/03/2023;09:50:30;133;Sem vítima;95,000;BR-290/RS;Decrescente;Choque;0;0;0;0;0;0;0;0;0;0;1;0;0;0;0
08/03/2023;16:49:25;238;Sem vítima;73,000;BR-290/RS;Crescente;Choque;0;0;0;0;0;0;0;0;0;0;1;0;0;0;0
08/03/2023;18:17:32;256;Sem vítima;344,000;BR-386/RS;Crescente;Colisão traseira;0;0;0;0;0;0;0;0;0;0;1;0;0;0;0
08/03/2023;19:18:43;271;Sem vítima;38,000;BR-290/RS;Decrescente;Acidentes de outra natureza;0;0;0;0;0;0;0;0;0;0;1;0;0;0;0
08/03/2023;23:37:44;302;Sem vítima;267,000;BR-386/RS;Crescente;Atropelamento de animal;0;0;0;0;0;0;0;0;0;0;1;0;0;0;0
09/03/2023;00:04:43;1;Com vítima;9,000;BR-290/RS;Crescente;Capotamento;1;0;0;0;0;0;0;0;0;0;0;1;0;0;0
09/03/2023;01:36:27;5;Sem vítima;23,000;BR-290/RS;Decrescente;Acidentes de outra natureza;0;0;0;0;0;0;0;0;0;0;1;0;0;0;0
09/03/2023;02:25:27;9;Sem vítima;40,000;BR-290/RS;Crescente;Acidentes de outra natureza;1;0;0;0;0;0;0;0;0;0;1;0;0;0;0
09/03/2023;03:53:59;15;Sem vítima;81,000;BR-290/RS;Crescente;Acidentes de outra natureza;1;0;0;0;0;0;0;0;0;0;1;0;0;0;0
09/03/2023;06:03:20;23;Sem vítima;215,000;BR-386/RS;Decrescente;Colisão traseira;0;0;0;0;0;0;0;0;0;0;1;0;0;0;0
09/03/2023;07:48:44;72;Sem vítima;87,000;BR-290/RS;Decrescente;Colisão traseira;0;0;0;0;0;0;0;0;0;0;1;0;0;0;0
09/03/2023;08:27:08;101;Sem vítima;10,000;BR-448/RS;Crescente;Choque;0;0;0;0;0;0;0;0;0;0;1;0;0;0;0
09/03/2023;08:30:25;104;Sem vítima;75,000;BR-290/RS;Crescente;Colisão traseira;0;0;0;0;0;0;0;0;0;0;1;0;0;0;0
09/03/2023;09:19:26;121;Sem vítima;95,000;BR-290/RS;Decrescente;Colisão traseira;0;0;0;0;0;0;0;0;0;0;1;0;0;0;0
09/03/2023;11:38:09;168;Com vítima;291,000;BR-386/RS;Decrescente;Colisão transversal;0;0;0;0;0;0;0;0;0;0;0;1;0;0;0
09/03/2023;13:01:13;188;Com vítima;72,000;BR-101/RS;Decrescente;Acidentes de outra natureza;0;0;0;0;0;0;0;0;0;0;1;0;0;0;0
09/03/2023;14:47:19;214;Sem vítima;356,000;BR-386/RS;Crescente;Colisão traseira;0;0;0;0;0;0;0;0;0;0;1;0;0;0;0
09/03/2023;16:18:04;240;Sem vítima;433,000;BR-386/RS;Decrescente;Colisão lateral no mesmo sentido;0;0;0;0;0;0;0;0;0;0;1;0;0;0;0
09/03/2023;18:13:31;260;Sem vítima;308,000;BR-386/RS;Decrescente;Colisão traseira;0;0;0;0;0;0;0;0;0;0;1;0;0;0;0
10/03/2023;07:10:32;45;Com vítima;14,000;BR-448/RS;Crescente;Capotamento;0;0;0;0;0;0;0;0;0;0;0;1;0;0;0
10/03/2023;07:24:00;52;Com vítima;28,000;BR-101/RS;Decrescente;Acidentes de outra natureza;1;0;0;0;0;0;0;0;0;0;0;0;1;0;0
10/03/2023;11:32:08;151;Sem vítima;90,000;BR-290/RS;Crescente;Engavetamento;0;0;0;0;0;0;0;0;0;0;1;0;0;0;0
10/03/2023;12:53:00;166;Sem vítima;362,000;BR-386/RS;Crescente;Colisão transversal;0;0;0;0;0;0;0;0;0;0;1;0;0;0;0
10/03/2023;13:53:57;187;Sem vítima;10,000;BR-290/RS;Crescente;Acidentes de outra natureza;0;0;0;0;0;0;0;0;0;0;1;0;0;0;0
10/03/2023;16:56:50;227;Sem vítima;372,000;BR-386/RS;Decrescente;Tombamento;0;0;0;0;0;0;0;0;0;0;1;0;0;0;0
10/03/2023;17:59:42;242;Sem vítima;213,000;BR-386/RS;Decrescente;Colisão traseira;0;0;0;0;0;0;0;0;0;0;1;0;0;0;0
10/03/2023;18:19:26;248;Sem vítima;411,000;BR-386/RS;Decrescente;Acidentes de outra natureza;1;0;0;0;0;0;0;0;0;0;1;0;0;0;0
10/03/2023;22:27:31;306;Sem vítima;342,000;BR-386/RS;Decrescente;Acidentes de outra natureza;0;0;0;0;0;0;0;0;0;0;1;0;0;0;0
10/03/2023;22:30:07;309;Sem vítima;318,000;BR-386/RS;Crescente;Acidentes de outra natureza;0;0;0;0;0;0;0;0;0;0;1;0;0;0;0
10/03/2023;23:34:08;316;Sem vítima;434,000;BR-386/RS;Decrescente;Colisão lateral no mesmo sentido;0;0;0;0;0;0;0;0;0;0;1;0;0;0;0
11/03/2023;00:42:31;4;Sem vítima;44,000;BR-290/RS;Decrescente;Colisão traseira;0;0;0;0;0;0;0;0;0;0;1;0;0;0;0
11/03/2023;06:55:32;53;Com vítima;225,000;BR-386/RS;Decrescente;Capotamento;0;0;0;0;0;0;0;0;0;0;0;1;0;0;0
11/03/2023;14:30:29;161;Sem vítima;94,000;BR-290/RS;Decrescente;Colisão lateral no mesmo sentido;0;0;0;0;0;0;0;0;0;0;1;0;0;0;0
11/03/2023;16:09:35;183;Com vítima;380,000;BR-386/RS;Crescente;Queda de moto;0;0;0;0;0;0;0;0;0;0;0;1;0;0;0
11/03/2023;21:33:09;242;Sem vítima;407,000;BR-386/RS;Crescente;Acidentes de outra natureza;0;0;0;0;0;0;0;0;0;0;1;0;0;0;0
11/03/2023;22:27:28;252;Sem vítima;80,000;BR-290/RS;Crescente;Acidentes de outra natureza;0;0;0;0;0;0;0;0;0;0;1;0;0;0;0
12/03/2023;03:01:31;14;Sem vítima;42,000;BR-290/RS;Decrescente;Choque;0;0;0;0;0;0;0;0;0;0;1;0;0;0;0
12/03/2023;11:11:30;73;Com vítima;22,000;BR-101/RS;Decrescente;Colisão traseira;0;0;0;0;0;0;0;0;0;0;0;1;0;0;0
12/03/2023;16:34:45;122;Sem vítima;35,000;BR-101/RS;Decrescente;Colisão traseira;0;0;0;0;0;0;0;0;0;0;1;0;0;0;0
12/03/2023;18:46:32;155;Com vítima;88,000;BR-290/RS;Decrescente;Queda de moto;0;0;0;0;0;0;0;0;0;0;0;1;0;0;0
12/03/2023;22:37:24;210;Sem vítima;214,000;BR-386/RS;Crescente;Colisão lateral no mesmo sentido;1;0;0;0;0;0;0;0;0;0;1;0;0;0;0
13/03/2023;06:56:43;37;Com vítima;284,000;BR-386/RS;Crescente;Colisão frontal;0;0;0;0;0;0;0;0;0;0;1;0;0;0;0
13/03/2023;07:26:04;51;Sem vítima;87,000;BR-290/RS;Decrescente;Colisão traseira;0;0;0;0;0;0;0;0;0;0;1;0;0;0;0
13/03/2023;09:21:40;106;Sem vítima;93,000;BR-290/RS;Decrescente;Queda de moto;0;0;0;0;0;0;0;0;0;0;1;0;0;0;0
13/03/2023;11:21:34;131;Com vítima;75,000;BR-290/RS;Crescente;Tombamento;0;0;0;0;0;0;0;0;0;0;0;1;0;0;0
13/03/2023;13:18:26;152;Sem vítima;190,000;BR-386/RS;Decrescente;Colisão traseira;0;0;0;0;0;0;0;0;0;0;1;0;0;0;0
13/03/2023;13:59:07;165;Sem vítima;351,000;BR-386/RS;Crescente;Colisão traseira;0;0;0;0;0;0;0;0;0;0;1;0;0;0;0
13/03/2023;15:58:04;189;Com vítima;332,000;BR-386/RS;Crescente;Colisão traseira;0;0;0;0;0;0;0;0;0;0;0;1;0;0;0
13/03/2023;17:01:48;205;Com vítima;45,000;BR-290/RS;Decrescente;Colisão lateral no mesmo sentido;0;0;0;0;0;0;0;0;0;0;1;0;0;0;0
13/03/2023;17:11:43;206;Sem vítima;60,000;BR-290/RS;Decrescente;Colisão traseira;0;0;0;0;0;0;0;0;0;0;1;0;0;0;0
13/03/2023;17:57:09;214;Sem vítima;398,000;BR-386/RS;Crescente;Choque;0;0;0;0;0;0;0;0;0;0;1;0;0;0;0
13/03/2023;21:08:46;250;Sem vítima;58,000;BR-290/RS;Decrescente;Acidentes de outra natureza;0;0;0;0;0;0;0;0;0;0;1;0;0;0;0
14/03/2023;01:54:06;4;Sem vítima;417,000;BR-386/RS;Decrescente;Colisão traseira;0;0;0;0;0;0;0;0;0;0;1;0;0;0;0
14/03/2023;06:09:08;21;Sem vítima;428,000;BR-386/RS;Crescente;Atropelamento de animal;0;0;0;0;0;0;0;0;0;0;1;0;0;0;0
14/03/2023;08:11:43;96;Sem vítima;427,000;BR-386/RS;Crescente;Colisão lateral no mesmo sentido;0;0;0;0;0;0;0;0;0;0;1;0;0;0;0
14/03/2023;08:36:26;103;Com vítima;354,000;BR-386/RS;Decrescente;Colisão traseira;0;0;0;0;0;0;0;0;0;0;0;1;0;0;0
14/03/2023;11:58:56;143;Sem vítima;367,000;BR-386/RS;Crescente;Colisão transversal;0;0;0;0;0;0;0;0;0;0;1;0;0;0;0
14/03/2023;16:50:23;218;Sem vítima;92,000;BR-290/RS;Crescente;Colisão lateral no mesmo sentido;0;0;0;0;0;0;0;0;0;0;1;0;0;0;0
14/03/2023;17:23:11;225;Sem vítima;360,000;BR-386/RS;Decrescente;Colisão lateral no mesmo sentido;0;0;0;0;0;0;0;0;0;0;1;0;0;0;0
14/03/2023;18:28:11;236;Sem vítima;82,000;BR-290/RS;Crescente;Colisão traseira;1;0;0;0;0;0;0;0;0;0;1;0;0;0;0
14/03/2023;18:47:43;241;Sem vítima;81,000;BR-290/RS;Crescente;Colisão traseira;1;0;0;0;0;0;0;0;0;0;1;0;0;0;0
14/03/2023;20:03:05;257;Com vítima;388,000;BR-386/RS;Crescente;Colisão transversal;0;0;0;0;0;0;0;0;0;0;0;1;0;0;0
15/03/2023;01:55:04;11;Sem vítima;18,000;BR-101/RS;Decrescente;Choque;1;0;0;0;0;0;0;0;0;0;1;0;0;0;0
15/03/2023;03:17:04;16;Com vítima;52,000;BR-101/RS;Crescente;Atropelamento de animal;0;0;0;0;0;0;0;0;0;0;0;0;0;0;0
15/03/2023;06:57:49;47;Sem vítima;446,000;BR-386/RS;Crescente;Atropelamento de animal;0;0;0;0;0;0;0;0;0;0;1;0;0;0;0
15/03/2023;11:28:49;168;Com vítima;44,000;BR-101/RS;Crescente;Queda de moto;0;0;0;1;0;0;0;0;0;0;0;0;1;0;0
15/03/2023;12:47:49;184;Sem vítima;434,000;BR-386/RS;Crescente;Acidentes de outra natureza;0;0;0;0;0;0;0;0;0;0;1;0;0;0;0
15/03/2023;17:13:59;38;Sem vítima;375,000;BR-386/RS;Decrescente;Choque;0;0;0;0;0;0;0;0;0;0;1;0;0;0;0
15/03/2023;17:16:24;250;Sem vítima;426,000;BR-386/RS;Crescente;Colisão traseira;0;0;0;0;0;0;0;0;0;0;1;0;0;0;0
15/03/2023;18:00:25;260;Sem vítima;86,000;BR-290/RS;Crescente;Colisão lateral no mesmo sentido;0;0;0;0;0;0;0;0;0;0;1;0;0;0;0
15/03/2023;18:16:51;263;Sem vítima;82,000;BR-101/RS;Decrescente;Acidentes de outra natureza;0;0;0;0;0;0;0;0;0;0;1;0;0;0;0
15/03/2023;21:19:48;294;Sem vítima;45,000;BR-101/RS;Decrescente;Acidentes de outra natureza;0;0;1;0;0;0;0;0;0;0;1;0;0;0;0
16/03/2023;03:01:34;12;Sem vítima;16,000;BR-290/RS;Decrescente;Acidentes de outra natureza;0;0;1;0;0;0;0;0;0;0;1;0;0;0;0
16/03/2023;06:58:20;41;Sem vítima;83,000;BR-101/RS;Decrescente;Acidentes de outra natureza;0;0;1;0;0;0;0;0;0;0;0;0;0;0;0
16/03/2023;09:11:47;116;Sem vítima;285,000;BR-386/RS;Decrescente;Colisão traseira;0;0;0;0;0;0;0;0;0;0;1;0;0;0;0
16/03/2023;10:27:05;132;Sem vítima;90,000;BR-290/RS;Crescente;Colisão lateral no mesmo sentido;0;0;0;0;0;0;0;0;0;0;1;0;0;0;0
16/03/2023;14:49:08;190;Sem vítima;35,000;BR-101/RS;Crescente;Choque;0;0;0;0;0;0;0;0;0;0;1;0;0;0;0
16/03/2023;15:00:18;194;Sem vítima;87,000;BR-290/RS;Decrescente;Colisão lateral no mesmo sentido;0;0;0;0;0;0;0;0;0;0;1;0;0;0;0
16/03/2023;21:57:26;270;Sem vítima;13,000;BR-101/RS;Crescente;Acidentes de outra natureza;1;0;0;0;0;0;0;0;0;0;1;0;0;0;0
16/03/2023;23:52:50;284;Sem vítima;350,000;BR-386/RS;Crescente;Queda de moto;0;0;0;0;0;0;0;0;0;0;1;0;0;0;0
17/03/2023;05:24:05;41;Sem vítima;13,000;BR-290/RS;Decrescente;Acidentes de outra natureza;0;0;0;0;0;0;0;0;0;0;1;0;0;0;0
17/03/2023;05:45:50;44;Com vítima;44,000;BR-290/RS;Crescente;Atropelamento de animal;0;0;0;0;0;0;0;0;0;0;0;0;0;0;0
17/03/2023;09:36:57;146;Sem vítima;47,000;BR-290/RS;Decrescente;Choque;0;0;0;0;0;0;0;0;0;0;1;0;0;0;0
17/03/2023;15:44:13;235;Sem vítima;11,000;BR-448/RS;Decrescente;Colisão traseira;0;0;0;0;0;0;0;0;0;0;1;0;0;0;0
17/03/2023;16:07:47;237;Sem vítima;90,000;BR-290/RS;Crescente;Colisão traseira;0;0;0;0;0;0;0;0;0;0;1;0;0;0;0
17/03/2023;16:43:41;247;Com vítima;217,000;BR-386/RS;Crescente;Colisão transversal;0;0;0;0;0;0;0;0;0;0;1;0;0;0;0
17/03/2023;16:45:06;249;Sem vítima;10,000;BR-448/RS;Decrescente;Engavetamento;0;0;0;0;0;0;0;0;0;0;1;0;0;0;0
17/03/2023;18:26:29;274;Com vítima;415,000;BR-386/RS;Decrescente;Colisão frontal;0;0;0;0;0;0;0;0;0;0;0;1;0;0;0
17/03/2023;19:30:56;284;Com vítima;444,000;BR-386/RS;Decrescente;Colisão traseira;0;0;0;0;0;0;0;0;0;0;0;1;0;0;0
17/03/2023;19:31:42;285;Sem vítima;334,000;BR-386/RS;Crescente;Colisão traseira;0;0;0;0;0;0;0;0;0;0;1;0;0;0;0
17/03/2023;22:24:19;309;Sem vítima;92,000;BR-290/RS;Crescente;Colisão traseira;0;0;0;0;0;0;0;0;0;0;1;0;0;0;0
18/03/2023;02:48:20;12;Sem vítima;59,000;BR-290/RS;Decrescente;Choque;0;0;0;0;0;0;0;0;0;0;1;0;0;0;0
18/03/2023;11:38:50;120;Sem vítima;187,000;BR-386/RS;Decrescente;Acidentes de outra natureza;0;0;0;0;0;0;0;0;0;0;1;0;0;0;0
18/03/2023;12:30:57;128;Com vítima;350,000;BR-386/RS;Crescente;Colisão traseira;0;0;0;0;0;0;0;0;0;0;1;0;0;0;0
18/03/2023;13:18:43;133;Com vítima;262,000;BR-386/RS;Decrescente;Acidentes de outra natureza;0;0;0;0;0;0;0;0;0;0;0;1;0;0;0
18/03/2023;18:18:39;187;Com vítima;89,000;BR-290/RS;Decrescente;Colisão lateral no mesmo sentido;1;0;0;0;0;0;0;0;0;0;1;0;0;0;0
18/03/2023;19:06:29;200;Com vítima;248,000;BR-386/RS;Crescente;Atropelamento de pedestre;0;0;0;0;0;0;0;0;0;0;0;0;1;0;0
19/03/2023;05:12:48;16;Com vítima;54,000;BR-290/RS;Decrescente;Queda de moto;0;0;0;0;0;0;0;0;0;0;0;1;0;0;0
19/03/2023;14:55:12;94;Sem vítima;30,000;BR-290/RS;Decrescente;Colisão lateral no mesmo sentido;0;0;0;0;0;1;0;0;0;0;0;0;0;0;0
19/03/2023;18:52:14;151;Com vítima;70,000;BR-290/RS;Decrescente;Colisão lateral no mesmo sentido;1;0;0;0;0;0;0;0;0;0;1;0;0;0;0
19/03/2023;19:54:57;169;Sem vítima;19,000;BR-290/RS;Decrescente;Colisão traseira;0;0;0;0;0;0;0;0;0;0;2;0;0;0;0
20/03/2023;08:32:26;102;Sem vítima;85,000;BR-290/RS;Decrescente;Colisão traseira;0;0;0;0;0;0;0;0;0;0;1;0;0;0;0
20/03/2023;09:01:53;118;Sem vítima;85,000;BR-290/RS;Decrescente;Colisão traseira;0;0;0;0;0;0;0;0;0;0;1;0;0;0;0
20/03/2023;09:58:53;140;Com vítima;21,000;BR-448/RS;Crescente;Choque;0;0;0;0;0;0;0;0;0;0;0;1;0;0;0
20/03/2023;15:44:24;227;Sem vítima;92,000;BR-290/RS;Crescente;Choque;0;0;0;0;0;0;0;0;0;0;1;0;0;0;0
20/03/2023;16:28:23;239;Sem vítima;435,000;BR-386/RS;Decrescente;Colisão traseira;0;0;0;0;0;0;0;0;0;0;1;0;0;0;0
20/03/2023;20:15:25;286;Com vítima;92,000;BR-290/RS;Crescente;Colisão transversal;0;0;0;0;0;0;0;0;0;0;0;1;0;0;0
21/03/2023;00:05:59;1;Com vítima;85,000;BR-101/RS;Decrescente;Atropelamento de pedestre;0;0;0;0;0;0;0;0;0;0;1;0;0;0;0
21/03/2023;01:52:40;9;Com vítima;350,000;BR-386/RS;Decrescente;Acidentes de outra natureza;1;0;0;0;0;0;0;0;0;0;0;1;0;0;0
21/03/2023;07:17:06;60;Com vítima;91,000;BR-290/RS;Crescente;Colisão lateral no mesmo sentido;1;0;0;0;0;0;0;0;0;0;1;0;0;0;0
21/03/2023;11:24:31;142;Com vítima;94,000;BR-290/RS;Crescente;Queda de moto;0;0;0;0;0;0;0;0;0;0;0;0;0;1;0
21/03/2023;13:24:28;163;Com vítima;294,000;BR-386/RS;Decrescente;Colisão transversal;0;0;0;0;0;0;0;0;0;0;1;0;0;0;0
21/03/2023;15:26:04;187;Sem vítima;86,000;BR-290/RS;Crescente;Colisão traseira;0;0;0;0;0;0;0;0;0;0;1;0;0;0;0
22/03/2023;00:30:12;3;Sem vítima;370,000;BR-386/RS;Decrescente;Colisão traseira;0;0;0;0;0;0;0;0;0;0;1;0;0;0;0
22/03/2023;03:56:31;18;Sem vítima;419,000;BR-386/RS;Crescente;Atropelamento de animal;0;0;0;0;0;0;0;0;0;0;0;0;0;0;0
22/03/2023;06:05:01;27;Sem vítima;336,000;BR-386/RS;Decrescente;Acidentes de outra natureza;0;0;0;0;0;0;0;0;0;0;1;0;0;0;0
22/03/2023;06:11:45;29;Sem vítima;70,000;BR-290/RS;Decrescente;Tombamento;0;0;0;0;0;0;0;0;0;0;1;0;0;0;0
22/03/2023;07:09:50;54;Com vítima;435,000;BR-386/RS;Crescente;Colisão lateral no mesmo sentido;0;0;0;0;0;0;0;0;0;0;1;0;0;0;0
22/03/2023;08:14:15;95;Sem vítima;35,000;BR-101/RS;Crescente;Colisão traseira;0;0;0;0;0;0;0;0;0;0;2;0;0;0;0
22/03/2023;08:31:40;102;Sem vítima;96,000;BR-290/RS;Decrescente;Choque;0;0;0;0;0;0;0;0;0;0;1;0;0;0;0
22/03/2023;09:21:05;121;Sem vítima;9,000;BR-448/RS;Decrescente;Acidentes de outra natureza;0;0;1;0;0;0;0;0;0;0;1;0;0;0;0
22/03/2023;10:05:17;131;Sem vítima;25,000;BR-101/RS;Decrescente;Capotamento;0;0;0;0;0;0;0;0;0;0;1;0;0;0;0
22/03/2023;21:22:56;234;Sem vítima;47,000;BR-101/RS;Crescente;Colisão lateral no mesmo sentido;1;0;0;0;0;0;0;0;0;0;1;0;0;0;0
23/03/2023;12:32:30;147;Com vítima;80,000;BR-290/RS;Decrescente;Capotamento;1;0;0;0;0;0;0;0;0;0;0;1;0;0;0
23/03/2023;18:34:49;233;Com vítima;87,000;BR-290/RS;Crescente;Colisão traseira;0;0;0;0;0;0;0;0;0;0;0;0;1;0;0
23/03/2023;19:10:11;241;Com vítima;16,000;BR-448/RS;Decrescente;Capotamento;1;0;0;0;0;0;0;0;0;0;1;0;0;0;0