data;horario;n_da_ocorrencia;tipo_de_ocorrencia;km;trecho;sentido;tipo_de_acidente;automovel;bicicleta;caminhao;moto;onibus;outros;tracao_animal;transporte_de_cargas_especiais;trator_maquinas;utilitarios;ilesos;levemente_feridos;moderadamente_feridos;gravemente_feridos;mortos
23/03/2023;19:11:55;242;Sem vítima;4,000;BR-101/RS;Decrescente;Atropelamento de animal;0;0;0;0;0;0;0;0;0;0;1;0;0;0;0
23/03/2023;20:10:26;257;Sem vítima;407,000;BR-386/RS;Crescente;Acidentes de outra natureza;0;0;0;0;0;0;0;0;0;0;1;0;0;0;0
24/03/2023;00:20:44;3;Sem vítima;80,000;BR-290/RS;Crescente;Acidentes de outra natureza;0;0;0;0;0;0;0;0;0;0;1;0;0;0;0
24/03/2023;04:08:12;14;Sem vítima;247,000;BR-386/RS;Decrescente;Atropelamento de animal;0;0;0;0;0;0;0;0;0;0;1;0;0;0;0
24/03/2023;07:30:29;62;Sem vítima;426,000;BR-386/RS;Crescente;Colisão lateral no mesmo sentido;0;0;0;0;0;0;0;0;0;0;1;0;0;0;0
24/03/2023;10:23:10;147;Com vítima;356,000;BR-386/RS;Decrescente;Tombamento;0;0;0;0;0;0;0;0;0;0;0;0;1;0;0
24/03/2023;12:09:17;166;Sem vítima;95,000;BR-290/RS;Decrescente;Colisão lateral no mesmo sentido;0;0;0;0;0;0;0;0;0;0;1;0;0;0;0
24/03/2023;12:21:21;170;Sem vítima;90,000;BR-290/RS;Crescente;Colisão traseira;0;0;0;0;0;0;0;0;0;0;1;0;0;0;0
24/03/2023;14:33:33;190;Sem vítima;43,000;BR-101/RS;Decrescente;Choque;1;0;0;0;0;0;0;0;0;0;1;0;0;0;0
24/03/2023;14:41:53;194;Sem vítima;21,000;BR-448/RS;Crescente;Choque;0;0;0;0;0;0;0;0;0;0;2;0;0;0;0
24/03/2023;15:33:35;202;Sem vítima;91,000;BR-290/RS;Crescente;Colisão lateral no mesmo sentido;0;0;0;0;0;0;0;0;0;0;1;0;0;0;0
24/03/2023;15:34:51;204;Com vítima;46,000;BR-290/RS;Decrescente;Acidentes de outra natureza;0;0;0;0;0;0;0;0;0;1;0;0;0;0;0
24/03/2023;15:45:59;205;Com vítima;351,000;BR-386/RS;Crescente;Queda de moto;0;0;0;0;0;0;0;0;0;0;0;1;0;0;0
24/03/2023;21:41:34;270;Com vítima;76,000;BR-101/RS;Decrescente;Acidentes de outra natureza;0;0;0;0;0;0;0;0;0;0;0;0;1;0;0
24/03/2023;22:48:52;281;Sem vítima;49,000;BR-101/RS;Decrescente;Acidentes de outra natureza;0;0;0;0;0;0;0;0;0;0;1;0;0;0;0
25/03/2023;02:04:29;16;Sem vítima;36,000;BR-290/RS;Decrescente;Acidentes de outra natureza;0;0;0;0;0;0;0;0;0;0;1;0;0;0;0
25/03/2023;06:50:00;56;Sem vítima;344,000;BR-386/RS;Crescente;Choque;0;0;0;0;0;0;0;0;0;0;1;0;0;0;0
25/03/2023;16:13:59;188;Sem vítima;325,000;BR-386/RS;Crescente;Colisão traseira;1;0;0;0;0;0;0;0;0;0;0;0;0;0;0
25/03/2023;16:47:46;194;Sem vítima;1,000;BR-101/RS;Crescente;Colisão traseira;0;0;0;0;0;0;0;0;0;0;1;0;0;0;0
25/03/2023;17:14:16;197;Sem vítima;83,000;BR-290/RS;Crescente;Choque;0;0;0;0;0;0;0;0;0;0;1;0;0;0;0
25/03/2023;17:24:21;200;Sem vítima;351,000;BR-386/RS;Decrescente;Acidentes de outra natureza;0;0;0;0;0;0;0;0;0;0;1;0;0;0;0
25/03/2023;17:51:39;204;Sem vítima;22,000;BR-448/RS;Crescente;Choque;0;0;0;0;0;0;0;0;0;0;1;0;0;0;0
25/03/2023;18:28:12;212;Com vítima;4,000;BR-101/RS;Crescente;Atropelamento de ciclista;0;0;0;0;0;0;0;0;0;0;0;0;0;0;1
25/03/2023;19:29:10;227;Sem vítima;247,000;BR-386/RS;Decrescente;Colisão lateral no mesmo sentido;0;0;0;0;0;0;0;0;0;0;1;0;0;0;0
25/03/2023;19:59:12;234;Sem vítima;80,000;BR-290/RS;Crescente;Choque;1;0;0;0;0;0;0;0;0;0;0;0;0;0;0
25/03/2023;20:27:32;242;Sem vítima;296,000;BR-386/RS;Decrescente;Acidentes de outra natureza;0;0;0;0;0;0;0;0;0;0;1;0;0;0;0
25/03/2023;20:47:52;244;Sem vítima;92,000;BR-290/RS;Decrescente;Acidentes de outra natureza;0;0;0;0;0;0;0;0;0;0;1;0;0;0;0
26/03/2023;00:16:52;2;Sem vítima;10,260;BR-448/RS;Crescente;Choque;0;0;0;0;0;0;0;0;0;0;1;0;0;0;0
26/03/2023;02:35:04;9;Sem vítima;425,000;BR-386/RS;Crescente;Acidentes de outra natureza;0;0;0;0;0;0;0;0;0;0;1;0;0;0;0
26/03/2023;03:11:36;11;Sem vítima;50,000;BR-101/RS;Decrescente;Acidentes de outra natureza;0;0;0;0;0;0;0;0;0;0;1;0;0;0;0
26/03/2023;04:08:54;13;Com vítima;38,000;BR-290/RS;Crescente;Colisão traseira;0;0;0;0;0;0;0;0;0;0;0;1;0;0;0
26/03/2023;05:12:54;15;Sem vítima;398,000;BR-386/RS;Crescente;Capotamento;0;0;0;0;0;0;0;0;0;0;1;0;0;0;0
26/03/2023;12:15:36;81;Com vítima;294,000;BR-386/RS;Decrescente;Colisão traseira;0;0;0;0;0;0;0;0;0;0;1;0;0;0;0
26/03/2023;15:36:45;105;Sem vítima;415,000;BR-386/RS;Decrescente;Capotamento;0;0;0;0;0;0;0;0;0;0;1;0;0;0;0
26/03/2023;19:17:26;145;Sem vítima;26,000;BR-290/RS;Decrescente;Acidentes de outra natureza;0;0;0;0;0;0;0;0;0;0;1;0;0;0;0
26/03/2023;20:28:27;155;Sem vítima;92,000;BR-290/RS;Decrescente;Acidentes de outra natureza;1;0;0;0;0;0;0;0;0;0;1;0;0;0;0
26/03/2023;23:08:47;174;Sem vítima;380,000;BR-386/RS;Decrescente;Choque;0;0;0;0;0;0;0;0;0;0;1;0;0;0;0
27/03/2023;00:06:56;2;Sem vítima;80,000;BR-290/RS;Crescente;Acidentes de outra natureza;0;0;0;0;0;0;0;0;0;0;1;0;0;0;0
27/03/2023;00:15:24;6;Sem vítima;81,000;BR-290/RS;Decrescente;Acidentes de outra natureza;0;0;0;0;0;0;0;0;0;0;1;0;0;0;0
27/03/2023;01:57:24;9;Com vítima;69,000;BR-290/RS;Decrescente;Queda de moto;0;0;0;0;0;0;0;0;0;0;0;1;0;0;0
27/03/2023;07:34:58;61;Sem vítima;96,000;BR-290/RS;Decrescente;Choque;0;0;0;0;0;0;0;0;0;0;1;0;0;0;0
27/03/2023;17:37:56;212;Sem vítima;21,000;BR-448/RS;Decrescente;Colisão lateral no mesmo sentido;0;0;0;1;0;0;0;0;0;0;1;0;0;0;0
27/03/2023;18:19:25;220;Com vítima;345,000;BR-386/RS;Crescente;Queda de moto;0;0;0;0;0;0;0;0;0;0;0;1;0;0;0
28/03/2023;14:20:50;173;Com vítima;5,000;BR-101/RS;Crescente;Colisão traseira;0;0;0;0;0;0;0;0;0;0;1;0;0;0;0
28/03/2023;18:39:30;223;Sem vítima;17,000;BR-448/RS;Decrescente;Choque;0;0;0;0;0;0;0;0;0;0;1;0;0;0;0
29/03/2023;08:00:42;89;Com vítima;21,000;BR-448/RS;Crescente;Colisão traseira;1;0;0;0;0;0;0;0;0;0;1;1;0;0;0
29/03/2023;14:06:59;203;Sem vítima;49,000;BR-101/RS;Decrescente;Acidentes de outra natureza;0;0;0;0;0;0;0;0;0;0;1;0;0;0;0
29/03/2023;16:39:04;246;Sem vítima;74,000;BR-290/RS;Crescente;Colisão lateral no mesmo sentido;0;0;0;0;0;0;0;0;0;0;1;0;0;0;0
29/03/2023;17:54:04;265;Sem vítima;86,000;BR-290/RS;Crescente;Colisão traseira;0;0;0;0;0;0;0;0;0;0;1;0;0;0;0
29/03/2023;22:18:00;300;Sem vítima;341,000;BR-386/RS;Crescente;Acidentes de outra natureza;0;0;0;0;0;0;0;0;0;0;1;0;0;0;0
30/03/2023;08:08:39;95;Sem vítima;5,000;BR-448/RS;Crescente;Colisão traseira;0;0;0;0;0;0;0;0;0;0;1;0;0;0;0
30/03/2023;09:20:32;121;Com vítima;356,000;BR-386/RS;Crescente;Colisão transversal;0;0;0;0;0;0;0;0;0;0;0;0;0;0;1
30/03/2023;12:47:16;171;Sem vítima;75,000;BR-101/RS;Crescente;Colisão lateral no mesmo sentido;1;0;0;0;0;0;0;0;0;0;1;0;0;0;0
31/03/2023;05:03:47;26;Com vítima;208,000;BR-386/RS;Decrescente;Colisão frontal;1;0;0;0;0;0;0;0;0;0;0;0;1;0;0
31/03/2023;15:48:32;192;Com vítima;403,000;BR-386/RS;Crescente;Colisão traseira;0;0;1;0;0;0;0;0;0;0;0;0;0;0;0
31/03/2023;17:53:29;219;Sem vítima;90,000;BR-290/RS;Crescente;Colisão lateral no mesmo sentido;0;0;0;0;1;0;0;0;0;0;0;0;0;0;0
31/03/2023;22:27:10;278;Sem vítima;350,000;BR-386/RS;Decrescente;Acidentes de outra natureza;0;0;0;0;0;0;0;0;0;0;3;0;0;0;0
01/04/2023;01:01:44;4;Sem vítima;29,000;BR-290/RS;Crescente;Acidentes de outra natureza;0;0;0;0;0;0;0;0;0;0;1;0;0;0;0
01/04/2023;11:46:09;103;Sem vítima;21,000;BR-290/RS;Crescente;Colisão traseira;0;0;0;0;0;0;0;0;0;0;1;0;0;0;0
01/04/2023;15:09:18;140;Sem vítima;220,000;BR-386/RS;Crescente;Colisão traseira;0;0;0;0;0;0;0;0;0;0;1;0;0;0;0
01/04/2023;16:45:06;159;Com vítima;234,000;BR-386/RS;Crescente;Colisão frontal;0;0;0;1;0;0;0;0;0;0;1;0;1;0;0
01/04/2023;17:41:47;167;Sem vítima;366,000;BR-386/RS;Decrescente;Colisão transversal;1;0;0;0;0;0;0;0;0;0;0;0;0;0;0
01/04/2023;22:12:56;197;Com vítima;443,000;BR-386/RS;Crescente;Queda de moto;0;0;0;0;0;0;0;0;0;0;0;0;1;0;0
02/04/2023;16:26:12;110;Sem vítima;308,000;BR-386/RS;Crescente;Colisão traseira;0;0;0;0;0;0;0;0;0;0;1;0;0;0;0
02/04/2023;17:50:11;121;Com vítima;325,000;BR-386/RS;Crescente;Colisão transversal;0;0;0;0;0;0;0;0;0;0;0;0;1;0;0
02/04/2023;21:46:02;151;Sem vítima;287,000;BR-386/RS;Decrescente;Acidentes de outra natureza;0;0;0;0;0;0;0;0;0;0;1;0;0;0;0
03/04/2023;07:20:31;44;Sem vítima;10,000;BR-448/RS;Crescente;Colisão traseira;0;0;0;0;0;0;0;0;0;0;1;0;0;0;0
03/04/2023;07:36:39;55;Sem vítima;10,000;BR-448/RS;Crescente;Queda de moto;0;0;0;0;0;0;0;0;0;0;1;0;0;0;0
03/04/2023;08:45:19;95;Com vítima;95,000;BR-290/RS;Decrescente;Colisão lateral no mesmo sentido;0;0;0;0;0;0;0;0;0;0;1;0;0;0;0
03/04/2023;17:45:13;197;Sem vítima;345,000;BR-386/RS;Decrescente;Colisão traseira;0;0;0;0;0;0;0;0;0;0;2;0;0;0;0
03/04/2023;19:58:27;222;Sem vítima;3,000;BR-448/RS;Crescente;Colisão transversal;0;0;0;0;0;0;0;0;0;0;1;0;0;0;0
03/04/2023;21:05:55;225;Sem vítima;92,000;BR-290/RS;Crescente;Queda de moto;0;0;0;0;0;0;0;0;0;0;1;0;0;0;0
03/04/2023;23:15:39;238;Sem vítima;46,000;BR-290/RS;Crescente;Tombamento;0;0;0;0;0;0;0;0;0;0;1;0;0;0;0
04/04/2023;06:48:58;34;Com vítima;94,000;BR-290/RS;Decrescente;Capotamento;0;0;0;0;0;0;0;0;0;0;0;1;0;0;0
04/04/2023;18:00:14;205;Sem vítima;87,000;BR-290/RS;Crescente;Colisão traseira;0;0;0;0;0;0;0;0;0;0;1;0;0;0;0
04/04/2023;19:52:53;224;Sem vítima;403,000;BR-386/RS;Crescente;Choque;0;0;0;0;0;0;0;0;0;0;1;0;0;0;0
04/04/2023;22:12:07;239;Sem vítima;305,000;BR-386/RS;Decrescente;Tombamento;0;0;1;0;0;0;0;0;0;0;1;0;0;0;0
04/04/2023;22:34:24;240;Com vítima;435,000;BR-386/RS;Decrescente;Colisão frontal;0;0;0;0;0;0;0;0;0;0;0;0;1;0;0
05/04/2023;05:29:14;15;Com vítima;23,000;BR-101/RS;Decrescente;Colisão traseira;0;0;0;0;0;0;0;0;0;0;0;1;0;0;0
05/04/2023;07:28:27;47;Sem vítima;439,000;BR-386/RS;Crescente;Colisão lateral no mesmo sentido;0;0;0;0;0;0;0;0;0;0;1;0;0;0;0
05/04/2023;09:17:59;100;Com vítima;214,000;BR-386/RS;Crescente;Colisão lateral no mesmo sentido;0;0;0;0;0;0;0;0;0;0;0;1;0;0;0
05/04/2023;12:59:49;158;Com vítima;88,000;BR-290/RS;Decrescente;Queda de moto;0;0;0;1;0;0;0;0;0;0;0;0;0;0;0
05/04/2023;17:21:19;211;Sem vítima;350,000;BR-386/RS;Decrescente;Colisão lateral no mesmo sentido;1;0;0;0;0;0;0;0;0;0;0;0;0;0;0
05/04/2023;20:52:12;240;Sem vítima;80,090;BR-290/RS;Crescente;Acidentes de outra natureza;0;0;0;0;0;0;0;0;0;0;1;0;0;0;0
05/04/2023;22:07:58;247;Sem vítima;250,000;BR-386/RS;Decrescente;Colisão lateral no mesmo sentido;0;0;0;0;0;0;0;0;0;0;1;0;0;0;0
06/04/2023;04:45:43;16;Com vítima;343,000;BR-386/RS;Crescente;Colisão transversal;0;0;0;0;0;0;0;0;0;0;1;0;0;0;0
06/04/2023;06:17:31;22;Sem vítima;96,000;BR-290/RS;Crescente;Colisão traseira;0;0;0;0;0;0;0;0;0;0;1;0;0;0;0
06/04/2023;06:37:42;28;Sem vítima;208,000;BR-386/RS;Decrescente;Acidentes de outra natureza;1;0;0;0;0;0;0;0;0;0;1;0;0;0;0
06/04/2023;11:16:41;132;Sem vítima;183,000;BR-386/RS;Decrescente;Colisão traseira;0;0;0;0;0;0;0;0;0;0;1;0;0;0;0
06/04/2023;12:03:06;143;Com vítima;10,000;BR-290/RS;Decrescente;Colisão lateral no mesmo sentido;0;0;0;0;0;0;0;0;0;0;1;0;0;0;0
06/04/2023;12:45:25;154;Sem vítima;356,000;BR-386/RS;Crescente;Acidentes de outra natureza;1;0;0;0;0;0;0;0;0;0;1;0;0;0;0
06/04/2023;13:01:12;155;Sem vítima;307,000;BR-386/RS;Crescente;Acidentes de outra natureza;1;0;0;0;0;0;0;0;0;0;1;0;0;0;0
06/04/2023;13:09:22;159;Sem vítima;307,000;BR-386/RS;Decrescente;Acidentes de outra natureza;1;0;0;0;0;0;0;0;0;0;1;0;0;0;0
06/04/2023;14:24:03;180;Sem vítima;362,000;BR-386/RS;Crescente;Colisão transversal;1;0;0;0;0;0;0;0;0;0;1;0;0;0;0
06/04/2023;15:19:25;195;Sem vítima;342,000;BR-386/RS;Crescente;Acidentes de outra natureza;1;0;0;0;0;0;0;0;0;0;0;0;0;0;0
06/04/2023;16:18:33;208;Com vítima;358,000;BR-386/RS;Decrescente;Acidentes de outra natureza;1;0;0;0;0;0;0;0;0;0;0;1;0;0;0
06/04/2023;16:45:18;213;Sem vítima;357,000;BR-386/RS;Crescente;Colisão lateral no mesmo sentido;0;0;0;0;0;0;0;0;0;0;1;0;0;0;0
06/04/2023;16:52:45;215;Sem vítima;229,000;BR-386/RS;Crescente;Acidentes de outra natureza;0;0;0;0;0;0;0;0;0;0;1;0;0;0;0
06/04/2023;19:14:27;252;Sem vítima;70,000;BR-101/RS;Crescente;Acidentes de outra natureza;0;0;0;0;0;0;0;0;0;0;1;0;0;0;0
06/04/2023;20:50:07;280;Sem vítima;87,000;BR-101/RS;Crescente;Acidentes de outra natureza;1;0;0;0;0;0;0;0;0;0;0;0;0;0;0
06/04/2023;22:59:35;307;Sem vítima;346,000;BR-386/RS;Crescente;Choque;0;0;0;0;0;0;0;0;0;0;1;0;0;0;0
07/04/2023;01:38:02;9;Sem vítima;55,000;BR-101/RS;Decrescente;Acidentes de outra natureza;0;0;0;0;0;0;0;0;0;0;1;0;0;0;0
07/04/2023;04:27:01;26;Sem vítima;279,000;BR-386/RS;Decrescente;Acidentes de outra natureza;1;0;0;0;0;0;0;0;0;0;1;0;0;0;0
07/04/2023;07:07:09;36;Com vítima;273,000;BR-386/RS;Crescente;Colisão lateral no mesmo sentido;1;0;0;0;0;0;0;0;0;0;0;0;0;0;0
07/04/2023;09:34:28;62;Sem vítima;24,000;BR-290/RS;Crescente;Acidentes de outra natureza;0;0;0;0;0;0;0;0;0;0;1;0;0;0;0
07/04/2023;12:06:05;103;Sem vítima;308,000;BR-386/RS;Crescente;Acidentes de outra natureza;1;0;0;0;0;0;0;0;0;0;1;0;0;0;0
07/04/2023;12:29:50;104;Sem vítima;64,000;BR-290/RS;Crescente;Choque;0;0;0;0;0;0;0;0;0;0;1;0;0;0;0
07/04/2023;17:15:46;156;Sem vítima;346,000;BR-386/RS;Decrescente;Acidentes de outra natureza;0;0;0;0;0;0;0;0;0;0;1;0;0;0;0
07/04/2023;20:30:01;185;Sem vítima;14,000;BR-290/RS;Crescente;Choque;1;0;0;0;0;0;0;0;0;0;1;0;0;0;0
08/04/2023;05:29:47;17;Com vítima;92,000;BR-290/RS;Decrescente;Atropelamento de ciclista;0;0;0;0;0;0;0;0;0;0;1;0;0;0;0
08/04/2023;11:05:48;62;Com vítima;352,000;BR-386/RS;Crescente;Capotamento;0;0;0;0;0;0;0;0;0;0;0;1;0;0;0
08/04/2023;12:14:42;66;Sem vítima;341,000;BR-386/RS;Crescente;Acidentes de outra natureza;0;0;0;0;0;0;0;0;0;0;1;0;0;0;0
08/04/2023;15:43:10;102;Sem vítima;347,000;BR-386/RS;Decrescente;Colisão lateral no mesmo sentido;0;0;0;0;0;0;0;0;0;0;1;0;0;0;0
08/04/2023;17:54:42;123;Sem vítima;4,000;BR-290/RS;Decrescente;Capotamento;0;0;0;0;0;0;0;0;0;0;1;0;0;0;0
08/04/2023;21:00:21;140;Com vítima;69,000;BR-290/RS;Decrescente;Capotamento;0;0;0;0;0;0;0;0;0;0;0;1;0;0;0
08/04/2023;21:31:44;144;Sem vítima;8,000;BR-290/RS;Decrescente;Choque;0;0;0;0;1;0;0;0;0;0;1;0;0;0;0
09/04/2023;04:35:27;14;Sem vítima;36,000;BR-290/RS;Decrescente;Acidentes de outra natureza;0;0;0;0;0;0;0;0;0;0;1;0;0;0;0
09/04/2023;09:57:44;38;Com vítima;41,000;BR-101/RS;Decrescente;Colisão traseira;0;0;0;0;0;0;0;0;0;0;0;1;1;0;0
09/04/2023;11:27:08;52;Sem vítima;84,000;BR-290/RS;Crescente;Choque;1;0;0;0;0;0;0;0;0;0;1;0;0;0;0
09/04/2023;13:42:45;75;Sem vítima;335,000;BR-386/RS;Crescente;Engavetamento;0;0;0;0;0;0;0;0;0;0;2;0;0;0;0
09/04/2023;15:12:09;93;Sem vítima;335,000;BR-386/RS;Crescente;Engavetamento;0;0;0;0;0;0;0;0;0;0;3;0;0;0;0
09/04/2023;16:52:13;135;Sem vítima;392,000;BR-386/RS;Crescente;Engavetamento;0;0;0;0;0;0;0;0;0;0;1;0;0;0;0
09/04/2023;16:52:58;136;Com vítima;414,000;BR-386/RS;Crescente;Capotamento;1;0;0;0;0;0;0;0;0;0;0;0;1;0;0
09/04/2023;18:04:34;173;Sem vítima;3,000;BR-290/RS;Decrescente;Engavetamento;0;0;0;0;0;0;0;0;0;0;1;0;0;0;0
09/04/2023;18:50:28;194;Sem vítima;70,000;BR-101/RS;Decrescente;Colisão traseira;0;0;0;0;0;0;0;0;0;0;1;0;0;0;0
09/04/2023;21:07:34;249;Sem vítima;410,000;BR-386/RS;Decrescente;Acidentes de outra natureza;0;0;0;0;0;0;0;0;0;0;1;0;0;0;0
10/04/2023;00:21:57;6;Sem vítima;3,000;BR-448/RS;Decrescente;Choque;0;0;0;0;0;0;0;0;0;0;1;0;0;0;0
10/04/2023;02:10:53;16;Sem vítima;416,000;BR-386/RS;Crescente;Atropelamento de animal;0;0;0;0;0;0;0;0;0;0;1;0;0;0;0
10/04/2023;05:41:10;30;Com vítima;9,000;BR-101/RS;Decrescente;Colisão traseira;0;0;0;0;0;0;0;0;0;0;0;0;1;0;0
10/04/2023;08:19:58;101;Sem vítima;12,000;BR-448/RS;Crescente;Choque;0;0;0;0;0;0;0;0;0;0;1;0;0;0;0
10/04/2023;09:22:42;117;Sem vítima;255,000;BR-386/RS;Crescente;Colisão traseira;0;0;0;0;0;0;0;0;0;0;1;0;0;0;0
10/04/2023;09:23:04;118;Sem vítima;92,000;BR-290/RS;Crescente;Colisão lateral no mesmo sentido;0;0;0;0;0;0;0;0;0;0;1;0;0;0;0
10/04/2023;14:50:22;216;Sem vítima;336,000;BR-386/RS;Crescente;Colisão frontal;0;0;0;0;0;0;0;0;0;0;1;0;0;0;0
10/04/2023;15:07:50;218;Com vítima;292,000;BR-386/RS;Crescente;Acidentes de outra natureza;0;0;0;0;0;0;0;0;0;0;1;0;0;0;0
10/04/2023;17:42:05;253;Sem vítima;26,000;BR-101/RS;Decrescente;Capotamento;0;0;0;0;0;0;0;0;0;0;1;0;0;0;0
10/04/2023;18:06:28;255;Com vítima;339,000;BR-386/RS;Decrescente;Colisão transversal;0;0;0;0;0;0;0;0;0;0;1;0;0;0;0
10/04/2023;19:55:44;281;Sem vítima;421,000;BR-386/RS;Crescente;Colisão traseira;1;0;0;0;0;0;0;0;0;0;1;0;0;0;0
10/04/2023;23:58:38;299;Sem vítima;296,000;BR-386/RS;Decrescente;Tombamento;0;0;0;0;0;0;0;0;0;0;1;0;0;0;0
11/04/2023;12:58:58;150;Com vítima;35,000;BR-101/RS;Decrescente;Choque;0;0;0;0;0;0;0;0;0;0;0;0;1;0;0
11/04/2023;14:13:01;170;Com vítima;32,000;BR-290/RS;Decrescente;Choque;0;0;0;0;0;0;0;0;0;0;0;1;0;0;0
11/04/2023;17:37:39;201;Com vítima;356,000;BR-386/RS;Crescente;Colisão lateral no mesmo sentido;0;0;0;0;0;0;0;0;0;0;0;0;1;0;0
12/04/2023;09:54:57;130;Sem vítima;14,000;BR-101/RS;Crescente;Acidentes de outra natureza;0;0;0;0;0;0;0;0;0;0;0;0;0;0;0
12/04/2023;10:59:57;146;Sem vítima;91,000;BR-290/RS;Crescente;Colisão traseira;1;0;0;0;0;0;0;0;0;0;0;0;0;0;0
12/04/2023;12:04:07;166;Sem vítima;21,000;BR-448/RS;Decrescente;Choque;1;0;0;0;0;0;0;0;0;0;1;0;0;0;0
12/04/2023;14:53:03;212;Sem vítima;78,000;BR-290/RS;Crescente;Colisão lateral no mesmo sentido;0;0;0;0;0;0;0;0;0;0;2;0;0;0;0
12/04/2023;15:00:53;214;Com vítima;219,000;BR-386/RS;Crescente;Colisão traseira;0;0;0;0;0;0;0;0;0;0;0;0;1;0;0
12/04/2023;15:24:45;221;Sem vítima;346,000;BR-386/RS;Crescente;Engavetamento;0;0;0;0;0;0;0;0;0;0;1;0;0;0;0
12/04/2023;16:45:26;228;Sem vítima;7,000;BR-101/RS;Decrescente;Acidentes de outra natureza;1;0;0;0;0;0;0;0;0;0;0;0;0;0;0
12/04/2023;17:49:55;237;Com vítima;61,000;BR-290/RS;Crescente;Choque;0;0;0;0;0;0;0;0;0;0;0;0;1;0;0
12/04/2023;19:13:38;250;Com vítima;350,000;BR-386/RS;Decrescente;Atropelamento de pedestre;0;0;0;0;0;0;0;0;0;0;0;1;0;0;0
12/04/2023;19:23:47;252;Sem vítima;16,000;BR-101/RS;Decrescente;Colisão lateral no mesmo sentido;0;0;1;0;0;0;0;0;0;0;1;0;0;0;0
13/04/2023;07:10:18;296;Com vítima;345,000;BR-386/RS;Decrescente;Atropelamento de pedestre;0;0;0;1;0;0;0;0;0;0;0;0;0;0;0
13/04/2023;07:43:36;314;Sem vítima;94,000;BR-290/RS;Crescente;Acidentes de outra natureza;1;0;0;0;0;0;0;0;0;0;0;0;0;0;0
13/04/2023;08:10:53;331;Sem vítima;15,000;BR-448/RS;Crescente;Acidentes de outra natureza;1;0;0;0;0;0;0;0;0;0;1;0;0;0;0
13/04/2023;08:12:26;333;Sem vítima;15,000;BR-448/RS;Crescente;Choque;1;0;0;0;0;0;0;0;0;0;1;0;0;0;0
13/04/2023;08:28:48;336;Sem vítima;417,000;BR-386/RS;Crescente;Choque;0;0;0;0;0;0;0;0;0;0;1;0;0;0;0
13/04/2023;09:02:52;342;Sem vítima;21,350;BR-448/RS;Crescente;Choque;0;0;0;0;0;0;0;0;0;0;1;0;0;0;0
13/04/2023;09:09:36;346;Sem vítima;418,040;BR-386/RS;Crescente;Acidentes de outra natureza;0;0;0;0;0;0;0;0;0;0;1;0;0;0;0
13/04/2023;12:34:07;403;Sem vítima;15,000;BR-448/RS;Crescente;Choque;0;0;0;0;0;0;0;0;0;0;1;0;0;0;0
13/04/2023;17:49:08;473;Com vítima;4,000;BR-290/RS;Crescente;Colisão lateral no mesmo sentido;0;0;0;0;0;0;0;0;0;0;0;1;0;0;0
13/04/2023;18:12:14;477;Sem vítima;374,000;BR-386/RS;Decrescente;Colisão lateral no mesmo sentido;0;0;0;0;0;0;0;0;0;0;1;0;0;0;0
13/04/2023;21:56:37;502;Sem vítima;97,000;BR-290/RS;Crescente;Acidentes de outra natureza;0;0;1;0;0;0;0;0;0;0;1;0;0;0;0
13/04/2023;23:38:30;511;Sem vítima;5,000;BR-290/RS;Decrescente;Acidentes de outra natureza;0;0;0;0;0;0;0;0;0;0;1;0;0;0;0
14/04/2023;10:07:02;92;Sem vítima;438,000;BR-386/RS;Decrescente;Colisão transversal;0;0;0;0;0;0;0;0;0;0;1;0;0;0;0
14/04/2023;12:16:05;122;Sem vítima;324,000;BR-386/RS;Decrescente;Colisão traseira;0;0;0;0;0;0;0;0;0;0;1;0;0;0;0
14/04/2023;14:26:45;155;Sem vítima;2,000;BR-290/RS;Crescente;Capotamento;0;0;0;0;0;0;0;0;0;0;1;0;0;0;0
14/04/2023;16:14:06;175;Sem vítima;63,000;BR-101/RS;Decrescente;Choque;0;0;0;0;0;0;0;0;0;0;1;0;0;0;0
14/04/2023;18:51:31;197;Sem vítima;327,000;BR-386/RS;Crescente;Colisão lateral no mesmo sentido;0;0;0;0;0;0;0;0;0;0;1;0;0;0;0
14/04/2023;20:35:51;220;Sem vítima;343,000;BR-386/RS;Decrescente;Colisão lateral no mesmo sentido;0;0;0;0;0;0;0;0;0;0;1;0;0;0;0
14/04/2023;22:26:06;227;Sem vítima;92,000;BR-290/RS;Decrescente;Colisão lateral no mesmo sentido;0;0;0;0;0;0;0;0;0;0;1;0;0;0;0
15/04/2023;10:27:43;91;Sem vítima;443,000;BR-386/RS;Crescente;Acidentes de outra natureza;0;0;0;0;0;0;0;0;0;0;1;0;0;0;0
15/04/2023;11:28:23;104;Sem vítima;215,000;BR-386/RS;Decrescente;Colisão transversal;0;0;0;0;0;0;0;0;0;0;1;0;0;0;0
15/04/2023;16:32:12;158;Sem vítima;422,000;BR-386/RS;Decrescente;Acidentes de outra natureza;0;0;0;0;0;0;0;0;0;0;1;0;0;0;0
16/04/2023;05:00:57;20;Sem vítima;85,000;BR-290/RS;Crescente;Choque;0;0;0;0;0;0;0;0;0;0;1;0;0;0;0