data;horario;n_da_ocorrencia;tipo_de_ocorrencia;km;trecho;sentido;tipo_de_acidente;automovel;bicicleta;caminhao;moto;onibus;outros;tracao_animal;transporte_de_cargas_especiais;trator_maquinas;utilitarios;ilesos;levemente_feridos;moderadamente_feridos;gravemente_feridos;mortos
16/04/2023;05:40:36;26;Com vítima;335,000;BR-386/RS;Decrescente;Acidentes de outra natureza;0;0;0;0;0;0;0;0;0;0;0;1;0;0;0
16/04/2023;13:13:13;109;Com vítima;248,000;BR-386/RS;Decrescente;Acidentes de outra natureza;0;0;0;0;0;0;0;0;0;0;0;1;0;0;0
16/04/2023;15:22:24;127;Sem vítima;375,000;BR-386/RS;Crescente;Acidentes de outra natureza;1;0;0;0;0;0;0;0;0;0;1;0;0;0;0
16/04/2023;16:17:04;135;Sem vítima;399,000;BR-386/RS;Decrescente;Acidentes de outra natureza;0;0;0;0;0;0;0;0;0;0;1;0;0;0;0
16/04/2023;16:45:28;141;Com vítima;329,000;BR-386/RS;Decrescente;Engavetamento;0;0;0;0;0;0;0;0;0;0;1;0;0;0;0
16/04/2023;17:50:36;156;Sem vítima;379,000;BR-386/RS;Decrescente;Colisão traseira;0;0;0;0;0;0;0;0;0;0;1;0;0;0;0
16/04/2023;17:57:42;159;Sem vítima;225,000;BR-386/RS;Crescente;Capotamento;0;0;0;0;0;0;0;0;0;0;1;0;0;0;0
16/04/2023;18:03:50;160;Com vítima;36,000;BR-101/RS;Decrescente;Capotamento;0;0;0;0;0;0;0;0;0;0;1;0;0;0;0
17/04/2023;08:12:09;68;Com vítima;13,000;BR-448/RS;Crescente;Colisão traseira;1;0;0;0;0;0;0;0;0;0;0;0;0;0;0
17/04/2023;09:59:17;108;Sem vítima;353,000;BR-386/RS;Decrescente;Acidentes de outra natureza;1;0;0;0;0;0;0;0;0;0;1;0;0;0;0
17/04/2023;10:31:31;112;Sem vítima;25,000;BR-290/RS;Crescente;Acidentes de outra natureza;0;0;0;0;0;0;0;0;0;0;1;0;0;0;0
18/04/2023;08:13:49;90;Sem vítima;392,000;BR-386/RS;Crescente;Colisão lateral no mesmo sentido;0;0;0;0;0;0;0;0;0;0;1;0;0;0;0
18/04/2023;09:48:46;121;Sem vítima;95,000;BR-290/RS;Decrescente;Colisão traseira;0;0;0;0;0;0;0;0;0;0;1;0;0;0;0
18/04/2023;10:24:10;134;Sem vítima;19,000;BR-101/RS;Crescente;Colisão traseira;0;0;0;0;0;0;0;0;0;0;1;0;0;0;0
18/04/2023;14:37:59;196;Sem vítima;215,000;BR-386/RS;Crescente;Colisão traseira;0;0;0;0;0;0;0;0;0;0;2;0;0;0;0
18/04/2023;16:10:25;213;Com vítima;93,000;BR-290/RS;Decrescente;Colisão transversal;0;0;0;0;0;0;0;0;0;0;1;0;0;0;0
18/04/2023;18:40:37;242;Sem vítima;373,000;BR-386/RS;Decrescente;Colisão lateral no mesmo sentido;1;0;0;0;0;0;0;0;0;0;0;0;0;0;0
19/04/2023;13:19:35;168;Com vítima;325,000;BR-386/RS;Crescente;Colisão transversal;0;0;0;0;0;0;0;0;0;0;1;0;0;0;0
19/04/2023;14:47:09;197;Com vítima;342,000;BR-386/RS;Crescente;Colisão frontal;0;0;0;0;0;0;0;0;0;0;1;0;0;0;0
19/04/2023;16:11:01;215;Sem vítima;92,000;BR-290/RS;Crescente;Colisão lateral no mesmo sentido;0;0;0;0;0;0;0;0;0;0;1;0;0;0;0
19/04/2023;16:38:10;218;Sem vítima;22,000;BR-448/RS;Decrescente;Choque;0;0;0;0;0;0;0;0;0;0;1;0;0;0;0
19/04/2023;17:09:56;224;Sem vítima;22,000;BR-448/RS;Crescente;Choque;1;0;0;0;0;0;0;0;0;0;1;0;0;0;0
19/04/2023;17:29:47;237;Sem vítima;52,000;BR-290/RS;Decrescente;Acidentes de outra natureza;0;0;0;0;0;0;0;0;0;0;1;0;0;0;0
19/04/2023;19:39:23;256;Com vítima;407,000;BR-386/RS;Crescente;Acidentes de outra natureza;0;0;0;0;0;0;0;0;0;0;0;1;0;0;0
20/04/2023;00:59:36;4;Sem vítima;32,000;BR-290/RS;Crescente;Acidentes de outra natureza;0;0;0;0;0;0;0;0;0;0;1;0;0;0;0
20/04/2023;02:11:54;8;Sem vítima;23,000;BR-101/RS;Decrescente;Colisão traseira;0;0;0;0;0;0;0;0;0;0;1;0;0;0;0
20/04/2023;07:35:48;66;Sem vítima;14,000;BR-448/RS;Crescente;Colisão traseira;0;0;0;0;0;0;0;0;0;0;1;0;0;0;0
20/04/2023;17:30:24;248;Sem vítima;92,000;BR-290/RS;Crescente;Colisão traseira;0;0;0;0;0;0;0;0;0;0;1;0;0;0;0
20/04/2023;19:15:21;278;Sem vítima;80,000;BR-290/RS;Crescente;Colisão lateral no mesmo sentido;0;0;0;0;0;0;0;0;0;0;1;0;0;0;0
20/04/2023;19:16:03;279;Sem vítima;337,230;BR-386/RS;Decrescente;Acidentes de outra natureza;0;0;0;0;0;0;0;0;0;0;1;0;0;0;0
20/04/2023;22:22:44;313;Sem vítima;307,260;BR-386/RS;Decrescente;Tombamento;0;0;0;0;0;0;0;0;0;0;1;0;0;0;0
21/04/2023;03:27:09;14;Sem vítima;291,000;BR-386/RS;Crescente;Atropelamento de animal;0;0;0;0;0;0;0;0;0;0;1;0;0;0;0
21/04/2023;09:00:58;63;Com vítima;432,000;BR-386/RS;Decrescente;Colisão traseira;0;0;0;0;0;0;0;0;0;0;1;0;0;0;0
21/04/2023;09:30:04;68;Sem vítima;267,000;BR-386/RS;Decrescente;Colisão traseira;0;0;0;0;0;0;0;0;0;0;1;0;0;0;0
21/04/2023;11:19:03;90;Sem vítima;75,000;BR-290/RS;Crescente;Colisão lateral no mesmo sentido;0;0;1;0;0;0;0;0;0;0;0;0;0;0;0
21/04/2023;11:30:46;92;Sem vítima;39,000;BR-101/RS;Crescente;Colisão traseira;0;0;0;0;0;0;0;0;0;0;1;0;0;0;0
21/04/2023;11:46:23;97;Sem vítima;216,000;BR-386/RS;Crescente;Colisão traseira;0;0;0;0;0;0;0;0;0;0;1;0;0;0;0
21/04/2023;16:12:25;151;Sem vítima;82,000;BR-290/RS;Crescente;Colisão lateral no mesmo sentido;0;0;0;0;0;0;0;0;0;0;1;0;0;0;0
21/04/2023;19:05:57;177;Sem vítima;86,000;BR-101/RS;Crescente;Colisão traseira;0;0;0;0;0;0;0;0;0;0;1;0;0;0;0
21/04/2023;19:17:58;182;Sem vítima;51,000;BR-290/RS;Decrescente;Acidentes de outra natureza;1;0;0;0;0;0;0;0;0;0;1;0;0;0;0
22/04/2023;06:28:00;25;Com vítima;54,000;BR-290/RS;Decrescente;Capotamento;0;0;0;0;0;0;0;0;0;0;0;1;0;0;0
22/04/2023;10:42:50;79;Com vítima;74,000;BR-101/RS;Crescente;Atropelamento de pedestre;0;0;0;0;0;0;0;0;0;0;0;0;0;0;1
22/04/2023;17:32:01;129;Sem vítima;343,000;BR-386/RS;Decrescente;Colisão lateral no mesmo sentido;0;0;0;0;0;0;0;0;0;0;1;0;0;0;0
22/04/2023;18:12:44;139;Com vítima;344,000;BR-386/RS;Decrescente;Colisão traseira;0;0;0;0;0;0;0;0;0;0;1;0;0;0;0
23/04/2023;14:10:38;68;Sem vítima;91,000;BR-290/RS;Crescente;Colisão lateral no mesmo sentido;0;0;0;0;0;0;0;0;0;0;1;0;0;0;0
23/04/2023;14:45:50;75;Sem vítima;356,000;BR-386/RS;Crescente;Colisão lateral no mesmo sentido;0;0;0;0;0;0;0;0;0;0;1;0;0;0;0
23/04/2023;16:45:22;99;Sem vítima;346,000;BR-386/RS;Decrescente;Engavetamento;0;0;0;0;0;0;0;0;0;0;1;0;0;0;0
23/04/2023;18:34:31;123;Sem vítima;325,000;BR-386/RS;Crescente;Engavetamento;1;0;0;0;0;0;0;0;0;0;1;0;0;0;0
23/04/2023;22:39:05;169;Sem vítima;372,000;BR-386/RS;Crescente;Atropelamento de animal;0;0;0;0;0;0;0;0;0;0;1;0;0;0;0
23/04/2023;23:49:14;181;Sem vítima;343,000;BR-386/RS;Decrescente;Capotamento;1;0;0;0;0;0;0;0;0;0;1;0;0;0;0
24/04/2023;06:06:16;22;Sem vítima;281,000;BR-386/RS;Decrescente;Capotamento;0;0;0;0;0;0;0;0;0;0;1;0;0;0;0
24/04/2023;07:15:35;44;Com vítima;22,000;BR-448/RS;Crescente;Choque;0;0;0;0;0;0;0;0;0;0;1;0;0;0;0
24/04/2023;07:34:55;52;Com vítima;350,000;BR-386/RS;Decrescente;Colisão traseira;0;0;0;0;0;0;0;0;0;0;1;0;0;0;0
24/04/2023;07:53:33;60;Com vítima;413,000;BR-386/RS;Crescente;Colisão lateral no mesmo sentido;0;0;0;0;0;0;0;0;0;0;1;0;0;0;0
24/04/2023;08:28:18;81;Sem vítima;91,000;BR-290/RS;Crescente;Colisão lateral no mesmo sentido;0;0;0;0;0;0;0;0;0;0;1;0;0;0;0
24/04/2023;09:32:46;101;Sem vítima;345,000;BR-386/RS;Decrescente;Colisão traseira;0;0;0;0;0;0;0;0;0;0;1;0;0;0;0
24/04/2023;12:37:50;161;Com vítima;354,000;BR-386/RS;Decrescente;Acidentes de outra natureza;0;0;0;0;0;0;0;0;0;0;1;0;0;0;0
24/04/2023;12:48:41;166;Sem vítima;428,000;BR-386/RS;Decrescente;Colisão transversal;0;0;0;0;0;0;0;0;0;0;1;0;0;0;0
24/04/2023;14:07:38;190;Sem vítima;428,000;BR-386/RS;Decrescente;Colisão traseira;0;0;0;0;0;0;0;0;0;0;1;0;0;0;0
24/04/2023;17:25:19;237;Com vítima;328,700;BR-386/RS;Decrescente;Colisão lateral no mesmo sentido;0;0;0;0;0;0;0;0;0;0;1;0;0;0;0
24/04/2023;17:26:58;238;Sem vítima;328,000;BR-386/RS;Crescente;Acidentes de outra natureza;0;0;0;0;0;0;0;0;0;0;1;0;0;0;0
24/04/2023;20:47:41;266;Sem vítima;436,000;BR-386/RS;Crescente;Choque;0;0;0;0;0;0;0;0;0;0;1;0;0;0;0
24/04/2023;22:41:19;276;Com vítima;63,000;BR-290/RS;Decrescente;Colisão traseira;0;0;1;0;0;0;0;0;0;0;0;0;1;0;0
25/04/2023;06:13:31;24;Sem vítima;66,000;BR-290/RS;Crescente;Colisão traseira;0;0;0;0;0;0;0;0;0;0;1;0;0;0;0
25/04/2023;18:06:01;218;Sem vítima;433,000;BR-386/RS;Crescente;Colisão lateral no mesmo sentido;0;0;0;0;0;0;0;0;0;0;1;0;0;0;0
25/04/2023;19:42:55;242;Sem vítima;78,000;BR-101/RS;Crescente;Acidentes de outra natureza;0;0;0;0;0;0;0;0;0;0;1;0;0;0;0
25/04/2023;22:26:18;266;Sem vítima;304,000;BR-386/RS;Decrescente;Acidentes de outra natureza;0;0;0;0;0;0;0;0;0;0;1;0;0;0;0
26/04/2023;02:41:54;6;Sem vítima;423,000;BR-386/RS;Crescente;Acidentes de outra natureza;0;0;0;0;0;0;0;0;0;0;1;0;0;0;0
26/04/2023;07:25:59;31;Sem vítima;360,000;BR-386/RS;Decrescente;Capotamento;0;0;0;0;0;0;0;0;0;0;1;0;0;0;0
26/04/2023;07:47:29;40;Com vítima;22,000;BR-290/RS;Decrescente;Acidentes de outra natureza;0;0;0;0;0;0;0;0;0;0;0;0;1;0;0
26/04/2023;08:41:52;64;Com vítima;27,000;BR-101/RS;Crescente;Queda de moto;0;0;0;0;0;0;0;0;0;0;0;1;0;0;0
26/04/2023;09:37:24;88;Sem vítima;94,000;BR-290/RS;Crescente;Choque;0;0;0;0;0;0;0;0;0;0;1;0;0;0;0
26/04/2023;11:36:30;118;Com vítima;296,000;BR-386/RS;Decrescente;Tombamento;0;0;0;0;0;0;0;0;0;0;0;1;0;0;0
26/04/2023;12:44:08;131;Sem vítima;305,000;BR-386/RS;Decrescente;Acidentes de outra natureza;0;0;0;0;0;0;0;0;0;0;1;0;0;0;0
26/04/2023;15:06:43;182;Com vítima;248,000;BR-386/RS;Decrescente;Colisão transversal;1;0;0;0;0;0;0;0;0;0;1;0;0;0;0
26/04/2023;16:50:57;199;Sem vítima;83,000;BR-290/RS;Crescente;Colisão traseira;0;0;0;0;0;0;0;0;0;0;1;0;0;0;0
26/04/2023;17:19:00;203;Sem vítima;396,000;BR-386/RS;Decrescente;Acidentes de outra natureza;0;0;0;0;0;0;0;0;0;0;1;0;0;0;0
26/04/2023;17:29:47;206;Sem vítima;10,000;BR-290/RS;Crescente;Colisão lateral no mesmo sentido;0;0;0;0;0;1;0;0;0;0;0;0;0;0;0
26/04/2023;18:31:58;216;Com vítima;379,000;BR-386/RS;Crescente;Acidentes de outra natureza;1;0;0;0;0;0;0;0;0;0;0;1;0;0;0
27/04/2023;11:02:14;142;Sem vítima;349,000;BR-386/RS;Crescente;Colisão traseira;0;0;0;0;0;0;0;0;0;0;2;0;0;0;0
27/04/2023;11:22:39;147;Sem vítima;95,000;BR-290/RS;Decrescente;Choque;0;0;0;0;0;0;0;0;0;0;1;0;0;0;0
27/04/2023;12:05:23;159;Sem vítima;350,000;BR-386/RS;Decrescente;Colisão traseira;0;0;0;0;0;0;0;0;0;0;1;0;0;0;0
27/04/2023;18:23:10;225;Sem vítima;90,000;BR-290/RS;Crescente;Engavetamento;0;0;0;0;0;0;0;0;0;0;1;0;0;0;0
27/04/2023;19:35:39;243;Sem vítima;345,000;BR-386/RS;Decrescente;Colisão lateral no mesmo sentido;0;0;0;0;0;0;0;0;0;0;1;0;0;0;0
27/04/2023;20:00:25;249;Sem vítima;379,000;BR-386/RS;Crescente;Choque;0;0;0;0;0;0;0;0;0;0;1;0;0;0;0
28/04/2023;05:35:23;18;Com vítima;37,000;BR-290/RS;Crescente;Tombamento;0;0;1;0;0;0;0;0;0;0;0;1;0;0;0
28/04/2023;06:14:17;26;Com vítima;19,000;BR-101/RS;Decrescente;Colisão transversal;0;0;0;0;0;0;0;0;0;0;1;0;0;0;0
28/04/2023;06:20:00;27;Sem vítima;423,000;BR-386/RS;Decrescente;Colisão lateral no mesmo sentido;0;0;0;0;0;0;0;0;0;0;1;0;0;0;0
28/04/2023;08:07:27;69;Sem vítima;301,000;BR-386/RS;Decrescente;Acidentes de outra natureza;0;0;0;0;0;0;0;0;0;0;1;0;0;0;0
28/04/2023;09:08:39;92;Com vítima;35,000;BR-101/RS;Crescente;Acidentes de outra natureza;0;0;0;0;0;0;0;0;0;0;0;1;0;0;0
28/04/2023;12:43:16;145;Sem vítima;92,000;BR-290/RS;Crescente;Colisão traseira;0;0;0;0;0;0;0;0;0;0;1;0;0;0;0
28/04/2023;17:23:03;212;Sem vítima;346,000;BR-386/RS;Decrescente;Colisão traseira;0;0;0;0;0;0;0;0;0;0;1;0;0;0;0
28/04/2023;17:27:37;213;Sem vítima;346,000;BR-386/RS;Decrescente;Colisão traseira;0;0;0;0;0;0;0;0;0;0;1;0;0;0;0
28/04/2023;19:42:26;237;Sem vítima;387,000;BR-386/RS;Crescente;Colisão traseira;0;0;0;0;0;0;0;0;0;0;2;0;0;0;0
28/04/2023;20:02:25;239;Sem vítima;440,000;BR-386/RS;Crescente;Acidentes de outra natureza;0;0;0;0;0;0;0;0;0;0;1;0;0;0;0
28/04/2023;20:37:00;248;Sem vítima;12,000;BR-290/RS;Crescente;Colisão traseira;0;0;0;0;0;0;0;0;0;0;1;0;0;0;0
28/04/2023;23:37:37;263;Sem vítima;22,000;BR-448/RS;Crescente;Choque;0;0;0;0;0;0;0;0;0;0;1;0;0;0;0
29/04/2023;04:43:55;12;Sem vítima;228,000;BR-386/RS;Crescente;Capotamento;0;0;0;0;0;0;0;0;0;0;1;0;0;0;0
29/04/2023;05:23:59;18;Sem vítima;27,000;BR-290/RS;Decrescente;Acidentes de outra natureza;0;0;0;0;0;0;0;0;0;0;1;0;0;0;0
29/04/2023;05:43:08;20;Sem vítima;3,000;BR-448/RS;Crescente;Colisão lateral no mesmo sentido;0;0;0;0;0;0;0;0;0;0;1;0;0;0;0
29/04/2023;07:36:54;37;Sem vítima;35,050;BR-101/RS;Decrescente;Choque;0;0;0;0;0;0;0;0;0;0;1;0;0;0;0
29/04/2023;08:04:12;52;Sem vítima;406,000;BR-386/RS;Crescente;Choque;0;0;0;0;0;0;0;0;0;0;1;0;0;0;0
29/04/2023;09:59:05;89;Sem vítima;322,000;BR-386/RS;Crescente;Colisão traseira;0;0;0;0;0;0;0;0;0;0;1;0;0;0;0
29/04/2023;12:03:42;128;Com vítima;22,000;BR-448/RS;Crescente;Queda de moto;0;0;0;0;0;0;0;0;0;0;0;0;1;0;0
29/04/2023;14:05:27;150;Com vítima;36,000;BR-290/RS;Crescente;Colisão traseira;0;0;0;0;0;0;0;0;0;0;0;0;1;0;0
29/04/2023;15:32:49;170;Sem vítima;35,000;BR-101/RS;Crescente;Colisão lateral no mesmo sentido;0;0;0;0;0;0;0;0;0;0;1;0;0;0;0
29/04/2023;16:15:39;178;Sem vítima;445,000;BR-386/RS;Decrescente;Colisão transversal;0;0;0;0;0;0;0;0;0;0;1;0;0;0;0
29/04/2023;17:53:53;202;Sem vítima;55,000;BR-101/RS;Decrescente;Queda de moto;0;0;0;0;0;0;0;0;0;0;1;0;0;0;0
29/04/2023;18:04:03;205;Sem vítima;395,000;BR-386/RS;Decrescente;Colisão traseira;0;0;0;0;0;0;0;0;0;0;1;0;0;0;0
29/04/2023;20:06:11;233;Com vítima;342,700;BR-386/RS;Decrescente;Colisão frontal;0;0;0;0;0;0;0;0;0;0;1;0;0;0;0
30/04/2023;01:49:12;7;Sem vítima;81,000;BR-290/RS;Crescente;Acidentes de outra natureza;0;0;0;0;0;0;0;0;0;0;1;0;0;0;0
30/04/2023;06:22:25;25;Sem vítima;7,000;BR-290/RS;Decrescente;Colisão lateral no mesmo sentido;0;0;0;0;0;0;0;0;0;0;1;0;0;0;0
30/04/2023;06:23:24;24;Sem vítima;56,000;BR-290/RS;Decrescente;Queda de moto;0;0;0;0;0;0;0;0;0;0;1;0;0;0;0
30/04/2023;08:51:03;43;Sem vítima;249,000;BR-386/RS;Decrescente;Colisão transversal;0;0;0;0;0;0;0;0;0;0;1;0;0;0;0
30/04/2023;10:41:54;60;Sem vítima;64,000;BR-290/RS;Crescente;Capotamento;0;0;0;0;0;0;0;0;0;0;1;0;0;0;0
30/04/2023;11:47:43;71;Sem vítima;88,000;BR-290/RS;Crescente;Colisão traseira;0;0;0;0;0;0;0;0;0;0;1;0;0;0;0
30/04/2023;12:07:14;74;Sem vítima;88,000;BR-290/RS;Crescente;Colisão transversal;0;0;0;0;0;0;0;0;0;0;1;0;0;0;0
30/04/2023;16:21:58;102;Sem vítima;227,000;BR-386/RS;Decrescente;Colisão traseira;1;0;0;0;0;0;0;0;0;0;1;0;0;0;0
30/04/2023;23:41:11;168;Com vítima;92,000;BR-290/RS;Decrescente;Queda de moto;0;0;0;0;0;0;0;0;0;0;0;0;0;1;0
01/05/2023;10:18:31;58;Sem vítima;9,000;BR-101/RS;Crescente;Queda de moto;0;0;0;0;0;0;0;0;0;0;1;0;0;0;0
01/05/2023;12:35:56;79;Com vítima;297,000;BR-386/RS;Crescente;Colisão frontal;0;0;0;0;0;0;0;0;0;0;1;0;0;0;0
01/05/2023;17:24:47;147;Com vítima;337,000;BR-386/RS;Decrescente;Colisão lateral no mesmo sentido;1;0;0;0;0;0;0;0;0;0;1;0;0;0;0
01/05/2023;18:47:59;168;Sem vítima;214,000;BR-386/RS;Decrescente;Colisão traseira;0;0;0;0;0;0;0;0;0;0;1;0;0;0;0
01/05/2023;18:54:48;170;Sem vítima;433,000;BR-386/RS;Crescente;Colisão traseira;0;0;0;0;0;0;0;0;0;0;1;0;0;0;0
01/05/2023;21:01:39;204;Sem vítima;37,000;BR-101/RS;Decrescente;Choque;0;0;0;0;0;0;0;0;0;0;1;0;0;0;0
02/05/2023;07:29:10;38;Com vítima;341,000;BR-386/RS;Crescente;Colisão lateral no mesmo sentido;0;0;0;0;0;0;0;0;0;0;1;0;0;0;0
02/05/2023;09:34:48;75;Sem vítima;370,000;BR-386/RS;Decrescente;Acidentes de outra natureza;0;0;0;0;0;0;0;0;0;0;1;0;0;0;0
02/05/2023;10:24:56;89;Sem vítima;401,000;BR-386/RS;Decrescente;Acidentes de outra natureza;0;0;0;0;0;0;0;0;0;0;1;0;0;0;0
02/05/2023;11:39:26;101;Com vítima;64,000;BR-290/RS;Decrescente;Choque;0;0;0;0;0;0;0;0;0;0;0;0;0;0;1
02/05/2023;12:41:54;112;Sem vítima;359,000;BR-386/RS;Decrescente;Capotamento;0;0;0;0;0;0;0;0;0;0;1;0;0;0;0
02/05/2023;13:27:35;114;Com vítima;36,000;BR-290/RS;Crescente;Queda de moto;0;0;0;0;0;0;0;0;0;0;0;1;0;0;0
02/05/2023;16:03:39;146;Sem vítima;19,000;BR-290/RS;Decrescente;Acidentes de outra natureza;1;0;0;0;0;0;0;0;0;0;1;0;0;0;0
02/05/2023;16:43:26;159;Sem vítima;60,000;BR-290/RS;Decrescente;Colisão lateral no mesmo sentido;0;0;0;0;0;0;0;0;0;0;1;0;0;0;0
02/05/2023;17:37:46;165;Sem vítima;13,000;BR-290/RS;Decrescente;Acidentes de outra natureza;0;0;0;0;0;0;0;0;0;0;1;0;0;0;0
02/05/2023;20:01:51;187;Sem vítima;16,000;BR-290/RS;Crescente;Acidentes de outra natureza;1;0;0;0;0;0;0;0;0;0;1;0;0;0;0
03/05/2023;07:35:48;32;Sem vítima;437,000;BR-386/RS;Crescente;Colisão traseira;0;0;0;0;0;0;0;0;0;0;1;0;0;0;0
03/05/2023;08:32:47;54;Sem vítima;52,000;BR-101/RS;Crescente;Acidentes de outra natureza;0;0;0;0;0;0;0;0;0;0;1;0;0;0;0
03/05/2023;08:38:30;57;Sem vítima;63,000;BR-101/RS;Decrescente;Capotamento;1;0;0;0;0;0;0;0;0;0;1;0;0;0;0
03/05/2023;09:33:38;69;Sem vítima;11,000;BR-290/RS;Crescente;Capotamento;0;0;0;0;0;0;0;0;0;0;1;0;0;0;0
03/05/2023;10:27:22;77;Com vítima;247,000;BR-386/RS;Decrescente;Colisão transversal;0;0;0;0;0;0;0;0;0;0;0;1;0;0;0
03/05/2023;13:27:39;98;Sem vítima;262,000;BR-386/RS;Decrescente;Acidentes de outra natureza;1;0;0;0;0;0;0;0;0;0;1;0;0;0;0
03/05/2023;15:47:09;119;Com vítima;379,000;BR-386/RS;Crescente;Colisão lateral no mesmo sentido;0;0;0;0;0;0;0;0;0;0;1;0;0;0;0
03/05/2023;18:55:31;148;Com vítima;360,000;BR-386/RS;Decrescente;Engavetamento;0;0;0;0;0;0;0;0;0;0;1;0;0;0;0
03/05/2023;19:09:29;151;Com vítima;397,000;BR-386/RS;Decrescente;Acidentes de outra natureza;0;0;0;0;0;0;0;0;0;0;0;1;0;0;0
03/05/2023;19:45:12;159;Sem vítima;71,000;BR-101/RS;Crescente;Colisão lateral no mesmo sentido;0;0;0;0;0;0;0;0;0;0;1;0;0;0;0
03/05/2023;19:49:58;160;Sem vítima;380,000;BR-386/RS;Decrescente;Colisão traseira;0;0;0;0;0;0;0;0;0;0;1;0;0;0;0
03/05/2023;20:12:55;165;Sem vítima;21,000;BR-448/RS;Crescente;Colisão traseira;0;0;0;0;0;0;0;0;0;0;1;0;0;0;0
03/05/2023;22:14:43;179;Sem vítima;348,000;BR-386/RS;Crescente;Colisão lateral no mesmo sentido;0;0;0;0;0;0;0;0;0;0;1;0;0;0;0
03/05/2023;22:23:41;181;Sem vítima;370,000;BR-386/RS;Decrescente;Acidentes de outra natureza;0;0;0;0;0;0;0;0;0;0;1;0;0;0;0
04/05/2023;02:36:09;6;Sem vítima;10,000;BR-448/RS;Decrescente;Acidentes de outra natureza;0;0;0;0;0;0;0;0;0;0;1;0;0;0;0
04/05/2023;08:38:04;67;Sem vítima;252,000;BR-386/RS;Crescente;Colisão lateral no mesmo sentido;0;0;0;0;0;0;0;0;0;0;1;0;0;0;0
04/05/2023;09:41:44;91;Sem vítima;95,000;BR-290/RS;Decrescente;Choque;1;0;0;0;0;0;0;0;0;0;1;0;0;0;0
04/05/2023;12:20:30;128;Sem vítima;16,000;BR-101/RS;Crescente;Choque;0;0;0;0;0;0;0;0;0;0;1;0;0;0;0
04/05/2023;13:10:16;140;Com vítima;6,000;BR-101/RS;Crescente;Atropelamento de pedestre;0;0;0;0;0;0;0;0;0;0;0;0;1;0;0
04/05/2023;13:13:42;143;Sem vítima;419,000;BR-386/RS;Decrescente;Colisão lateral no mesmo sentido;0;0;0;0;0;0;0;0;0;0;1;0;0;0;0
04/05/2023;15:07:06;171;Sem vítima;70,000;BR-101/RS;Decrescente;Choque;0;0;0;0;0;0;0;0;0;0;1;0;0;0;0
04/05/2023;20:28:24;207;Sem vítima;343,000;BR-386/RS;Decrescente;Colisão frontal;0;0;0;0;0;0;0;0;0;0;1;0;0;0;0
04/05/2023;21:18:03;209;Com vítima;352,000;BR-386/RS;Decrescente;Queda de moto;0;0;0;1;0;0;0;0;0;0;0;1;0;0;0
04/05/2023;21:35:03;212;Sem vítima;333,000;BR-386/RS;Crescente;Acidentes de outra natureza;0;0;0;0;0;0;0;0;0;0;1;0;0;0;0
04/05/2023;22:18:40;216;Com vítima;57,000;BR-290/RS;Decrescente;Tombamento;0;0;0;0;0;0;0;0;0;0;0;0;0;0;0
05/05/2023;02:18:47;7;Sem vítima;32,000;BR-290/RS;Crescente;Choque;1;0;0;0;0;0;0;0;0;0;1;0;0;0;0
05/05/2023;08:33:42;68;Sem vítima;14,220;BR-448/RS;Crescente;Engavetamento;0;0;0;0;0;0;0;0;0;0;1;0;0;0;0
05/05/2023;11:00:06;107;Sem vítima;379,000;BR-386/RS;Decrescente;Choque;1;0;0;0;0;0;0;0;0;0;1;0;0;0;0
05/05/2023;11:32:30;112;Sem vítima;352,000;BR-386/RS;Decrescente;Acidentes de outra natureza;0;0;0;0;0;0;0;0;0;0;1;0;0;0;0
05/05/2023;13:15:03;137;Sem vítima;93,000;BR-290/RS;Decrescente;Choque;0;0;0;0;0;0;0;0;0;0;1;0;0;0;0
05/05/2023;15:06:46;163;Com vítima;96,000;BR-290/RS;Decrescente;Colisão traseira;0;0;0;0;0;0;0;0;0;0;0;1;0;0;0
05/05/2023;15:34:20;167;Com vítima;442,000;BR-386/RS;Decrescente;Acidentes de outra natureza;0;0;0;0;0;0;0;0;0;0;0;1;0;0;0
05/05/2023;16:23:42;175;Sem vítima;432,000;BR-386/RS;Decrescente;Choque;1;0;0;0;0;0;0;0;0;0;1;0;0;0;0
05/05/2023;17:13:18;182;Sem vítima;62,000;BR-101/RS;Decrescente;Acidentes de outra natureza;0;0;0;0;0;0;0;0;0;0;1;0;0;0;0
05/05/2023;18:03:11;190;Sem vítima;431,080;BR-386/RS;Crescente;Colisão lateral no mesmo sentido;0;0;0;0;0;0;0;0;0;0;2;0;0;0;0
05/05/2023;18:12:19;191;Sem vítima;35,000;BR-101/RS;Decrescente;Colisão traseira;0;0;0;0;0;0;0;0;0;0;1;0;0;0;0
05/05/2023;20:29:00;218;Com vítima;309,000;BR-386/RS;Crescente;Atropelamento de animal;0;0;0;0;0;0;0;0;0;0;0;0;0;0;0
05/05/2023;20:43:52;220;Sem vítima;347,000;BR-386/RS;Crescente;Acidentes de outra natureza;0;0;0;0;0;0;0;0;0;0;1;0;0;0;0
05/05/2023;22:39:57;239;Com vítima;7,000;BR-101/RS;Decrescente;Atropelamento de pedestre;0;0;0;0;0;0;0;0;0;0;1;0;0;0;0