data;horario;n_da_ocorrencia;tipo_de_ocorrencia;km;trecho;sentido;tipo_de_acidente;automovel;bicicleta;caminhao;moto;onibus;outros;tracao_animal;transporte_de_cargas_especiais;trator_maquinas;utilitarios;ilesos;levemente_feridos;moderadamente_feridos;gravemente_feridos;mortos
30/05/2023;09:47:39;112;Sem vítima;249,000;BR-386/RS;Crescente;Colisão lateral no mesmo sentido;0;0;0;0;0;0;0;0;0;0;1;0;0;0;0
30/05/2023;12:39:50;161;Sem vítima;12,000;BR-101/RS;Decrescente;Colisão frontal;0;0;0;0;0;0;0;0;0;0;1;0;0;0;0
30/05/2023;13:01:53;166;Com vítima;440,000;BR-386/RS;Decrescente;Tombamento;0;0;0;0;0;0;0;0;0;0;0;1;0;0;0
30/05/2023;17:09:35;214;Sem vítima;343,000;BR-386/RS;Crescente;Colisão lateral no mesmo sentido;1;0;0;0;0;0;0;0;0;0;1;0;0;0;0
30/05/2023;17:27:06;217;Sem vítima;35,000;BR-101/RS;Crescente;Colisão traseira;0;0;0;0;0;0;0;0;0;0;1;0;0;0;0
30/05/2023;17:59:30;226;Sem vítima;2,000;BR-101/RS;Crescente;Acidentes de outra natureza;0;0;0;0;0;0;0;0;0;0;1;0;0;0;0
30/05/2023;18:15:49;230;Com vítima;346,000;BR-386/RS;Decrescente;Colisão traseira;0;0;0;0;0;0;0;0;0;0;1;0;0;0;0
31/05/2023;05:28:50;16;Sem vítima;370,000;BR-386/RS;Crescente;Acidentes de outra natureza;0;0;0;0;0;0;0;0;0;0;1;0;0;0;0
31/05/2023;12:53:58;151;Com vítima;219,000;BR-386/RS;Decrescente;Acidentes de outra natureza;0;0;0;0;0;0;0;0;0;0;0;0;1;0;0
31/05/2023;16:24:59;192;Sem vítima;421,000;BR-386/RS;Crescente;Acidentes de outra natureza;0;0;0;0;0;0;0;0;0;0;1;0;0;0;0
31/05/2023;18:47:27;211;Com vítima;2,000;BR-101/RS;Decrescente;Colisão lateral no mesmo sentido;0;0;0;0;0;0;0;0;0;0;1;0;0;0;0
31/05/2023;19:27:27;219;Com vítima;96,000;BR-290/RS;Decrescente;Colisão lateral no mesmo sentido;0;0;0;0;0;0;0;0;0;0;1;0;0;0;0
31/05/2023;21:23:55;237;Sem vítima;405,000;BR-386/RS;Crescente;Acidentes de outra natureza;0;0;0;0;0;0;0;0;0;0;1;0;0;0;0
01/06/2023;05:24:56;27;Sem vítima;91,000;BR-290/RS;Crescente;Choque;0;0;0;0;0;0;0;0;0;0;1;0;0;0;0
01/06/2023;05:39:21;29;Sem vítima;59,000;BR-101/RS;Decrescente;Acidentes de outra natureza;0;0;0;0;0;0;0;0;0;0;1;0;0;0;0
01/06/2023;08:09:27;84;Com vítima;95,000;BR-290/RS;Decrescente;Colisão traseira;0;0;0;0;0;0;0;0;0;0;0;1;0;0;0
01/06/2023;09:12:10;122;Sem vítima;10,000;BR-448/RS;Decrescente;Acidentes de outra natureza;0;0;0;0;0;0;0;0;0;0;1;0;0;0;0
01/06/2023;14:47:31;186;Sem vítima;228,000;BR-386/RS;Crescente;Colisão traseira;0;0;0;0;0;0;0;0;0;0;1;0;0;0;0
01/06/2023;17:16:08;217;Com vítima;0,000;BR-290/RS;Decrescente;Atropelamento de animal;0;0;0;0;0;0;0;0;0;0;0;0;0;0;0
01/06/2023;17:51:30;229;Com vítima;412,000;BR-386/RS;Crescente;Atropelamento de pedestre;0;0;0;0;0;0;0;0;0;0;1;0;0;0;0
01/06/2023;18:25:37;237;Sem vítima;88,000;BR-290/RS;Decrescente;Colisão traseira;0;0;0;0;0;0;0;0;0;0;1;0;0;0;0
01/06/2023;19:28:48;247;Com vítima;92,000;BR-290/RS;Crescente;Queda de moto;0;0;0;1;0;0;0;0;0;0;0;1;0;0;0
01/06/2023;21:34:00;259;Com vítima;80,000;BR-290/RS;Crescente;Queda de moto;0;0;0;0;0;0;0;0;0;0;1;0;0;0;0
02/06/2023;07:58:31;81;Com vítima;416,000;BR-386/RS;Decrescente;Colisão lateral no mesmo sentido;0;0;0;0;0;0;0;0;0;0;0;0;1;0;0
02/06/2023;13:23:11;161;Sem vítima;53,000;BR-290/RS;Decrescente;Tombamento;0;0;0;0;0;0;0;0;0;0;1;0;0;0;0
02/06/2023;14:10:45;166;Com vítima;351,000;BR-386/RS;Decrescente;Colisão lateral no mesmo sentido;0;0;0;0;0;0;0;0;0;0;1;0;0;0;0
02/06/2023;14:32:50;172;Sem vítima;91,000;BR-290/RS;Crescente;Engavetamento;0;0;0;0;0;0;0;0;0;0;1;0;0;0;0
02/06/2023;18:38:11;219;Com vítima;24,000;BR-101/RS;Decrescente;Atropelamento de pedestre;1;0;0;0;0;0;0;0;0;0;0;1;0;0;0
02/06/2023;19:20:05;228;Sem vítima;368,000;BR-386/RS;Decrescente;Acidentes de outra natureza;0;0;0;0;0;0;0;0;0;0;1;0;0;0;0
02/06/2023;19:38:32;233;Com vítima;250,000;BR-386/RS;Decrescente;Colisão lateral no mesmo sentido;0;0;0;0;0;0;0;0;0;0;0;1;0;0;0
02/06/2023;20:37:48;242;Com vítima;14,000;BR-101/RS;Decrescente;Queda de moto;0;0;0;0;0;0;0;0;0;0;0;0;1;0;0
02/06/2023;23:10:46;261;Com vítima;273,000;BR-386/RS;Crescente;Acidentes de outra natureza;0;0;0;0;0;0;0;0;0;0;0;1;0;0;0
02/06/2023;23:27:12;263;Sem vítima;306,000;BR-386/RS;Decrescente;Tombamento;0;0;0;0;0;0;0;0;0;0;1;0;0;0;0
03/06/2023;07:07:23;33;Sem vítima;346,000;BR-386/RS;Decrescente;Colisão lateral no mesmo sentido;0;0;0;0;0;0;0;0;0;0;1;0;0;0;0
03/06/2023;10:27:26;105;Com vítima;367,000;BR-386/RS;Decrescente;Colisão lateral no mesmo sentido;0;0;0;0;0;0;0;0;0;0;1;0;0;0;0
03/06/2023;14:14:39;147;Sem vítima;60,000;BR-290/RS;Decrescente;Colisão traseira;0;0;0;0;0;0;0;0;0;0;1;0;0;0;0
03/06/2023;15:07:41;159;Sem vítima;82,000;BR-290/RS;Decrescente;Choque;0;0;0;0;0;0;0;0;0;0;1;0;0;0;0
03/06/2023;15:49:35;170;Com vítima;282,000;BR-386/RS;Crescente;Colisão transversal;0;0;0;0;0;0;0;0;0;0;0;0;1;0;0
03/06/2023;19:18:19;214;Sem vítima;32,000;BR-101/RS;Crescente;Colisão traseira;0;0;0;0;0;0;0;0;0;0;1;0;0;0;0
04/06/2023;00:24:03;8;Com vítima;91,000;BR-290/RS;Crescente;Capotamento;0;0;0;0;0;0;0;0;0;0;0;0;0;1;0
04/06/2023;02:07:20;15;Sem vítima;80,000;BR-290/RS;Crescente;Acidentes de outra natureza;0;0;0;0;0;0;0;0;0;0;1;0;0;0;0
04/06/2023;09:30:29;62;Com vítima;437,000;BR-386/RS;Decrescente;Capotamento;0;0;0;0;0;0;0;0;0;0;0;0;1;0;0
04/06/2023;18:31:30;159;Com vítima;349,000;BR-386/RS;Decrescente;Queda de moto;0;0;0;0;0;0;0;0;0;0;0;0;0;1;0
04/06/2023;18:47:09;165;Sem vítima;368,000;BR-386/RS;Decrescente;Acidentes de outra natureza;0;0;0;0;0;0;0;0;0;0;1;0;0;0;0
04/06/2023;19:56:55;182;Sem vítima;337,000;BR-386/RS;Decrescente;Acidentes de outra natureza;0;0;0;0;0;0;0;0;0;0;1;0;0;0;0
04/06/2023;22:51:38;200;Sem vítima;391,000;BR-386/RS;Crescente;Acidentes de outra natureza;1;0;0;0;0;0;0;0;0;0;1;0;0;0;0
04/06/2023;23:03:17;202;Sem vítima;80,000;BR-290/RS;Crescente;Acidentes de outra natureza;1;0;0;0;0;0;0;0;0;0;1;0;0;0;0
05/06/2023;08:49:28;88;Com vítima;354,000;BR-386/RS;Decrescente;Colisão lateral no mesmo sentido;0;0;0;0;0;0;0;0;0;0;1;0;0;0;0
05/06/2023;08:50:50;90;Sem vítima;92,000;BR-290/RS;Decrescente;Colisão traseira;0;0;0;0;0;0;0;0;0;0;1;0;0;0;0
05/06/2023;10:27:46;119;Sem vítima;345,000;BR-386/RS;Decrescente;Colisão traseira;0;0;0;0;0;0;0;0;0;0;1;0;0;0;0
05/06/2023;10:39:17;122;Sem vítima;310,000;BR-386/RS;Crescente;Colisão lateral no mesmo sentido;0;0;0;0;1;0;0;0;0;0;1;0;0;0;0
05/06/2023;12:13:22;140;Sem vítima;92,000;BR-290/RS;Crescente;Colisão traseira;0;0;0;0;0;0;0;0;0;0;1;0;0;0;0
05/06/2023;12:42:51;144;Sem vítima;83,000;BR-290/RS;Crescente;Colisão traseira;0;0;0;0;0;0;0;0;0;0;1;0;0;0;0
05/06/2023;13:03:33;146;Sem vítima;43,000;BR-290/RS;Crescente;Acidentes de outra natureza;0;0;0;0;0;0;0;0;0;0;1;0;0;0;0
05/06/2023;13:09:58;147;Com vítima;62,000;BR-101/RS;Decrescente;Choque;1;0;0;0;0;0;0;0;0;0;0;0;1;0;0
05/06/2023;17:46:47;188;Com vítima;96,000;BR-290/RS;Decrescente;Queda de moto;0;0;0;0;0;0;0;0;0;0;0;1;0;0;0
05/06/2023;18:39:14;201;Sem vítima;90,000;BR-290/RS;Crescente;Colisão traseira;1;0;0;0;0;0;0;0;0;0;1;0;0;0;0
05/06/2023;18:42:14;203;Sem vítima;343,000;BR-386/RS;Crescente;Colisão traseira;0;0;0;0;0;0;0;0;0;0;1;0;0;0;0
05/06/2023;18:51:12;205;Sem vítima;439,000;BR-386/RS;Crescente;Colisão lateral no mesmo sentido;0;0;0;0;0;0;0;0;0;0;1;0;0;0;0
05/06/2023;19:23:13;210;Sem vítima;22,000;BR-448/RS;Decrescente;Colisão lateral no mesmo sentido;0;0;0;0;0;0;0;0;0;0;1;0;0;0;0
05/06/2023;19:38:40;213;Com vítima;404,000;BR-386/RS;Decrescente;Atropelamento de animal;0;0;0;0;0;0;0;0;0;0;0;0;0;0;0
06/06/2023;06:57:27;34;Sem vítima;343,000;BR-386/RS;Decrescente;Colisão traseira;1;0;0;0;0;0;0;0;0;0;1;0;0;0;0
06/06/2023;07:30:06;61;Sem vítima;21,000;BR-448/RS;Crescente;Engavetamento;0;0;0;0;0;0;0;0;0;0;1;0;0;0;0
06/06/2023;09:19:11;125;Sem vítima;362,000;BR-386/RS;Crescente;Colisão lateral no mesmo sentido;0;0;0;0;0;0;0;0;0;0;1;0;0;0;0
06/06/2023;09:21:16;126;Com vítima;288,000;BR-386/RS;Decrescente;Acidentes de outra natureza;0;0;0;0;0;0;0;0;0;0;0;1;0;0;0
06/06/2023;12:07:45;163;Sem vítima;343,000;BR-386/RS;Crescente;Colisão traseira;0;0;0;0;0;0;0;0;0;0;1;0;0;0;0
06/06/2023;15:53:25;213;Sem vítima;361,000;BR-386/RS;Decrescente;Colisão traseira;0;0;0;0;0;0;0;0;0;0;1;0;0;0;0
06/06/2023;17:26:29;223;Sem vítima;351,000;BR-386/RS;Decrescente;Colisão lateral no mesmo sentido;0;0;0;0;0;0;0;0;0;0;1;0;0;0;0
06/06/2023;17:46:29;229;Sem vítima;86,000;BR-290/RS;Crescente;Colisão lateral no mesmo sentido;0;0;0;0;0;0;0;0;0;0;1;0;0;0;0
06/06/2023;19:15:27;246;Com vítima;85,000;BR-290/RS;Crescente;Colisão lateral no mesmo sentido;0;0;0;0;0;0;0;0;0;0;0;1;0;0;0
06/06/2023;21:30:35;269;Com vítima;362,000;BR-386/RS;Crescente;Acidentes de outra natureza;0;0;0;0;0;0;0;0;0;0;0;1;0;0;0
07/06/2023;07:00:32;40;Sem vítima;335,000;BR-386/RS;Crescente;Capotamento;0;0;0;0;0;0;0;0;0;0;1;0;0;0;0
07/06/2023;07:13:15;44;Sem vítima;86,000;BR-290/RS;Decrescente;Colisão traseira;0;0;0;0;0;0;0;0;0;0;1;0;0;0;0
07/06/2023;07:46:47;77;Com vítima;96,000;BR-290/RS;Decrescente;Colisão lateral no mesmo sentido;1;0;0;0;0;0;0;0;0;0;0;0;0;0;0
07/06/2023;13:53:06;201;Sem vítima;19,000;BR-290/RS;Crescente;Colisão traseira;0;0;0;0;0;0;0;0;0;0;1;0;0;0;0
07/06/2023;14:14:32;208;Sem vítima;343,000;BR-386/RS;Crescente;Colisão traseira;0;0;0;0;0;0;0;0;0;0;1;0;0;0;0
07/06/2023;14:43:24;214;Sem vítima;356,000;BR-386/RS;Decrescente;Acidentes de outra natureza;0;0;0;0;0;0;0;0;0;0;1;0;0;0;0
07/06/2023;15:53:45;234;Sem vítima;22,000;BR-101/RS;Crescente;Colisão transversal;0;0;0;0;0;0;0;0;0;0;1;0;0;0;0
07/06/2023;16:22:39;237;Sem vítima;372,000;BR-386/RS;Crescente;Acidentes de outra natureza;0;0;0;0;0;0;0;0;0;0;1;0;0;0;0
07/06/2023;18:47:12;259;Sem vítima;51,000;BR-101/RS;Decrescente;Choque;0;0;0;0;0;0;0;0;0;0;1;0;0;0;0
07/06/2023;18:49:24;260;Com vítima;22,000;BR-448/RS;Crescente;Colisão lateral no mesmo sentido;0;0;0;0;0;0;0;0;0;0;0;1;0;0;0
07/06/2023;19:01:41;265;Sem vítima;33,000;BR-290/RS;Crescente;Acidentes de outra natureza;0;0;0;0;0;0;0;0;0;0;1;0;0;0;0
07/06/2023;20:32:27;281;Sem vítima;92,000;BR-290/RS;Decrescente;Colisão transversal;0;0;0;0;0;0;0;0;0;0;1;0;0;0;0
07/06/2023;22:23:29;296;Sem vítima;59,000;BR-290/RS;Crescente;Colisão traseira;0;0;0;0;0;0;0;0;0;0;1;0;0;0;0
08/06/2023;05:27:08;36;Sem vítima;190,020;BR-386/RS;Crescente;Capotamento;0;0;0;0;0;0;0;0;0;0;1;0;0;0;0
08/06/2023;06:10:37;39;Sem vítima;92,000;BR-290/RS;Crescente;Colisão lateral no mesmo sentido;0;0;0;0;0;0;0;0;0;0;1;0;0;0;0
08/06/2023;07:14:29;56;Sem vítima;325,000;BR-386/RS;Crescente;Colisão traseira;0;0;0;0;0;0;0;0;0;0;1;0;0;0;0
08/06/2023;07:15:43;59;Sem vítima;355,000;BR-386/RS;Crescente;Acidentes de outra natureza;0;0;0;0;0;0;0;0;0;0;1;0;0;0;0
08/06/2023;09:50:39;98;Com vítima;54,000;BR-101/RS;Crescente;Queda de moto;0;0;0;1;0;0;0;0;0;0;0;1;0;0;0
08/06/2023;10:32:30;108;Sem vítima;95,330;BR-290/RS;Crescente;Colisão traseira;0;0;0;0;0;0;0;0;0;0;1;0;0;0;0
08/06/2023;10:37:29;111;Sem vítima;23,000;BR-290/RS;Crescente;Acidentes de outra natureza;0;0;0;0;0;0;0;0;0;0;1;0;0;0;0
08/06/2023;11:42:25;127;Com vítima;70,000;BR-290/RS;Decrescente;Acidentes de outra natureza;0;0;0;0;0;0;0;0;0;0;0;1;0;0;0
08/06/2023;14:05:02;154;Sem vítima;254,000;BR-386/RS;Crescente;Colisão lateral no mesmo sentido;0;0;0;0;0;0;0;0;0;0;1;0;0;0;0
08/06/2023;15:49:54;183;Sem vítima;92,160;BR-290/RS;Crescente;Choque;0;0;0;0;0;0;0;0;0;0;1;0;0;0;0
08/06/2023;17:36:40;209;Sem vítima;86,000;BR-101/RS;Crescente;Colisão lateral no mesmo sentido;1;0;0;0;0;0;0;0;0;0;1;0;0;0;0
09/06/2023;07:58:45;74;Com vítima;81,000;BR-290/RS;Crescente;Acidentes de outra natureza;0;0;0;0;0;0;0;0;0;0;0;0;1;0;0
09/06/2023;09:35:22;123;Sem vítima;86,000;BR-101/RS;Decrescente;Colisão lateral no mesmo sentido;1;0;0;0;0;0;0;0;0;0;0;0;0;0;0
09/06/2023;11:11:39;141;Sem vítima;180,000;BR-386/RS;Decrescente;Acidentes de outra natureza;0;0;0;0;0;0;0;0;0;0;1;0;0;0;0
09/06/2023;11:14:56;143;Sem vítima;262,000;BR-386/RS;Crescente;Colisão traseira;0;0;0;0;0;0;0;0;0;0;1;0;0;0;0
09/06/2023;16:51:31;213;Com vítima;269,000;BR-386/RS;Crescente;Atropelamento de pedestre;0;0;0;0;0;0;0;0;0;0;0;0;0;1;0
09/06/2023;17:55:52;227;Sem vítima;92,000;BR-290/RS;Crescente;Choque;0;0;0;0;0;0;0;0;0;0;1;0;0;0;0
09/06/2023;18:41:55;233;Com vítima;437,000;BR-386/RS;Decrescente;Atropelamento de pedestre;1;0;0;0;0;0;0;0;0;0;0;0;0;0;0
09/06/2023;19:37:31;242;Sem vítima;82,000;BR-290/RS;Decrescente;Colisão lateral no mesmo sentido;0;0;0;0;0;0;0;0;0;0;1;0;0;0;0
10/06/2023;11:57:08;86;Sem vítima;348,000;BR-386/RS;Crescente;Colisão traseira;0;0;0;0;0;0;0;0;0;0;1;0;0;0;0
10/06/2023;13:00:51;100;Sem vítima;344,000;BR-386/RS;Decrescente;Colisão traseira;0;0;0;0;0;0;0;0;0;0;1;0;0;0;0
10/06/2023;16:03:05;132;Com vítima;384,000;BR-386/RS;Crescente;Atropelamento de pedestre;0;0;0;0;0;0;0;0;0;0;1;0;0;0;0
10/06/2023;16:32:08;137;Sem vítima;305,000;BR-386/RS;Decrescente;Acidentes de outra natureza;0;0;0;0;0;0;0;0;0;0;1;0;0;0;0
10/06/2023;16:45:58;139;Sem vítima;367,000;BR-386/RS;Decrescente;Acidentes de outra natureza;0;0;0;0;0;0;0;0;0;0;1;0;0;0;0
10/06/2023;16:57:13;142;Sem vítima;440,000;BR-386/RS;Decrescente;Acidentes de outra natureza;0;0;0;0;0;0;0;0;0;0;1;0;0;0;0
10/06/2023;17:06:33;148;Sem vítima;307,000;BR-386/RS;Decrescente;Colisão transversal;0;0;0;0;0;0;0;0;0;0;1;0;0;0;0
10/06/2023;18:44:11;162;Sem vítima;80,000;BR-290/RS;Crescente;Acidentes de outra natureza;0;0;0;0;0;0;0;0;0;0;1;0;0;0;0
10/06/2023;18:53:16;166;Sem vítima;398,000;BR-386/RS;Crescente;Colisão transversal;0;0;0;0;0;0;0;0;0;0;1;0;0;0;0
10/06/2023;18:56:50;168;Sem vítima;78,000;BR-290/RS;Crescente;Choque;0;0;0;0;0;0;0;0;0;0;1;0;0;0;0
10/06/2023;19:23:08;172;Sem vítima;413,000;BR-386/RS;Crescente;Choque;0;0;0;0;0;0;0;0;0;0;1;0;0;0;0
10/06/2023;23:32:59;203;Sem vítima;378,000;BR-386/RS;Decrescente;Acidentes de outra natureza;0;0;0;0;0;0;0;0;0;0;1;0;0;0;0
10/06/2023;23:36:48;204;Sem vítima;344,000;BR-386/RS;Decrescente;Acidentes de outra natureza;1;0;0;0;0;0;0;0;0;0;1;0;0;0;0
11/06/2023;01:53:24;11;Sem vítima;364,000;BR-386/RS;Crescente;Acidentes de outra natureza;0;0;0;0;0;0;0;0;0;0;1;0;0;0;0
11/06/2023;02:05:44;15;Sem vítima;26,000;BR-290/RS;Decrescente;Acidentes de outra natureza;0;0;0;0;0;0;0;0;0;0;1;0;0;0;0
11/06/2023;09:29:07;50;Sem vítima;411,000;BR-386/RS;Crescente;Choque;0;0;0;0;0;0;0;0;0;0;1;0;0;0;0
11/06/2023;10:04:53;52;Sem vítima;80,000;BR-290/RS;Decrescente;Acidentes de outra natureza;0;0;0;0;0;0;0;0;0;0;1;0;0;0;0
11/06/2023;10:16:02;55;Sem vítima;440,000;BR-386/RS;Decrescente;Acidentes de outra natureza;1;0;0;0;0;0;0;0;0;0;1;0;0;0;0
11/06/2023;10:51:22;59;Sem vítima;440,000;BR-386/RS;Decrescente;Acidentes de outra natureza;0;0;0;0;0;0;0;0;0;0;1;0;0;0;0
11/06/2023;11:34:30;65;Sem vítima;17,000;BR-290/RS;Crescente;Choque;0;0;0;0;0;0;0;0;0;0;1;0;0;0;0
11/06/2023;11:36:08;66;Com vítima;307,000;BR-386/RS;Decrescente;Capotamento;0;0;0;0;0;0;0;0;0;0;1;0;0;0;0
11/06/2023;11:38:57;67;Sem vítima;94,000;BR-290/RS;Crescente;Choque;0;0;0;0;0;0;0;0;0;0;1;0;0;0;0
11/06/2023;11:57:20;70;Sem vítima;2,000;BR-448/RS;Decrescente;Acidentes de outra natureza;0;0;0;0;0;0;0;0;0;0;1;0;0;0;0
11/06/2023;12:18:28;73;Sem vítima;81,000;BR-290/RS;Crescente;Colisão traseira;0;0;0;0;0;0;0;0;0;0;1;0;0;0;0
11/06/2023;12:54:31;81;Sem vítima;90,000;BR-290/RS;Crescente;Choque;0;0;0;0;0;0;0;0;0;0;1;0;0;0;0
11/06/2023;15:39:55;104;Sem vítima;262,000;BR-386/RS;Decrescente;Colisão traseira;1;0;0;0;0;0;0;0;0;0;1;0;0;0;0
11/06/2023;16:14:10;108;Sem vítima;23,000;BR-290/RS;Decrescente;Colisão traseira;0;0;0;0;0;0;0;0;0;0;1;0;0;0;0
11/06/2023;16:25:50;110;Com vítima;333,000;BR-386/RS;Crescente;Colisão traseira;0;0;0;0;0;0;0;0;0;0;0;0;1;0;0
11/06/2023;17:40:47;133;Sem vítima;26,000;BR-290/RS;Decrescente;Colisão lateral no mesmo sentido;0;0;0;0;0;0;0;0;0;0;1;0;0;0;0
11/06/2023;19:13:47;161;Sem vítima;52,000;BR-290/RS;Decrescente;Colisão traseira;0;0;0;0;0;0;0;0;0;0;1;0;0;0;0
11/06/2023;20:07:12;173;Sem vítima;407,000;BR-386/RS;Crescente;Acidentes de outra natureza;0;0;0;0;0;0;0;0;0;0;1;0;0;0;0
12/06/2023;01:17:07;8;Sem vítima;401,000;BR-386/RS;Decrescente;Acidentes de outra natureza;1;0;0;0;0;0;0;0;0;0;1;0;0;0;0
12/06/2023;06:10:48;40;Sem vítima;80,000;BR-101/RS;Decrescente;Colisão lateral no mesmo sentido;0;0;0;0;0;0;0;0;0;0;1;0;0;0;0
12/06/2023;11:22:42;188;Sem vítima;304,210;BR-386/RS;Decrescente;Acidentes de outra natureza;0;0;0;0;0;0;0;0;0;0;1;0;0;0;0
12/06/2023;13:50:50;221;Sem vítima;10,000;BR-101/RS;Decrescente;Acidentes de outra natureza;0;0;0;0;0;0;0;0;0;0;1;0;0;0;0
12/06/2023;15:14:47;239;Sem vítima;92,000;BR-290/RS;Crescente;Colisão lateral no mesmo sentido;0;0;0;0;0;0;0;0;0;0;1;0;0;0;0
12/06/2023;15:35:14;242;Sem vítima;32,000;BR-101/RS;Decrescente;Acidentes de outra natureza;0;0;0;0;0;0;0;0;0;0;1;0;0;0;0
12/06/2023;18:30:27;275;Com vítima;392,000;BR-386/RS;Decrescente;Colisão transversal;0;0;0;0;0;0;0;0;0;0;0;0;1;0;0
12/06/2023;19:03:07;285;Sem vítima;433,000;BR-386/RS;Decrescente;Colisão lateral no mesmo sentido;0;0;0;0;0;0;0;0;0;0;1;0;0;0;0
13/06/2023;07:06:10;46;Sem vítima;12,000;BR-448/RS;Decrescente;Colisão traseira;0;0;0;0;0;0;0;0;0;0;1;0;0;0;0
13/06/2023;07:11:38;48;Com vítima;446,000;BR-386/RS;Decrescente;Queda de moto;0;0;0;0;0;0;0;0;0;0;0;1;0;0;0
13/06/2023;12:35:53;156;Com vítima;383,000;BR-386/RS;Crescente;Colisão lateral no mesmo sentido;0;0;0;0;0;0;0;0;0;0;1;0;0;0;0
13/06/2023;12:46:47;158;Com vítima;367,000;BR-386/RS;Decrescente;Colisão lateral no mesmo sentido;0;0;0;0;0;0;0;0;0;0;0;1;0;0;0
13/06/2023;15:08:32;190;Com vítima;278,000;BR-386/RS;Crescente;Colisão lateral no mesmo sentido;0;0;0;0;0;0;0;0;0;0;1;0;0;0;0
13/06/2023;18:20:29;226;Sem vítima;91,000;BR-290/RS;Crescente;Colisão lateral no mesmo sentido;0;0;0;0;0;0;0;0;0;0;1;0;0;0;0
13/06/2023;18:27:59;227;Sem vítima;307,000;BR-386/RS;Decrescente;Colisão frontal;0;0;0;0;0;0;0;0;0;0;1;0;0;0;0
13/06/2023;19:05:06;232;Com vítima;81,000;BR-290/RS;Crescente;Colisão traseira;0;0;0;0;0;0;0;0;0;0;1;0;0;0;0
13/06/2023;19:45:08;243;Sem vítima;21,000;BR-448/RS;Decrescente;Engavetamento;0;0;0;0;0;0;0;0;0;0;1;0;0;0;0
13/06/2023;23:02:21;277;Com vítima;279,000;BR-386/RS;Decrescente;Tombamento;0;0;0;0;0;0;0;0;0;0;0;0;1;0;0
14/06/2023;06:52:05;31;Sem vítima;71,000;BR-101/RS;Decrescente;Acidentes de outra natureza;0;0;0;0;0;0;0;0;0;0;1;0;0;0;0
14/06/2023;07:51:59;57;Com vítima;350,000;BR-386/RS;Decrescente;Colisão traseira;0;0;0;0;0;0;0;0;0;0;0;0;1;0;0
14/06/2023;08:02:17;60;Sem vítima;383,000;BR-386/RS;Crescente;Choque;1;0;0;0;0;0;0;0;0;0;1;0;0;0;0
14/06/2023;14:17:23;146;Sem vítima;437,000;BR-386/RS;Decrescente;Colisão lateral no mesmo sentido;0;0;0;0;0;0;0;0;0;0;1;0;0;0;0
14/06/2023;15:00:36;155;Com vítima;435,000;BR-386/RS;Decrescente;Acidentes de outra natureza;0;0;0;0;0;0;0;0;0;0;1;0;0;0;0
14/06/2023;15:44:42;163;Sem vítima;390,000;BR-386/RS;Decrescente;Acidentes de outra natureza;0;0;0;0;0;0;0;0;0;0;1;0;0;0;0
14/06/2023;18:15:52;191;Sem vítima;81,000;BR-290/RS;Crescente;Colisão traseira;0;0;0;0;0;0;0;0;0;0;1;0;0;0;0
14/06/2023;21:04:29;220;Sem vítima;430,000;BR-386/RS;Crescente;Colisão traseira;0;0;0;0;0;0;0;0;0;0;1;0;0;0;0
14/06/2023;23:37:48;237;Com vítima;24,000;BR-290/RS;Decrescente;Tombamento;0;0;0;0;0;0;0;0;0;0;0;0;1;0;0
15/06/2023;04:54:05;15;Sem vítima;78,000;BR-290/RS;Crescente;Choque;0;0;0;0;0;0;0;0;0;0;1;0;0;0;0
15/06/2023;09:47:33;74;Sem vítima;398,000;BR-386/RS;Crescente;Choque;0;0;0;0;0;0;0;0;0;0;1;0;0;0;0
15/06/2023;15:00:53;111;Sem vítima;77,000;BR-290/RS;Crescente;Choque;1;0;0;0;0;0;0;0;0;0;1;0;0;0;0
15/06/2023;16:10:03;120;Com vítima;438,000;BR-386/RS;Decrescente;Colisão lateral no mesmo sentido;0;0;0;0;0;0;0;0;0;0;0;0;0;0;1
15/06/2023;17:52:29;145;Sem vítima;434,000;BR-386/RS;Crescente;Acidentes de outra natureza;0;0;0;0;0;0;0;0;0;0;1;0;0;0;0
15/06/2023;18:04:29;147;Sem vítima;388,000;BR-386/RS;Decrescente;Acidentes de outra natureza;0;0;0;0;0;0;0;0;0;0;1;0;0;0;0
15/06/2023;18:11:58;149;Sem vítima;30,000;BR-101/RS;Decrescente;Acidentes de outra natureza;0;0;0;0;0;0;0;0;0;0;1;0;0;0;0
15/06/2023;18:28:44;153;Sem vítima;6,000;BR-290/RS;Decrescente;Acidentes de outra natureza;0;0;0;0;0;0;0;0;0;0;1;0;0;0;0
15/06/2023;19:22:44;167;Sem vítima;28,000;BR-101/RS;Crescente;Acidentes de outra natureza;1;0;0;0;0;0;0;0;0;0;0;0;0;0;0
15/06/2023;19:36:20;171;Sem vítima;29,000;BR-101/RS;Decrescente;Choque;0;0;0;0;0;0;0;0;0;0;1;0;0;0;0