data;horario;n_da_ocorrencia;tipo_de_ocorrencia;km;trecho;sentido;tipo_de_acidente;automovel;bicicleta;caminhao;moto;onibus;outros;tracao_animal;transporte_de_cargas_especiais;trator_maquinas;utilitarios;ilesos;levemente_feridos;moderadamente_feridos;gravemente_feridos;mortos
15/06/2023;19:54:31;174;Sem vítima;268,000;BR-386/RS;Decrescente;Acidentes de outra natureza;0;0;0;0;0;0;0;0;0;0;1;0;0;0;0
15/06/2023;20:08:56;181;Sem vítima;351,000;BR-386/RS;Crescente;Acidentes de outra natureza;0;0;0;0;0;0;0;0;0;0;1;0;0;0;0
15/06/2023;21:14:20;194;Sem vítima;86,000;BR-290/RS;Decrescente;Acidentes de outra natureza;1;0;0;0;0;0;0;0;0;0;1;0;0;0;0
15/06/2023;21:47:36;202;Sem vítima;411,000;BR-386/RS;Decrescente;Acidentes de outra natureza;1;0;0;0;0;0;0;0;0;0;0;0;0;0;0
15/06/2023;22:14:10;212;Sem vítima;351,000;BR-386/RS;Decrescente;Acidentes de outra natureza;1;0;0;0;0;0;0;0;0;0;0;0;0;0;0
15/06/2023;22:47:47;218;Com vítima;11,000;BR-290/RS;Decrescente;Acidentes de outra natureza;1;0;0;0;0;0;0;0;0;0;0;1;0;0;0
15/06/2023;23:01:36;223;Sem vítima;360,000;BR-386/RS;Crescente;Acidentes de outra natureza;0;0;0;0;0;0;0;0;0;0;1;0;0;0;0
15/06/2023;23:25:06;234;Sem vítima;28,000;BR-101/RS;Decrescente;Colisão traseira;0;0;0;0;0;0;0;0;0;0;1;0;0;0;0
15/06/2023;23:29:36;236;Sem vítima;28,000;BR-101/RS;Decrescente;Acidentes de outra natureza;0;0;0;0;0;0;0;0;0;0;1;0;0;0;0
15/06/2023;23:49:22;241;Com vítima;339,000;BR-386/RS;Decrescente;Acidentes de outra natureza;0;0;0;1;0;0;0;0;0;0;0;1;0;0;0
16/06/2023;11:41:21;128;Sem vítima;412,000;BR-386/RS;Crescente;Acidentes de outra natureza;0;0;0;0;0;0;0;0;0;0;1;0;0;0;0
16/06/2023;20:41:08;236;Sem vítima;436,000;BR-386/RS;Decrescente;Choque;1;0;0;0;0;0;0;0;0;0;1;0;0;0;0
16/06/2023;22:53:48;256;Sem vítima;92,000;BR-290/RS;Decrescente;Choque;0;0;0;0;0;0;0;0;0;0;0;0;0;0;0
17/06/2023;06:04:24;30;Com vítima;347,000;BR-386/RS;Decrescente;Choque;0;0;0;0;0;0;0;0;0;0;0;0;0;1;0
17/06/2023;13:55:11;137;Com vítima;77,000;BR-101/RS;Crescente;Acidentes de outra natureza;1;0;0;0;0;0;0;0;0;0;0;1;0;0;0
17/06/2023;14:06:12;140;Sem vítima;40,000;BR-101/RS;Crescente;Colisão lateral no mesmo sentido;0;0;0;0;0;0;0;0;0;0;1;0;0;0;0
17/06/2023;14:23:13;144;Sem vítima;396,000;BR-386/RS;Decrescente;Capotamento;0;0;0;0;0;0;0;0;0;0;1;0;0;0;0
17/06/2023;16:17:23;163;Sem vítima;19,000;BR-290/RS;Crescente;Engavetamento;0;0;0;0;0;0;0;0;0;0;1;0;0;0;0
17/06/2023;21:42:01;215;Sem vítima;74,000;BR-290/RS;Crescente;Atropelamento de animal;0;0;0;0;0;0;0;0;0;0;1;0;0;0;0
18/06/2023;01:33:36;13;Sem vítima;44,000;BR-290/RS;Crescente;Atropelamento de animal;0;0;0;0;0;0;0;0;0;0;1;0;0;0;0
18/06/2023;07:18:46;37;Sem vítima;416,000;BR-386/RS;Crescente;Acidentes de outra natureza;0;0;0;0;0;0;0;0;0;0;1;0;0;0;0
18/06/2023;09:49:51;60;Sem vítima;5,000;BR-290/RS;Crescente;Acidentes de outra natureza;0;0;0;0;0;0;0;0;0;0;1;0;0;0;0
18/06/2023;19:06:03;159;Sem vítima;19,000;BR-101/RS;Decrescente;Capotamento;0;0;0;0;0;0;0;0;0;0;1;0;0;0;0
18/06/2023;21:49:54;197;Com vítima;236,000;BR-386/RS;Crescente;Acidentes de outra natureza;1;0;0;0;0;0;0;0;0;0;1;0;0;0;0
18/06/2023;23:07:40;212;Com vítima;72,000;BR-101/RS;Decrescente;Acidentes de outra natureza;0;0;0;0;0;0;0;0;0;0;1;0;0;0;0
19/06/2023;02:00:40;11;Sem vítima;341,000;BR-386/RS;Decrescente;Acidentes de outra natureza;0;0;0;0;0;0;0;0;0;0;1;0;0;0;0
19/06/2023;06:35:26;32;Sem vítima;75,000;BR-290/RS;Decrescente;Colisão lateral no mesmo sentido;0;0;0;0;0;0;0;0;0;0;1;0;0;0;0
19/06/2023;08:33:56;107;Sem vítima;75,000;BR-290/RS;Crescente;Colisão traseira;0;0;0;0;0;0;0;0;0;0;1;0;0;0;0
19/06/2023;14:06:06;193;Com vítima;369,000;BR-386/RS;Crescente;Choque;0;0;0;0;0;0;0;0;0;0;0;0;1;0;0
19/06/2023;14:54:30;208;Com vítima;86,000;BR-290/RS;Crescente;Choque;1;0;0;0;0;0;0;0;0;0;0;1;0;0;0
19/06/2023;18:07:35;246;Sem vítima;92,000;BR-290/RS;Crescente;Colisão traseira;0;0;0;0;0;0;0;0;0;0;1;0;0;0;0
19/06/2023;18:32:26;251;Com vítima;98,000;BR-290/RS;Decrescente;Atropelamento de pedestre;0;0;0;0;0;0;0;0;0;0;1;0;0;0;0
19/06/2023;18:49:37;256;Com vítima;343,000;BR-386/RS;Crescente;Colisão transversal;0;0;0;0;0;0;0;0;0;0;1;0;0;0;0
20/06/2023;08:04:07;79;Com vítima;30,000;BR-290/RS;Decrescente;Colisão traseira;0;0;0;0;0;0;0;0;0;0;1;0;0;0;0
20/06/2023;09:08:57;111;Com vítima;92,000;BR-290/RS;Decrescente;Queda de moto;0;0;0;1;0;0;0;0;0;0;0;0;1;0;0
20/06/2023;16:44:01;210;Com vítima;18,000;BR-101/RS;Decrescente;Queda de moto;0;0;0;0;0;0;0;0;0;0;0;0;1;0;0
20/06/2023;21:55:03;262;Com vítima;405,000;BR-386/RS;Crescente;Atropelamento de animal;0;0;0;0;0;0;0;0;0;0;0;0;0;0;0
21/06/2023;06:50:37;24;Sem vítima;50,000;BR-101/RS;Decrescente;Acidentes de outra natureza;0;0;0;0;0;0;0;0;0;0;1;0;0;0;0
21/06/2023;10:07:27;119;Com vítima;353,000;BR-386/RS;Decrescente;Capotamento;0;0;0;0;0;0;0;0;0;0;0;1;0;0;0
21/06/2023;19:30:55;221;Sem vítima;89,000;BR-290/RS;Crescente;Colisão lateral no mesmo sentido;0;0;1;0;0;0;0;0;0;0;1;0;0;0;0
21/06/2023;19:53:35;225;Com vítima;411,000;BR-386/RS;Crescente;Colisão frontal;0;0;0;0;0;0;0;0;0;0;0;1;0;0;0
22/06/2023;00:15:53;2;Sem vítima;345,000;BR-386/RS;Crescente;Acidentes de outra natureza;0;0;0;0;0;0;0;0;0;0;1;0;0;0;0
22/06/2023;04:07:50;19;Sem vítima;74,000;BR-101/RS;Decrescente;Acidentes de outra natureza;0;0;0;0;0;0;0;0;0;0;1;0;0;0;0
22/06/2023;16:42:03;203;Com vítima;92,000;BR-290/RS;Decrescente;Queda de moto;0;0;0;0;0;0;0;0;0;0;0;0;1;0;0
22/06/2023;17:59:55;213;Sem vítima;82,000;BR-290/RS;Decrescente;Colisão lateral no mesmo sentido;0;0;0;0;0;0;0;0;0;0;1;0;0;0;0
22/06/2023;19:59:40;229;Com vítima;327,000;BR-386/RS;Decrescente;Colisão frontal;0;0;0;0;0;0;0;0;0;0;0;0;0;0;1
22/06/2023;22:35:01;256;Sem vítima;328,000;BR-386/RS;Decrescente;Choque;0;0;0;0;0;0;0;0;0;0;1;0;0;0;0
23/06/2023;00:17:08;2;Com vítima;75,000;BR-290/RS;Decrescente;Queda de moto;0;0;0;0;0;0;0;0;0;0;0;1;0;0;0
23/06/2023;02:28:07;14;Com vítima;280,000;BR-386/RS;Decrescente;Capotamento;0;0;0;0;0;0;0;0;0;0;0;0;0;1;0
23/06/2023;05:48:47;24;Sem vítima;23,000;BR-290/RS;Decrescente;Colisão traseira;0;0;0;0;0;0;0;0;0;0;1;0;0;0;0
23/06/2023;07:00:41;43;Sem vítima;343,000;BR-386/RS;Crescente;Acidentes de outra natureza;0;0;0;0;0;0;0;0;0;0;1;0;0;0;0
23/06/2023;07:22:34;48;Sem vítima;29,000;BR-290/RS;Decrescente;Colisão transversal;0;0;0;0;0;0;0;0;0;0;1;0;0;0;0
23/06/2023;07:28:28;50;Com vítima;344,000;BR-386/RS;Crescente;Colisão transversal;0;0;0;0;0;0;0;0;0;0;0;1;0;0;0
23/06/2023;14:17:14;169;Sem vítima;340,000;BR-386/RS;Decrescente;Colisão transversal;0;0;0;0;0;0;0;0;0;0;1;0;0;0;0
23/06/2023;21:54:01;265;Sem vítima;393,000;BR-386/RS;Crescente;Acidentes de outra natureza;0;0;0;0;0;0;0;0;0;0;1;0;0;0;0
23/06/2023;22:56:20;279;Sem vítima;77,000;BR-101/RS;Crescente;Acidentes de outra natureza;0;0;0;0;0;0;0;0;0;0;1;0;0;0;0
24/06/2023;04:48:06;18;Com vítima;258,000;BR-386/RS;Crescente;Acidentes de outra natureza;1;0;0;0;0;0;0;0;0;0;0;1;0;0;0
24/06/2023;10:43:20;112;Sem vítima;272,000;BR-386/RS;Decrescente;Acidentes de outra natureza;0;0;0;0;0;0;0;0;0;0;1;0;0;0;0
24/06/2023;12:06:07;124;Sem vítima;32,000;BR-101/RS;Decrescente;Colisão traseira;0;0;0;0;0;0;0;0;0;0;1;0;0;0;0
24/06/2023;13:18:05;144;Com vítima;84,000;BR-290/RS;Crescente;Colisão traseira;0;0;0;0;0;0;0;0;0;0;0;0;1;0;0
24/06/2023;14:56:26;156;Com vítima;240,000;BR-386/RS;Crescente;Acidentes de outra natureza;0;0;0;0;0;0;0;0;0;0;0;1;0;0;0
24/06/2023;16:01:24;172;Sem vítima;52,000;BR-290/RS;Crescente;Acidentes de outra natureza;0;0;0;0;0;0;0;0;0;0;1;0;0;0;0
24/06/2023;20:01:18;210;Com vítima;62,000;BR-290/RS;Crescente;Atropelamento de animal;0;0;0;0;0;0;0;0;0;0;0;0;0;0;0
25/06/2023;03:41:58;15;Sem vítima;73,000;BR-290/RS;Decrescente;Acidentes de outra natureza;0;0;0;0;0;0;0;0;0;0;1;0;0;0;0
25/06/2023;18:26:49;134;Sem vítima;35,000;BR-101/RS;Decrescente;Colisão traseira;0;0;0;0;0;0;0;0;0;0;1;0;0;0;0
26/06/2023;08:45:05;112;Com vítima;337,000;BR-386/RS;Decrescente;Colisão transversal;0;0;0;0;0;0;0;0;0;0;0;0;0;1;0
26/06/2023;20:25:30;276;Sem vítima;244,000;BR-386/RS;Decrescente;Acidentes de outra natureza;0;0;0;0;0;0;0;0;0;0;1;0;0;0;0
27/06/2023;04:57:39;30;Sem vítima;387,000;BR-386/RS;Decrescente;Colisão lateral no mesmo sentido;1;0;0;0;0;0;0;0;0;0;1;0;0;0;0
27/06/2023;07:00:25;46;Com vítima;83,000;BR-290/RS;Decrescente;Colisão traseira;0;0;0;0;0;0;0;0;0;0;1;0;0;0;0
27/06/2023;07:04:40;49;Com vítima;9,000;BR-448/RS;Crescente;Colisão traseira;0;0;0;0;0;0;0;0;0;0;0;1;0;0;0
27/06/2023;10:22:11;163;Sem vítima;50,000;BR-101/RS;Decrescente;Acidentes de outra natureza;0;0;0;0;0;0;0;0;0;0;1;0;0;0;0
27/06/2023;11:45:42;181;Sem vítima;21,000;BR-101/RS;Decrescente;Choque;0;0;0;0;0;0;0;0;0;0;1;0;0;0;0
27/06/2023;15:11:40;220;Sem vítima;81,000;BR-290/RS;Decrescente;Choque;0;0;0;0;0;0;0;0;0;0;1;0;0;0;0
27/06/2023;15:50:35;233;Sem vítima;247,000;BR-386/RS;Decrescente;Acidentes de outra natureza;0;0;0;0;0;0;0;0;0;0;1;0;0;0;0
27/06/2023;21:06:39;290;Sem vítima;307,000;BR-386/RS;Crescente;Acidentes de outra natureza;0;0;0;0;0;0;0;0;0;0;1;0;0;0;0
28/06/2023;10:31:56;127;Com vítima;95,000;BR-290/RS;Decrescente;Atropelamento de pedestre;0;0;0;0;0;0;0;0;0;0;0;1;0;0;0
28/06/2023;12:17:31;143;Sem vítima;435,000;BR-386/RS;Crescente;Colisão transversal;0;0;0;0;0;0;0;0;0;0;1;0;0;0;0
29/06/2023;00:58:26;4;Sem vítima;68,000;BR-290/RS;Decrescente;Colisão traseira;0;0;0;0;0;0;0;0;0;0;1;0;0;0;0
29/06/2023;05:47:29;16;Sem vítima;218,000;BR-386/RS;Decrescente;Colisão traseira;0;0;0;0;0;0;0;0;0;0;1;0;0;0;0
29/06/2023;06:43:37;19;Com vítima;339,000;BR-386/RS;Crescente;Colisão traseira;0;0;0;0;0;0;0;0;0;0;1;0;0;0;0
29/06/2023;09:16:49;104;Sem vítima;96,000;BR-290/RS;Decrescente;Colisão traseira;0;0;0;0;0;0;0;0;0;0;1;0;0;0;0
29/06/2023;10:24:37;129;Sem vítima;373,000;BR-386/RS;Decrescente;Colisão traseira;0;0;0;0;0;0;0;0;0;0;1;0;0;0;0
29/06/2023;15:00:12;189;Sem vítima;245,000;BR-386/RS;Decrescente;Colisão lateral no mesmo sentido;0;0;0;0;0;0;0;0;0;0;1;0;0;0;0
29/06/2023;17:17:37;212;Com vítima;85,000;BR-290/RS;Decrescente;Queda de moto;0;0;0;0;0;0;0;0;0;0;0;0;1;0;0
29/06/2023;18:03:06;217;Sem vítima;21,000;BR-448/RS;Decrescente;Colisão traseira;0;0;0;0;0;0;0;0;0;0;1;0;0;0;0
29/06/2023;19:23:52;235;Com vítima;87,000;BR-290/RS;Crescente;Colisão lateral no mesmo sentido;0;0;0;0;0;0;0;0;0;0;0;0;1;0;0
29/06/2023;21:25:10;247;Sem vítima;257,000;BR-386/RS;Crescente;Acidentes de outra natureza;0;0;0;0;0;0;0;0;0;0;1;0;0;0;0
29/06/2023;22:30:33;254;Sem vítima;75,000;BR-290/RS;Decrescente;Atropelamento de animal;0;0;0;0;0;0;0;0;0;0;1;0;0;0;0
29/06/2023;23:45:41;260;Com vítima;10,000;BR-448/RS;Decrescente;Choque;0;0;0;0;0;0;0;0;0;0;0;1;0;0;0
30/06/2023;00:03:40;1;Com vítima;424,000;BR-386/RS;Crescente;Atropelamento de animal;0;0;0;0;0;0;0;0;0;0;0;0;0;0;0
30/06/2023;03:43:27;14;Com vítima;289,000;BR-386/RS;Decrescente;Colisão frontal;0;0;0;0;0;0;0;0;0;0;0;0;0;1;0
30/06/2023;03:48:29;15;Sem vítima;431,350;BR-386/RS;Decrescente;Acidentes de outra natureza;0;0;0;0;0;0;0;0;0;0;1;0;0;0;0
30/06/2023;06:51:27;33;Sem vítima;10,000;BR-290/RS;Decrescente;Choque;0;0;0;0;0;0;0;0;0;0;1;0;0;0;0
30/06/2023;09:58:14;140;Sem vítima;411,000;BR-386/RS;Crescente;Colisão traseira;0;0;0;0;0;0;0;0;0;0;1;0;0;0;0
30/06/2023;11:08:10;154;Sem vítima;329,000;BR-386/RS;Decrescente;Engavetamento;0;0;0;0;0;0;0;0;0;0;1;0;0;0;0
30/06/2023;12:02:34;170;Com vítima;75,000;BR-101/RS;Decrescente;Acidentes de outra natureza;1;0;0;0;0;0;0;0;0;0;1;0;0;0;0
30/06/2023;12:38:26;175;Sem vítima;60,000;BR-290/RS;Crescente;Engavetamento;0;0;0;0;0;0;0;0;0;0;1;0;0;0;0
30/06/2023;14:54:47;205;Sem vítima;92,000;BR-290/RS;Crescente;Colisão lateral no mesmo sentido;0;0;0;0;0;0;0;0;0;0;1;0;0;0;0
30/06/2023;17:04:31;223;Com vítima;75,000;BR-290/RS;Crescente;Colisão traseira;0;0;0;0;0;0;0;0;0;0;1;0;0;0;0
01/07/2023;03:34:26;31;Com vítima;435,000;BR-386/RS;Decrescente;Capotamento;0;0;0;0;0;0;0;0;0;0;0;1;0;0;0
01/07/2023;05:31:10;37;Com vítima;392,000;BR-386/RS;Crescente;Choque;0;0;0;0;0;0;0;0;0;0;0;0;1;0;0
01/07/2023;06:26:22;42;Sem vítima;19,000;BR-290/RS;Crescente;Acidentes de outra natureza;0;0;1;0;0;0;0;0;0;0;1;0;0;0;0
01/07/2023;07:56:52;68;Com vítima;327,000;BR-386/RS;Decrescente;Colisão frontal;0;0;0;0;0;0;0;0;0;0;1;0;0;0;0
01/07/2023;08:24:22;77;Sem vítima;19,000;BR-290/RS;Crescente;Colisão traseira;0;0;0;0;0;0;0;0;0;0;1;0;0;0;0
01/07/2023;14:28:38;133;Sem vítima;2,000;BR-101/RS;Crescente;Colisão traseira;0;0;0;0;0;0;0;0;0;0;1;0;0;0;0
01/07/2023;15:17:57;143;Sem vítima;69,000;BR-101/RS;Crescente;Colisão traseira;0;0;0;0;0;0;0;0;0;0;1;0;0;0;0
01/07/2023;15:29:14;149;Sem vítima;83,000;BR-290/RS;Crescente;Colisão lateral no mesmo sentido;0;0;0;0;0;0;0;0;0;0;1;0;0;0;0
01/07/2023;19:29:47;184;Com vítima;415,300;BR-386/RS;Decrescente;Colisão frontal;0;0;0;0;0;0;0;0;0;0;1;0;0;0;0
01/07/2023;19:55:02;188;Com vítima;415,360;BR-386/RS;Decrescente;Colisão lateral no mesmo sentido;0;0;0;0;0;0;0;0;0;0;0;0;0;1;0
01/07/2023;22:28:37;203;Com vítima;89,000;BR-290/RS;Decrescente;Colisão lateral no mesmo sentido;0;0;0;0;0;0;0;0;0;0;1;0;0;0;0
02/07/2023;03:56:22;20;Sem vítima;58,000;BR-290/RS;Decrescente;Acidentes de outra natureza;0;0;0;0;0;0;0;0;0;0;1;0;0;0;0
02/07/2023;06:04:12;25;Sem vítima;269,000;BR-386/RS;Crescente;Colisão lateral no mesmo sentido;0;0;0;0;0;0;0;0;0;0;1;0;0;0;0
02/07/2023;06:15:13;27;Com vítima;261,000;BR-386/RS;Crescente;Capotamento;0;0;0;0;0;0;0;0;0;0;0;0;1;0;0
02/07/2023;09:07:24;48;Sem vítima;306,000;BR-386/RS;Decrescente;Acidentes de outra natureza;0;0;0;0;0;0;0;0;0;0;1;0;0;0;0
02/07/2023;09:20:17;49;Com vítima;343,000;BR-386/RS;Decrescente;Colisão frontal;0;0;0;0;0;0;0;0;0;0;0;0;0;1;0
02/07/2023;11:08:32;62;Com vítima;370,000;BR-386/RS;Crescente;Colisão traseira;0;0;0;0;0;0;0;0;0;0;1;0;0;0;0
02/07/2023;22:32:31;153;Sem vítima;59,000;BR-290/RS;Decrescente;Acidentes de outra natureza;0;0;0;0;0;0;0;0;0;0;1;0;0;0;0
03/07/2023;01:53:28;13;Sem vítima;342,000;BR-386/RS;Crescente;Acidentes de outra natureza;0;0;0;0;0;0;0;0;0;0;1;0;0;0;0
03/07/2023;02:16:05;16;Sem vítima;197,000;BR-386/RS;Decrescente;Acidentes de outra natureza;0;0;0;0;0;0;0;0;0;0;1;0;0;0;0
03/07/2023;02:17:39;17;Sem vítima;11,000;BR-290/RS;Decrescente;Acidentes de outra natureza;0;0;0;0;0;0;0;0;0;0;1;0;0;0;0
03/07/2023;08:03:54;88;Sem vítima;92,000;BR-290/RS;Crescente;Colisão traseira;0;0;0;0;0;0;0;0;0;0;1;0;0;0;0
03/07/2023;09:38:32;135;Com vítima;303,000;BR-386/RS;Decrescente;Colisão traseira;0;0;0;0;0;0;0;0;0;0;1;0;0;0;0
03/07/2023;17:57:37;245;Sem vítima;348,000;BR-386/RS;Decrescente;Colisão traseira;0;0;0;0;0;0;0;0;0;0;1;0;0;0;0
03/07/2023;18:48:39;252;Com vítima;92,000;BR-290/RS;Decrescente;Colisão traseira;0;0;0;0;0;0;0;0;0;0;0;0;1;0;0
03/07/2023;19:51:30;267;Com vítima;4,000;BR-448/RS;Crescente;Capotamento;0;0;0;0;0;0;0;0;0;0;0;1;0;0;0
03/07/2023;22:09:06;279;Com vítima;75,000;BR-101/RS;Crescente;Acidentes de outra natureza;0;0;0;0;0;0;0;0;0;0;0;1;0;0;0
04/07/2023;01:40:19;5;Sem vítima;271,000;BR-386/RS;Decrescente;Acidentes de outra natureza;0;0;0;0;0;0;0;0;0;0;1;0;0;0;0
04/07/2023;07:07:29;44;Com vítima;349,000;BR-386/RS;Crescente;Colisão transversal;0;0;0;0;0;0;0;0;0;0;0;1;0;0;0
04/07/2023;12:17:58;162;Com vítima;92,000;BR-290/RS;Decrescente;Colisão lateral no mesmo sentido;0;0;0;0;0;0;0;0;0;0;1;0;0;0;0
05/07/2023;05:34:50;17;Sem vítima;269,000;BR-386/RS;Crescente;Colisão transversal;0;0;0;0;0;0;0;0;0;0;1;0;0;0;0
05/07/2023;09:09:30;124;Sem vítima;2,000;BR-448/RS;Crescente;Colisão lateral no mesmo sentido;0;0;0;0;0;0;0;0;0;0;1;0;0;0;0
05/07/2023;09:26:39;130;Com vítima;344,000;BR-386/RS;Crescente;Colisão frontal;1;0;0;0;0;0;0;0;0;0;1;0;0;0;0
05/07/2023;12:04:25;170;Sem vítima;80,000;BR-290/RS;Decrescente;Colisão traseira;0;0;0;0;0;0;0;0;0;0;1;0;0;0;0
05/07/2023;17:03:41;225;Com vítima;416,000;BR-386/RS;Decrescente;Colisão traseira;0;0;0;0;0;0;0;0;0;0;0;1;0;0;0
05/07/2023;17:14:15;229;Sem vítima;273,000;BR-386/RS;Crescente;Capotamento;0;0;0;0;0;0;0;0;0;0;1;0;0;0;0
05/07/2023;17:55:27;237;Com vítima;95,000;BR-290/RS;Decrescente;Queda de moto;0;0;0;0;0;0;0;0;0;0;1;0;0;0;0
05/07/2023;18:39:10;247;Sem vítima;88,000;BR-290/RS;Crescente;Colisão lateral no mesmo sentido;0;0;0;0;0;0;0;0;0;0;1;0;0;0;0
05/07/2023;21:05:25;269;Com vítima;3,000;BR-448/RS;Decrescente;Colisão lateral no mesmo sentido;0;0;0;0;0;0;0;0;0;0;1;0;0;0;0
05/07/2023;21:06:38;270;Sem vítima;346,000;BR-386/RS;Crescente;Acidentes de outra natureza;0;0;0;0;0;0;0;0;0;0;1;0;0;0;0
05/07/2023;23:34:32;283;Sem vítima;92,000;BR-290/RS;Decrescente;Acidentes de outra natureza;0;0;0;0;0;0;0;0;0;0;1;0;0;0;0
06/07/2023;15:58:50;209;Sem vítima;69,000;BR-290/RS;Crescente;Colisão traseira;0;0;0;0;0;0;0;0;0;0;1;0;0;0;0
06/07/2023;17:04:43;221;Sem vítima;69,000;BR-290/RS;Crescente;Colisão traseira;0;0;0;0;0;0;0;0;0;0;1;0;0;0;0
06/07/2023;17:17:58;223;Sem vítima;86,000;BR-290/RS;Crescente;Colisão lateral no mesmo sentido;0;0;0;0;0;0;0;0;0;0;1;0;0;0;0
06/07/2023;18:28:59;236;Sem vítima;388,000;BR-386/RS;Decrescente;Colisão lateral no mesmo sentido;0;0;0;0;0;0;0;0;0;0;1;0;0;0;0
07/07/2023;04:37:53;17;Com vítima;226,000;BR-386/RS;Decrescente;Acidentes de outra natureza;0;0;0;0;0;0;0;0;0;0;0;1;0;0;0
07/07/2023;05:52:06;24;Sem vítima;401,000;BR-386/RS;Decrescente;Acidentes de outra natureza;0;0;0;0;0;0;0;0;0;0;1;0;0;0;0
07/07/2023;08:13:00;74;Com vítima;92,000;BR-290/RS;Crescente;Queda de moto;0;0;0;0;0;0;0;0;0;0;0;1;0;0;0
07/07/2023;09:09:27;93;Com vítima;19,000;BR-448/RS;Decrescente;Colisão traseira;0;0;0;0;0;0;0;0;0;0;1;0;0;0;0
07/07/2023;13:07:45;135;Sem vítima;22,000;BR-448/RS;Decrescente;Colisão lateral no mesmo sentido;0;0;0;0;0;0;0;0;0;0;1;0;0;0;0
07/07/2023;14:09:59;150;Sem vítima;360,000;BR-386/RS;Decrescente;Acidentes de outra natureza;1;0;0;0;0;0;0;0;0;0;1;0;0;0;0
07/07/2023;16:21:10;169;Sem vítima;374,000;BR-386/RS;Decrescente;Acidentes de outra natureza;0;0;0;0;0;0;0;0;0;0;1;0;0;0;0
07/07/2023;16:59:20;182;Sem vítima;394,000;BR-386/RS;Crescente;Acidentes de outra natureza;0;0;0;0;0;0;0;0;0;0;1;0;0;0;0
07/07/2023;17:18:31;191;Sem vítima;367,000;BR-386/RS;Decrescente;Colisão lateral no mesmo sentido;0;0;0;0;0;0;0;0;0;0;1;0;0;0;0
07/07/2023;19:59:14;233;Sem vítima;304,200;BR-386/RS;Crescente;Colisão lateral no mesmo sentido;0;0;0;0;0;0;0;0;0;0;1;0;0;0;0
07/07/2023;20:53:54;241;Sem vítima;2,000;BR-290/RS;Crescente;Acidentes de outra natureza;0;0;0;0;0;0;0;0;0;0;1;0;0;0;0
07/07/2023;23:39:35;266;Sem vítima;7,000;BR-290/RS;Decrescente;Acidentes de outra natureza;0;0;0;0;0;0;0;0;0;0;1;0;0;0;0
08/07/2023;04:53:52;25;Sem vítima;75,000;BR-290/RS;Crescente;Acidentes de outra natureza;0;0;0;0;0;0;0;0;0;0;1;0;0;0;0
08/07/2023;05:27:04;32;Sem vítima;89,000;BR-290/RS;Decrescente;Choque;0;0;0;0;0;0;0;0;0;0;1;0;0;0;0
08/07/2023;05:31:41;34;Sem vítima;306,000;BR-386/RS;Decrescente;Acidentes de outra natureza;0;0;0;0;0;0;0;0;0;0;1;0;0;0;0
08/07/2023;06:27:30;36;Sem vítima;393,000;BR-386/RS;Crescente;Acidentes de outra natureza;0;0;0;0;0;0;0;0;0;0;1;0;0;0;0
08/07/2023;06:29:29;37;Com vítima;8,000;BR-448/RS;Crescente;Acidentes de outra natureza;0;0;0;0;0;0;0;0;0;0;0;0;0;1;0
08/07/2023;15:30:16;123;Sem vítima;39,000;BR-101/RS;Crescente;Tombamento;0;0;0;0;0;0;0;0;0;0;1;0;0;0;0
08/07/2023;23:12:26;160;Sem vítima;344,000;BR-386/RS;Decrescente;Colisão traseira;0;0;0;0;0;0;0;0;0;0;1;0;0;0;0
09/07/2023;00:57:28;8;Sem vítima;404,000;BR-386/RS;Crescente;Acidentes de outra natureza;0;0;0;0;0;0;0;0;0;0;1;0;0;0;0
09/07/2023;01:53:24;17;Sem vítima;390,000;BR-386/RS;Decrescente;Choque;0;0;0;0;0;0;0;0;0;0;1;0;0;0;0
09/07/2023;02:39:14;21;Sem vítima;41,000;BR-290/RS;Decrescente;Acidentes de outra natureza;0;0;0;0;0;0;0;0;0;0;1;0;0;0;0
09/07/2023;04:22:58;25;Sem vítima;399,000;BR-386/RS;Decrescente;Choque;0;0;0;0;0;0;0;0;0;0;1;0;0;0;0
09/07/2023;05:09:24;26;Sem vítima;409,000;BR-386/RS;Crescente;Choque;0;0;0;0;0;0;0;0;0;0;1;0;0;0;0
09/07/2023;05:24:05;29;Com vítima;19,000;BR-101/RS;Decrescente;Choque;0;0;0;0;0;0;0;0;0;0;0;1;0;0;0
09/07/2023;06:23:34;34;Sem vítima;65,000;BR-290/RS;Decrescente;Capotamento;0;0;0;0;0;0;0;0;0;0;1;0;0;0;0
09/07/2023;11:10:11;70;Sem vítima;63,000;BR-101/RS;Crescente;Choque;0;0;0;0;0;0;0;0;0;0;1;0;0;0;0
09/07/2023;16:48:48;117;Sem vítima;417,000;BR-386/RS;Decrescente;Acidentes de outra natureza;0;0;0;0;0;0;0;0;0;0;1;0;0;0;0