data;horario;n_da_ocorrencia;tipo_de_ocorrencia;km;trecho;sentido;tipo_de_acidente;automovel;bicicleta;caminhao;moto;onibus;outros;tracao_animal;transporte_de_cargas_especiais;trator_maquinas;utilitarios;ilesos;levemente_feridos;moderadamente_feridos;gravemente_feridos;mortos
09/07/2023;16:57:31;119;Sem vítima;397,000;BR-386/RS;Decrescente;Acidentes de outra natureza;0;0;0;0;0;0;0;0;0;0;1;0;0;0;0
09/07/2023;17:32:11;129;Sem vítima;292,000;BR-386/RS;Decrescente;Colisão lateral no mesmo sentido;0;0;0;0;0;0;0;0;0;0;1;0;0;0;0
09/07/2023;17:37:39;132;Sem vítima;97,000;BR-290/RS;Crescente;Choque;0;0;0;0;0;0;0;0;0;0;1;0;0;0;0
09/07/2023;18:01:41;135;Com vítima;94,000;BR-290/RS;Crescente;Queda de moto;0;0;0;0;0;0;0;0;0;0;1;0;0;0;0
09/07/2023;19:06:54;149;Com vítima;423,000;BR-386/RS;Decrescente;Colisão transversal;0;0;0;0;0;0;0;0;0;0;1;0;0;0;0
10/07/2023;00:41:06;7;Com vítima;35,000;BR-290/RS;Crescente;Atropelamento de animal;0;0;0;0;0;0;0;0;0;0;0;0;0;0;0
10/07/2023;08:02:05;91;Sem vítima;75,000;BR-290/RS;Decrescente;Colisão traseira;1;0;0;0;0;0;0;0;0;0;1;0;0;0;0
10/07/2023;10:51:12;147;Sem vítima;325,000;BR-386/RS;Crescente;Choque;0;0;0;0;0;0;0;0;0;0;1;0;0;0;0
10/07/2023;12:35:35;167;Sem vítima;257,000;BR-386/RS;Crescente;Capotamento;0;0;0;0;0;0;0;0;0;0;1;0;0;0;0
10/07/2023;12:49:48;169;Sem vítima;20,000;BR-290/RS;Decrescente;Colisão lateral no mesmo sentido;0;0;0;0;0;0;0;0;0;0;1;0;0;0;0
10/07/2023;14:14:27;183;Sem vítima;62,000;BR-290/RS;Crescente;Atropelamento de animal;0;0;0;0;0;0;0;0;0;0;1;0;0;0;0
11/07/2023;18:46:56;209;Sem vítima;220,000;BR-386/RS;Crescente;Acidentes de outra natureza;0;0;0;0;0;0;0;0;0;0;1;0;0;0;0
11/07/2023;19:51:15;216;Sem vítima;368,000;BR-386/RS;Decrescente;Acidentes de outra natureza;0;0;0;0;0;0;0;0;0;0;1;0;0;0;0
11/07/2023;23:17:23;237;Sem vítima;434,000;BR-386/RS;Decrescente;Atropelamento de animal;0;0;0;0;0;0;0;0;0;0;1;0;0;0;0
12/07/2023;02:15:13;8;Sem vítima;92,000;BR-290/RS;Decrescente;Choque;0;0;0;0;0;0;0;0;0;0;1;0;0;0;0
12/07/2023;07:43:40;49;Sem vítima;440,000;BR-386/RS;Crescente;Colisão traseira;0;0;0;0;0;0;0;0;0;0;1;0;0;0;0
12/07/2023;09:07:11;75;Sem vítima;426,000;BR-386/RS;Decrescente;Colisão traseira;0;0;0;0;0;0;0;0;0;0;1;0;0;0;0
12/07/2023;10:19:29;85;Sem vítima;79,000;BR-290/RS;Decrescente;Choque;0;0;0;0;0;0;0;0;0;0;1;0;0;0;0
12/07/2023;11:39:45;92;Com vítima;64,000;BR-290/RS;Crescente;Acidentes de outra natureza;0;0;0;0;0;0;0;0;0;0;1;0;0;0;0
12/07/2023;13:38:38;113;Sem vítima;267,000;BR-386/RS;Crescente;Colisão lateral no mesmo sentido;0;0;0;0;0;0;0;0;0;0;1;0;0;0;0
12/07/2023;14:16:19;117;Sem vítima;86,000;BR-290/RS;Decrescente;Colisão lateral no mesmo sentido;0;0;0;0;0;0;0;0;0;0;1;0;0;0;0
12/07/2023;14:57:37;124;Sem vítima;440,000;BR-386/RS;Decrescente;Acidentes de outra natureza;0;0;0;0;0;0;0;0;0;0;1;0;0;0;0
12/07/2023;15:16:53;127;Sem vítima;361,000;BR-386/RS;Decrescente;Acidentes de outra natureza;0;0;0;0;0;0;0;0;0;0;1;0;0;0;0
12/07/2023;15:46:26;133;Sem vítima;422,000;BR-386/RS;Decrescente;Acidentes de outra natureza;0;0;0;0;0;0;0;0;0;0;1;0;0;0;0
12/07/2023;16:02:46;135;Sem vítima;351,000;BR-386/RS;Decrescente;Acidentes de outra natureza;0;0;0;0;0;0;0;0;0;0;1;0;0;0;0
12/07/2023;16:32:30;142;Sem vítima;351,000;BR-386/RS;Crescente;Acidentes de outra natureza;0;0;0;0;0;0;0;0;0;0;1;0;0;0;0
12/07/2023;17:50:19;152;Sem vítima;65,000;BR-290/RS;Crescente;Acidentes de outra natureza;0;0;0;0;0;0;0;0;0;0;1;0;0;0;0
12/07/2023;18:34:35;161;Sem vítima;353,000;BR-386/RS;Decrescente;Acidentes de outra natureza;1;0;0;0;0;0;0;0;0;0;1;0;0;0;0
12/07/2023;19:22:22;164;Com vítima;335,000;BR-386/RS;Decrescente;Choque;0;0;0;0;0;0;0;0;0;0;0;1;0;0;0
12/07/2023;19:23:17;165;Com vítima;58,000;BR-290/RS;Decrescente;Acidentes de outra natureza;0;0;0;0;0;0;0;0;0;0;0;1;0;0;0
12/07/2023;19:37:44;168;Sem vítima;376,000;BR-386/RS;Crescente;Colisão traseira;0;0;0;0;0;0;0;0;0;0;1;0;0;0;0
12/07/2023;20:14:45;174;Sem vítima;364,000;BR-386/RS;Crescente;Acidentes de outra natureza;0;0;0;0;0;0;0;0;0;0;1;0;0;0;0
13/07/2023;10:53:12;112;Com vítima;273,000;BR-386/RS;Decrescente;Colisão traseira;0;0;0;0;0;0;0;0;0;0;1;0;0;0;0
13/07/2023;12:55:09;128;Sem vítima;27,000;BR-290/RS;Decrescente;Colisão traseira;0;0;0;0;0;0;0;0;0;0;1;0;0;0;0
13/07/2023;13:11:42;129;Sem vítima;9,000;BR-448/RS;Decrescente;Acidentes de outra natureza;0;0;0;0;0;0;0;0;0;0;1;0;0;0;0
13/07/2023;15:57:04;153;Com vítima;411,000;BR-386/RS;Crescente;Acidentes de outra natureza;0;0;0;0;1;0;0;0;0;0;0;1;0;0;0
13/07/2023;18:16:00;170;Com vítima;349,000;BR-386/RS;Decrescente;Engavetamento;0;0;0;0;0;0;0;0;0;0;1;0;0;0;0
13/07/2023;18:40:18;174;Sem vítima;290,000;BR-386/RS;Crescente;Colisão lateral no mesmo sentido;0;0;0;0;0;0;0;0;0;0;1;0;0;0;0
13/07/2023;20:58:12;186;Com vítima;16,000;BR-290/RS;Crescente;Acidentes de outra natureza;1;0;0;0;0;0;0;0;0;0;0;0;0;2;0
13/07/2023;22:45:24;205;Sem vítima;342,000;BR-386/RS;Decrescente;Colisão lateral no mesmo sentido;0;0;0;0;0;0;0;0;0;0;1;0;0;0;0
14/07/2023;04:31:06;22;Sem vítima;346,000;BR-386/RS;Crescente;Acidentes de outra natureza;0;0;0;0;0;0;0;0;0;0;1;0;0;0;0
14/07/2023;06:53:19;43;Com vítima;429,000;BR-386/RS;Decrescente;Colisão lateral no mesmo sentido;0;0;0;0;0;0;0;0;0;0;1;0;0;0;0
14/07/2023;13:51:52;181;Sem vítima;435,000;BR-386/RS;Decrescente;Colisão transversal;0;0;0;0;0;0;0;0;0;0;1;0;0;0;0
14/07/2023;17:29:54;230;Sem vítima;342,000;BR-386/RS;Crescente;Colisão traseira;0;0;0;0;0;0;0;0;0;0;1;0;0;0;0
14/07/2023;18:23:20;246;Com vítima;345,000;BR-386/RS;Decrescente;Engavetamento;0;0;0;0;0;0;0;0;0;0;1;0;0;0;0
14/07/2023;19:31:59;263;Com vítima;93,000;BR-290/RS;Crescente;Capotamento;0;0;0;0;0;0;0;0;0;0;0;1;0;0;0
15/07/2023;03:27:26;25;Sem vítima;275,000;BR-386/RS;Crescente;Choque;0;0;0;0;0;0;0;0;0;0;1;0;0;0;0
15/07/2023;06:03:57;34;Sem vítima;85,000;BR-290/RS;Decrescente;Acidentes de outra natureza;0;0;0;0;0;0;0;0;0;0;1;0;0;0;0
15/07/2023;06:37:11;36;Sem vítima;8,000;BR-101/RS;Crescente;Atropelamento de animal;0;0;0;0;0;0;0;0;0;0;1;0;0;0;0
15/07/2023;07:17:26;47;Sem vítima;60,000;BR-290/RS;Crescente;Colisão traseira;0;0;0;0;0;0;0;0;0;0;1;0;0;0;0
15/07/2023;10:32:51;101;Sem vítima;49,000;BR-101/RS;Crescente;Acidentes de outra natureza;0;0;0;0;0;0;0;0;0;0;1;0;0;0;0
15/07/2023;18:35:44;204;Sem vítima;90,000;BR-290/RS;Decrescente;Queda de moto;0;0;0;0;0;0;0;0;0;0;1;0;0;0;0
15/07/2023;19:59:06;224;Com vítima;436,000;BR-386/RS;Crescente;Colisão frontal;0;0;0;0;0;0;0;0;0;0;1;0;0;0;0
15/07/2023;20:41:17;230;Sem vítima;265,000;BR-386/RS;Crescente;Acidentes de outra natureza;0;0;0;0;0;0;0;0;0;0;1;0;0;0;0
16/07/2023;00:28:47;8;Sem vítima;86,000;BR-290/RS;Decrescente;Choque;0;0;0;0;0;0;0;0;0;0;1;0;0;0;0
16/07/2023;05:28:50;31;Sem vítima;96,000;BR-290/RS;Crescente;Choque;0;0;0;0;0;0;0;0;0;0;1;0;0;0;0
16/07/2023;12:29:32;93;Sem vítima;420,000;BR-386/RS;Crescente;Acidentes de outra natureza;0;0;0;0;0;0;0;0;0;0;1;0;0;0;0
16/07/2023;15:46:55;134;Com vítima;362,000;BR-386/RS;Crescente;Colisão lateral no mesmo sentido;0;0;0;0;0;0;0;0;0;0;1;0;0;0;0
16/07/2023;17:18:53;151;Sem vítima;95,000;BR-290/RS;Decrescente;Colisão traseira;0;0;0;0;0;0;0;0;0;0;1;0;0;0;0
16/07/2023;19:57:21;185;Com vítima;333,000;BR-386/RS;Crescente;Colisão traseira;0;0;0;0;0;0;0;0;0;0;1;0;0;0;0
16/07/2023;23:18:29;210;Sem vítima;80,000;BR-290/RS;Decrescente;Colisão traseira;0;0;0;0;0;0;0;0;0;0;1;0;0;0;0
16/07/2023;23:19:37;211;Sem vítima;34,000;BR-290/RS;Decrescente;Colisão transversal;0;0;0;0;0;0;0;0;0;0;1;0;0;0;0
17/07/2023;12:04:18;140;Sem vítima;202,000;BR-386/RS;Crescente;Colisão traseira;0;0;0;0;0;0;0;0;0;0;1;0;0;0;0
17/07/2023;13:43:01;166;Sem vítima;413,000;BR-386/RS;Decrescente;Choque;0;0;0;0;0;0;0;0;0;0;1;0;0;0;0
17/07/2023;14:53:34;189;Com vítima;272,000;BR-386/RS;Crescente;Atropelamento de pedestre;0;0;0;0;0;0;0;0;0;0;1;0;0;0;0
17/07/2023;17:50:32;235;Sem vítima;90,000;BR-290/RS;Decrescente;Colisão traseira;0;0;0;0;0;0;0;0;0;0;1;0;0;0;0
17/07/2023;19:03:09;257;Com vítima;349,000;BR-386/RS;Crescente;Colisão traseira;0;0;0;0;0;0;0;0;0;0;1;0;0;0;0
17/07/2023;20:05:03;271;Sem vítima;338,000;BR-386/RS;Decrescente;Choque;0;0;0;0;0;0;0;0;0;0;1;0;0;0;0
18/07/2023;06:03:38;32;Com vítima;92,000;BR-290/RS;Crescente;Colisão traseira;0;0;0;0;0;0;0;0;0;0;1;0;0;0;0
18/07/2023;15:52:57;212;Sem vítima;45,000;BR-101/RS;Decrescente;Colisão lateral no mesmo sentido;0;0;0;0;0;0;0;0;0;0;1;0;0;0;0
18/07/2023;18:27:59;249;Sem vítima;373,000;BR-386/RS;Crescente;Atropelamento de animal;0;0;0;0;0;0;0;0;0;0;1;0;0;0;0
18/07/2023;18:30:05;250;Sem vítima;328,000;BR-386/RS;Decrescente;Acidentes de outra natureza;0;0;0;0;0;0;0;0;0;0;1;0;0;0;0
18/07/2023;18:40:49;253;Sem vítima;278,000;BR-386/RS;Crescente;Colisão traseira;0;0;0;0;0;0;0;0;0;0;1;0;0;0;0
18/07/2023;20:02:37;266;Sem vítima;435,000;BR-386/RS;Decrescente;Colisão traseira;0;0;0;0;0;0;0;0;0;0;1;0;0;0;0
19/07/2023;01:09:41;2;Sem vítima;354,000;BR-386/RS;Decrescente;Acidentes de outra natureza;0;0;0;0;0;0;0;0;0;0;1;0;0;0;0
19/07/2023;06:16:57;29;Sem vítima;60,000;BR-290/RS;Crescente;Colisão traseira;0;0;0;0;0;0;0;0;0;0;1;0;0;0;0
19/07/2023;06:45:45;36;Sem vítima;8,000;BR-290/RS;Crescente;Colisão traseira;1;0;0;0;0;0;0;0;0;0;1;0;0;0;0
19/07/2023;15:40:17;216;Sem vítima;343,270;BR-386/RS;Decrescente;Colisão traseira;0;0;0;0;0;0;0;0;0;0;1;0;0;0;0
19/07/2023;15:59:40;220;Sem vítima;61,000;BR-290/RS;Decrescente;Colisão traseira;0;0;0;0;0;0;0;0;0;0;1;0;0;0;0
19/07/2023;17:08:00;230;Com vítima;273,000;BR-386/RS;Crescente;Colisão frontal;0;0;0;0;0;0;0;0;0;0;1;0;0;0;0
19/07/2023;21:21:35;270;Sem vítima;1,000;BR-290/RS;Decrescente;Tombamento;0;0;1;0;0;0;0;0;0;0;2;0;0;0;0
19/07/2023;21:41:33;273;Sem vítima;1,000;BR-290/RS;Decrescente;Colisão traseira;0;0;0;0;0;0;0;0;0;0;1;0;0;0;0
19/07/2023;23:12:00;277;Sem vítima;345,000;BR-386/RS;Decrescente;Colisão transversal;0;0;0;0;0;0;0;0;0;0;1;0;0;0;0
20/07/2023;09:36:44;142;Sem vítima;307,000;BR-386/RS;Decrescente;Colisão lateral no mesmo sentido;0;0;0;0;0;0;0;0;0;0;0;0;0;0;0
20/07/2023;11:27:21;173;Com vítima;355,000;BR-386/RS;Decrescente;Colisão traseira;0;0;0;0;0;0;0;0;0;0;0;0;1;0;0
21/07/2023;00:23:43;3;Sem vítima;4,000;BR-448/RS;Crescente;Choque;1;0;0;0;0;0;0;0;0;0;1;0;0;0;0
21/07/2023;18:02:15;266;Sem vítima;21,000;BR-448/RS;Crescente;Engavetamento;1;0;0;0;0;0;0;0;0;0;1;0;0;0;0
21/07/2023;18:30:30;275;Com vítima;343,000;BR-386/RS;Crescente;Colisão frontal;0;0;0;0;0;0;0;0;0;0;0;1;0;0;0
21/07/2023;19:17:56;284;Sem vítima;372,000;BR-386/RS;Decrescente;Acidentes de outra natureza;0;0;0;0;0;0;0;0;0;0;1;0;0;0;0
22/07/2023;01:36:08;20;Com vítima;241,000;BR-386/RS;Crescente;Acidentes de outra natureza;0;0;0;0;0;0;0;0;0;0;0;0;1;0;0
22/07/2023;05:21:44;52;Sem vítima;382,000;BR-386/RS;Crescente;Atropelamento de animal;0;0;0;0;0;0;0;0;0;0;1;0;0;0;0
22/07/2023;10:25:37;125;Sem vítima;436,000;BR-386/RS;Decrescente;Colisão lateral no mesmo sentido;0;0;0;0;0;0;0;0;0;0;2;0;0;0;0
22/07/2023;11:54:09;144;Sem vítima;70,000;BR-290/RS;Decrescente;Queda de moto;0;0;0;0;0;0;0;0;0;0;1;0;0;0;0
22/07/2023;16:18:02;206;Sem vítima;90,000;BR-290/RS;Crescente;Colisão traseira;0;0;0;0;0;0;0;0;0;0;1;0;0;0;0
22/07/2023;22:02:56;279;Com vítima;75,000;BR-290/RS;Crescente;Colisão transversal;0;0;0;0;0;0;0;0;0;0;1;0;0;0;0
22/07/2023;22:27:43;282;Sem vítima;9,000;BR-101/RS;Crescente;Colisão traseira;0;0;0;0;0;0;0;0;0;0;1;0;0;0;0
23/07/2023;10:38:38;64;Sem vítima;11,000;BR-290/RS;Decrescente;Capotamento;0;0;0;0;0;0;0;0;0;0;1;0;0;0;0
23/07/2023;10:40:35;65;Com vítima;419,000;BR-386/RS;Crescente;Colisão lateral no mesmo sentido;0;0;0;0;0;0;0;0;0;0;1;0;0;1;0
23/07/2023;11:23:38;72;Com vítima;351,000;BR-386/RS;Decrescente;Tombamento;0;0;0;0;0;1;0;0;0;0;0;2;0;0;0
23/07/2023;16:35:47;135;Com vítima;397,000;BR-386/RS;Crescente;Choque;0;0;1;0;0;0;0;0;0;0;0;1;0;0;0
23/07/2023;17:18:28;145;Sem vítima;347,000;BR-386/RS;Crescente;Colisão traseira;0;0;0;0;0;0;0;0;0;0;2;0;0;0;0
23/07/2023;17:30:08;149;Sem vítima;419,000;BR-386/RS;Crescente;Acidentes de outra natureza;0;0;0;0;0;0;0;0;0;0;1;0;0;0;0
23/07/2023;17:52:00;156;Sem vítima;35,000;BR-101/RS;Decrescente;Colisão traseira;0;0;0;0;0;0;0;0;0;0;1;0;0;0;0
23/07/2023;20:20:55;184;Com vítima;88,000;BR-290/RS;Crescente;Atropelamento de pedestre;0;0;0;0;0;0;0;0;0;0;0;1;0;0;0
23/07/2023;21:29:05;194;Sem vítima;10,000;BR-448/RS;Crescente;Acidentes de outra natureza;0;0;0;0;0;0;0;0;0;0;1;0;0;0;0
24/07/2023;03:07:03;10;Sem vítima;336,000;BR-386/RS;Decrescente;Choque;0;0;0;0;0;0;0;0;0;0;1;0;0;0;0
24/07/2023;04:54:47;16;Com vítima;299,000;BR-386/RS;Crescente;Colisão frontal;1;0;0;0;0;0;0;0;0;0;0;1;0;0;0
24/07/2023;07:29:15;56;Sem vítima;14,000;BR-448/RS;Crescente;Acidentes de outra natureza;0;0;0;0;0;0;0;0;0;0;1;0;0;0;0
24/07/2023;07:33:38;59;Com vítima;92,000;BR-290/RS;Decrescente;Queda de moto;0;0;0;0;0;0;0;0;0;0;0;1;0;0;0
24/07/2023;08:08:03;84;Sem vítima;343,000;BR-386/RS;Crescente;Colisão traseira;0;0;1;0;0;0;0;0;0;0;1;0;0;0;0
24/07/2023;10:24:56;154;Sem vítima;94,000;BR-290/RS;Crescente;Colisão lateral no mesmo sentido;0;0;0;0;0;0;0;0;0;0;1;0;0;0;0
24/07/2023;13:20:42;206;Sem vítima;37,000;BR-290/RS;Decrescente;Acidentes de outra natureza;0;0;0;0;0;0;0;0;0;0;1;0;0;0;0
24/07/2023;14:27:27;226;Sem vítima;77,000;BR-290/RS;Decrescente;Colisão lateral no mesmo sentido;0;0;0;0;0;0;0;0;0;0;1;0;0;0;0
24/07/2023;18:03:25;284;Sem vítima;30,000;BR-101/RS;Crescente;Acidentes de outra natureza;0;0;0;0;0;0;0;0;0;0;1;0;0;0;0
24/07/2023;19:22:20;304;Sem vítima;92,000;BR-290/RS;Crescente;Colisão lateral no mesmo sentido;0;0;0;0;0;0;0;0;0;0;1;0;0;0;0
24/07/2023;19:29:11;305;Sem vítima;440,000;BR-386/RS;Decrescente;Acidentes de outra natureza;1;0;0;0;0;0;0;0;0;0;1;0;0;0;0
24/07/2023;20:08:18;312;Sem vítima;232,170;BR-386/RS;Crescente;Acidentes de outra natureza;0;0;0;0;0;0;0;0;0;0;1;0;0;0;0
24/07/2023;20:50:02;320;Sem vítima;346,000;BR-386/RS;Decrescente;Acidentes de outra natureza;0;0;0;0;0;0;0;0;0;0;1;0;0;0;0
24/07/2023;21:19:47;327;Sem vítima;423,000;BR-386/RS;Decrescente;Acidentes de outra natureza;0;0;0;0;0;0;0;0;0;0;1;0;0;0;0
24/07/2023;21:35:05;330;Sem vítima;350,000;BR-386/RS;Decrescente;Engavetamento;0;0;0;0;0;0;0;0;0;0;1;0;0;0;0
25/07/2023;04:28:02;22;Sem vítima;34,000;BR-101/RS;Decrescente;Acidentes de outra natureza;0;0;0;0;0;0;0;0;0;0;1;0;0;0;0
25/07/2023;07:42:07;73;Sem vítima;321,000;BR-386/RS;Crescente;Acidentes de outra natureza;0;0;0;0;0;0;0;0;0;0;1;0;0;0;0
25/07/2023;11:07:49;148;Sem vítima;189,000;BR-386/RS;Crescente;Colisão traseira;0;0;0;0;0;0;0;0;0;0;1;0;0;0;0
25/07/2023;12:53:05;170;Com vítima;238,000;BR-386/RS;Decrescente;Capotamento;0;0;0;0;0;0;0;0;0;0;0;0;1;0;0
25/07/2023;13:57:01;181;Sem vítima;2,000;BR-290/RS;Decrescente;Acidentes de outra natureza;0;0;0;0;0;0;0;0;0;0;1;0;0;0;0
25/07/2023;16:56:59;216;Sem vítima;41,000;BR-101/RS;Crescente;Acidentes de outra natureza;1;0;0;0;0;0;0;0;0;0;1;0;0;0;0
25/07/2023;17:12:45;219;Sem vítima;234,000;BR-386/RS;Crescente;Colisão transversal;0;0;0;0;0;0;0;0;0;0;1;0;0;0;0
25/07/2023;19:22:36;255;Sem vítima;89,000;BR-290/RS;Crescente;Colisão lateral no mesmo sentido;0;0;0;0;0;0;0;0;0;0;1;0;0;0;0
25/07/2023;20:15:14;264;Sem vítima;86,000;BR-290/RS;Crescente;Colisão lateral no mesmo sentido;0;0;0;0;0;0;0;0;0;0;1;0;0;0;0
26/07/2023;06:14:30;314;Sem vítima;368,000;BR-386/RS;Crescente;Colisão traseira;0;0;0;0;0;0;0;0;0;0;1;0;0;0;0
26/07/2023;07:00:46;333;Sem vítima;236,000;BR-386/RS;Decrescente;Colisão traseira;0;0;0;0;0;0;0;0;0;0;2;0;0;0;0
26/07/2023;07:28:33;351;Sem vítima;80,000;BR-290/RS;Crescente;Colisão lateral no mesmo sentido;0;0;0;0;0;0;0;0;0;0;1;0;0;0;0
26/07/2023;08:47:52;391;Sem vítima;359,000;BR-386/RS;Decrescente;Acidentes de outra natureza;1;0;0;0;0;0;0;0;0;0;1;0;0;0;0
26/07/2023;11:31:13;444;Sem vítima;252,000;BR-386/RS;Decrescente;Colisão traseira;0;0;0;0;0;0;0;0;0;0;1;0;0;0;0
26/07/2023;12:26:59;453;Sem vítima;426,000;BR-386/RS;Crescente;Colisão lateral no mesmo sentido;1;0;0;0;0;0;0;0;0;0;1;0;0;0;0
26/07/2023;17:10:40;516;Com vítima;266,000;BR-386/RS;Decrescente;Capotamento;1;0;0;0;0;0;0;0;0;0;0;0;1;0;0
26/07/2023;17:56:20;529;Com vítima;438,000;BR-386/RS;Decrescente;Acidentes de outra natureza;0;0;0;0;0;0;0;0;0;0;0;1;0;0;0
26/07/2023;20:47:44;552;Sem vítima;1,000;BR-290/RS;Decrescente;Acidentes de outra natureza;0;0;0;0;0;0;0;0;0;0;1;0;0;0;0
27/07/2023;00:09:26;1;Sem vítima;96,000;BR-290/RS;Crescente;Colisão frontal;0;0;0;0;0;0;0;0;0;0;1;0;0;0;0
27/07/2023;06:36:45;13;Sem vítima;82,000;BR-290/RS;Decrescente;Colisão lateral no mesmo sentido;0;0;0;0;0;0;0;0;0;0;1;0;0;0;0
27/07/2023;07:38:47;42;Sem vítima;91,000;BR-290/RS;Crescente;Colisão traseira;0;0;0;0;0;0;0;0;0;0;1;0;0;0;0
27/07/2023;08:15:56;63;Com vítima;82,560;BR-290/RS;Decrescente;Engavetamento;0;0;0;0;0;0;0;0;0;0;0;1;0;0;0
27/07/2023;16:02:28;187;Com vítima;350,000;BR-386/RS;Crescente;Atropelamento de pedestre;0;0;0;0;0;0;0;0;0;0;0;0;1;0;0
27/07/2023;16:48:15;196;Sem vítima;310,000;BR-386/RS;Crescente;Colisão traseira;0;0;0;0;0;0;0;0;0;0;1;0;0;0;0
27/07/2023;18:17:14;214;Sem vítima;92,000;BR-290/RS;Crescente;Tombamento;0;0;0;0;0;0;0;0;0;0;1;0;0;0;0
27/07/2023;19:19:54;221;Sem vítima;388,000;BR-386/RS;Crescente;Atropelamento de animal;0;0;0;0;0;0;0;0;0;0;0;0;0;0;0
27/07/2023;20:38:46;232;Sem vítima;19,000;BR-101/RS;Decrescente;Colisão lateral no mesmo sentido;0;0;0;0;0;0;0;0;0;0;1;0;0;0;0
27/07/2023;22:05:16;244;Com vítima;13,000;BR-448/RS;Crescente;Queda de moto;0;0;0;0;0;0;0;0;0;0;0;0;1;0;0
28/07/2023;00:14:05;1;Com vítima;399,000;BR-386/RS;Decrescente;Acidentes de outra natureza;0;0;0;0;0;0;0;0;0;0;1;0;0;0;0
28/07/2023;05:01:27;17;Sem vítima;406,000;BR-386/RS;Crescente;Acidentes de outra natureza;0;0;0;0;1;0;0;0;0;0;1;0;0;0;0
28/07/2023;06:35:34;30;Sem vítima;88,000;BR-290/RS;Decrescente;Colisão lateral no mesmo sentido;0;0;0;0;0;0;0;0;0;0;1;0;0;0;0
28/07/2023;07:53:57;61;Sem vítima;255,000;BR-386/RS;Crescente;Acidentes de outra natureza;0;0;0;0;0;0;0;0;0;0;1;0;0;0;0
28/07/2023;09:55:46;103;Sem vítima;350,000;BR-386/RS;Decrescente;Colisão lateral no mesmo sentido;0;0;0;0;0;0;0;0;0;0;1;0;0;0;0
28/07/2023;11:40:53;131;Sem vítima;9,000;BR-290/RS;Crescente;Queda de moto;0;0;0;0;0;0;0;0;0;0;1;0;0;0;0
28/07/2023;15:51:36;203;Com vítima;385,000;BR-386/RS;Decrescente;Colisão traseira;0;0;0;0;0;0;0;0;0;0;1;0;0;0;0
28/07/2023;18:45:49;247;Com vítima;6,000;BR-290/RS;Decrescente;Capotamento;0;0;0;0;0;0;0;0;0;0;0;0;1;0;0
28/07/2023;19:57:55;257;Sem vítima;435,000;BR-386/RS;Crescente;Colisão traseira;0;0;0;0;0;0;0;0;0;0;1;0;0;0;0
28/07/2023;20:13:09;260;Sem vítima;352,000;BR-386/RS;Decrescente;Acidentes de outra natureza;0;0;0;0;0;0;0;0;0;0;1;0;0;0;0
29/07/2023;06:39:03;29;Sem vítima;78,000;BR-290/RS;Decrescente;Choque;0;0;0;0;0;0;0;0;0;0;1;0;0;0;0
29/07/2023;15:04:20;154;Sem vítima;95,000;BR-290/RS;Decrescente;Colisão traseira;0;0;0;0;0;0;0;0;0;0;1;0;0;0;0
30/07/2023;06:24:52;29;Com vítima;248,000;BR-386/RS;Crescente;Atropelamento de animal;0;0;0;0;0;0;0;0;0;0;0;0;1;0;0
30/07/2023;08:18:31;51;Com vítima;74,000;BR-101/RS;Decrescente;Acidentes de outra natureza;0;0;0;0;0;0;0;0;0;0;1;0;0;0;0
30/07/2023;12:39:04;85;Com vítima;362,000;BR-386/RS;Crescente;Colisão lateral no mesmo sentido;0;0;0;0;0;0;0;0;0;0;1;0;0;0;0
30/07/2023;14:04:27;100;Sem vítima;20,000;BR-448/RS;Crescente;Queda de moto;0;0;0;1;0;0;0;0;0;0;1;0;0;0;0
30/07/2023;15:05:49;108;Sem vítima;21,380;BR-290/RS;Decrescente;Acidentes de outra natureza;0;0;0;0;0;0;0;0;0;0;0;0;0;0;0
30/07/2023;16:31:10;125;Sem vítima;333,000;BR-386/RS;Crescente;Colisão traseira;0;0;0;0;0;0;0;0;0;0;0;0;0;0;0
30/07/2023;19:48:59;186;Sem vítima;216,000;BR-386/RS;Crescente;Capotamento;0;0;0;0;0;0;0;0;0;0;0;0;0;0;0
30/07/2023;21:21:49;204;Sem vítima;374,000;BR-386/RS;Crescente;Colisão traseira;0;0;0;0;0;0;0;0;0;0;0;0;0;0;0
30/07/2023;22:43:04;211;Sem vítima;326,000;BR-386/RS;Crescente;Colisão lateral no mesmo sentido;0;0;0;0;0;0;0;0;0;0;0;0;0;0;0
30/07/2023;23:04:51;214;Com vítima;350,000;BR-386/RS;Crescente;Choque;0;0;0;0;0;0;0;0;0;0;0;0;0;0;0
31/07/2023;12:08:07;173;Sem vítima;245,000;BR-386/RS;Decrescente;Colisão lateral no mesmo sentido;0;0;0;0;0;0;0;0;0;0;0;0;0;0;0
31/07/2023;14:55:49;216;Com vítima;351,000;BR-386/RS;Crescente;Queda de moto;0;0;0;0;0;0;0;0;0;0;0;0;0;0;0