data;horario;n_da_ocorrencia;tipo_de_ocorrencia;km;trecho;sentido;tipo_de_acidente;automovel;bicicleta;caminhao;moto;onibus;outros;tracao_animal;transporte_de_cargas_especiais;trator_maquinas;utilitarios;ilesos;levemente_feridos;moderadamente_feridos;gravemente_feridos;mortos
31/07/2023;18:40:38;256;Sem vítima;354,000;BR-386/RS;Decrescente;Colisão transversal;0;0;0;0;0;0;0;0;0;0;0;0;0;0;0
01/08/2023;08:08:08;83;Sem vítima;20,000;BR-448/RS;Crescente;Colisão traseira;0;0;0;0;0;0;0;0;0;0;1;0;0;0;0
01/08/2023;10:26:23;144;Sem vítima;85,000;BR-290/RS;Crescente;Choque;0;0;0;0;0;0;0;0;0;0;1;0;0;0;0
01/08/2023;17:01:26;222;Sem vítima;435,000;BR-386/RS;Crescente;Colisão traseira;1;0;0;0;0;0;0;0;0;0;0;0;0;0;0
01/08/2023;17:38:38;228;Com vítima;79,000;BR-290/RS;Crescente;Acidentes de outra natureza;0;0;0;0;0;0;0;0;0;0;0;1;0;0;0
02/08/2023;11:40:10;142;Com vítima;38,000;BR-290/RS;Decrescente;Choque;1;0;0;0;0;0;0;0;0;0;0;0;0;0;0
02/08/2023;15:42:01;185;Sem vítima;318,000;BR-386/RS;Crescente;Acidentes de outra natureza;0;0;0;0;0;0;0;0;0;0;1;0;0;0;0
02/08/2023;16:48:30;197;Sem vítima;421,000;BR-386/RS;Decrescente;Engavetamento;0;0;0;0;0;0;0;0;0;0;2;0;0;0;0
02/08/2023;18:07:02;218;Sem vítima;345,500;BR-386/RS;Decrescente;Colisão lateral no mesmo sentido;1;0;0;0;0;0;0;0;0;0;0;0;0;0;0
02/08/2023;18:16:39;221;Sem vítima;341,000;BR-386/RS;Crescente;Colisão traseira;0;0;0;0;0;0;0;0;0;0;2;0;0;0;0
02/08/2023;19:33:07;231;Sem vítima;411,000;BR-386/RS;Crescente;Colisão traseira;0;0;0;0;0;0;0;0;0;0;1;0;0;0;0
02/08/2023;20:56:12;238;Sem vítima;270,000;BR-386/RS;Crescente;Choque;0;0;0;0;0;0;0;0;0;0;1;0;0;0;0
03/08/2023;03:16:28;11;Sem vítima;64,600;BR-290/RS;Crescente;Acidentes de outra natureza;0;0;0;0;0;0;0;0;0;0;0;0;0;0;0
03/08/2023;03:49:29;13;Sem vítima;440,350;BR-386/RS;Crescente;Atropelamento de animal;0;0;0;0;0;0;0;0;0;0;0;0;0;0;0
03/08/2023;06:04:31;22;Sem vítima;351,250;BR-386/RS;Decrescente;Colisão lateral no mesmo sentido;0;0;0;0;0;0;0;0;0;0;0;0;0;0;0
03/08/2023;16:09:18;202;Sem vítima;81,800;BR-290/RS;Crescente;Choque;0;0;0;0;0;0;0;0;0;0;0;0;0;0;0
03/08/2023;17:29:49;210;Sem vítima;223,200;BR-386/RS;Decrescente;Engavetamento;0;0;0;0;0;0;0;0;0;0;0;0;0;0;0
03/08/2023;18:02:23;218;Sem vítima;353,000;BR-386/RS;Decrescente;Acidentes de outra natureza;0;0;0;0;0;0;0;0;0;0;0;0;0;0;0
03/08/2023;18:45:08;227;Com vítima;218,200;BR-386/RS;Decrescente;Engavetamento;0;0;0;0;0;0;0;0;0;0;0;0;0;0;0
03/08/2023;20:23:37;248;Sem vítima;344,700;BR-386/RS;Decrescente;Acidentes de outra natureza;0;0;0;0;0;0;0;0;0;0;0;0;0;0;0
03/08/2023;21:53:19;264;Sem vítima;298,000;BR-386/RS;Crescente;Acidentes de outra natureza;0;0;0;0;0;0;0;0;0;0;1;0;0;0;0
04/08/2023;01:18:03;14;Com vítima;438,950;BR-386/RS;Crescente;Colisão lateral no mesmo sentido;0;0;0;0;0;0;0;0;0;0;1;0;0;0;1
04/08/2023;05:41:00;26;Sem vítima;18,300;BR-448/RS;Decrescente;Capotamento;0;0;0;0;0;0;0;0;0;0;1;0;0;0;0
04/08/2023;07:05:39;56;Sem vítima;82,070;BR-290/RS;Decrescente;Engavetamento;0;0;0;0;0;0;0;0;0;0;1;0;0;0;0
04/08/2023;11:14:51;143;Sem vítima;180,000;BR-386/RS;Crescente;Acidentes de outra natureza;0;0;1;0;0;0;0;0;0;0;0;0;0;0;0
04/08/2023;12:12:05;156;Sem vítima;247,400;BR-386/RS;Crescente;Choque;0;0;0;0;0;0;0;0;0;0;1;0;0;0;0
04/08/2023;14:24:55;183;Sem vítima;27,510;BR-290/RS;Crescente;Acidentes de outra natureza;0;0;0;0;0;0;0;0;0;0;1;0;0;0;0
04/08/2023;15:21:27;197;Com vítima;440,900;BR-386/RS;Crescente;Acidentes de outra natureza;0;0;1;0;0;0;0;0;0;0;0;0;0;0;1
05/08/2023;04:31:03;14;Com vítima;318,000;BR-386/RS;Crescente;Choque;0;0;0;0;0;0;0;0;0;0;0;0;0;0;0
05/08/2023;06:43:01;20;Com vítima;296,000;BR-386/RS;Decrescente;Acidentes de outra natureza;0;0;0;0;0;0;0;0;0;0;0;0;0;0;0
05/08/2023;07:27:52;33;Sem vítima;85,000;BR-290/RS;Crescente;Capotamento;0;0;0;0;0;0;0;0;0;0;0;0;0;0;0
05/08/2023;11:58:57;112;Sem vítima;317,500;BR-386/RS;Crescente;Colisão lateral no mesmo sentido;0;0;0;0;0;0;0;0;0;0;0;0;0;0;0
05/08/2023;16:19:35;160;Com vítima;342,000;BR-386/RS;Decrescente;Colisão transversal;0;0;0;0;0;0;0;0;0;0;0;0;0;0;0
06/08/2023;04:01:00;5;Sem vítima;65,000;BR-290/RS;Decrescente;Acidentes de outra natureza;0;0;0;0;0;0;0;0;0;0;0;0;0;0;0
06/08/2023;06:35:23;19;Sem vítima;86,000;BR-290/RS;Crescente;Colisão lateral no mesmo sentido;0;0;0;0;0;0;0;0;0;0;0;0;0;0;0
06/08/2023;07:53:47;34;Sem vítima;417,000;BR-386/RS;Decrescente;Acidentes de outra natureza;0;0;0;0;0;0;0;0;0;0;0;0;0;0;0
06/08/2023;18:11:43;147;Sem vítima;362,380;BR-386/RS;Crescente;Colisão lateral no mesmo sentido;0;0;0;0;0;0;0;0;0;0;0;0;0;0;0
06/08/2023;19:21:07;166;Com vítima;80,000;BR-290/RS;Decrescente;Acidentes de outra natureza;0;0;0;0;0;0;0;0;0;0;0;0;0;0;0
06/08/2023;19:55:27;174;Sem vítima;20,120;BR-448/RS;Crescente;Choque;0;0;0;0;0;0;0;0;0;0;0;0;0;0;0
06/08/2023;22:11:00;192;Sem vítima;280,000;BR-386/RS;Decrescente;Colisão lateral no mesmo sentido;1;0;0;0;0;0;0;0;0;0;1;0;0;0;0
07/08/2023;03:58:02;8;Sem vítima;91,000;BR-290/RS;Crescente;Colisão lateral no mesmo sentido;0;0;0;0;0;0;0;0;0;0;1;0;0;0;0
07/08/2023;05:36:04;12;Sem vítima;11,000;BR-290/RS;Decrescente;Acidentes de outra natureza;0;0;0;0;0;0;0;0;0;0;1;0;0;0;0
07/08/2023;07:42:03;65;Sem vítima;343,000;BR-386/RS;Decrescente;Queda de moto;0;0;0;0;0;0;0;0;0;0;0;0;0;0;0
07/08/2023;08:55:55;98;Sem vítima;385,300;BR-386/RS;Crescente;Colisão lateral no mesmo sentido;0;0;0;0;0;0;0;0;0;0;1;0;0;0;0
07/08/2023;09:57:04;116;Com vítima;384,100;BR-386/RS;Crescente;Colisão traseira;0;0;0;0;0;0;0;0;0;0;1;0;0;0;0
07/08/2023;11:09:39;128;Sem vítima;396,500;BR-386/RS;Decrescente;Acidentes de outra natureza;0;0;0;0;0;0;0;0;0;0;1;0;0;0;0
07/08/2023;11:35:51;134;Com vítima;79,190;BR-290/RS;Decrescente;Acidentes de outra natureza;1;0;0;0;0;0;0;0;0;0;0;0;1;0;0
07/08/2023;11:36:00;135;Sem vítima;17,200;BR-448/RS;Crescente;Acidentes de outra natureza;0;0;0;0;0;0;0;0;0;0;1;0;0;0;0
07/08/2023;11:38:15;136;Sem vítima;22,000;BR-290/RS;Decrescente;Acidentes de outra natureza;0;0;0;0;0;0;0;0;0;0;1;0;0;0;0
07/08/2023;12:08:30;141;Com vítima;241,300;BR-386/RS;Decrescente;Capotamento;0;0;0;0;0;0;0;0;0;0;0;1;0;0;0
07/08/2023;12:46:36;150;Com vítima;305,130;BR-386/RS;Crescente;Tombamento;0;0;0;0;0;0;0;0;0;0;0;0;1;0;0
07/08/2023;14:13:22;157;Com vítima;329,040;BR-386/RS;Crescente;Acidentes de outra natureza;0;0;0;0;0;0;0;0;0;0;1;0;0;0;0
07/08/2023;15:28:18;171;Sem vítima;92,000;BR-290/RS;Crescente;Queda de moto;0;0;0;0;0;0;0;0;0;0;1;0;0;0;0
08/08/2023;07:49:15;72;Com vítima;220,050;BR-386/RS;Crescente;Colisão lateral no mesmo sentido;0;0;1;0;0;0;0;0;0;0;0;1;0;0;0
08/08/2023;08:02:09;81;Sem vítima;428,200;BR-386/RS;Crescente;Choque;0;0;0;0;0;0;0;0;0;0;1;0;0;0;0
08/08/2023;11:21:36;142;Com vítima;237,310;BR-386/RS;Decrescente;Colisão traseira;0;0;0;0;0;0;0;0;0;0;0;1;0;0;0
08/08/2023;17:49:03;227;Sem vítima;21,200;BR-448/RS;Decrescente;Colisão lateral no mesmo sentido;0;0;0;0;0;0;0;0;0;0;1;0;0;0;0
08/08/2023;18:15:49;232;Sem vítima;82,600;BR-290/RS;Crescente;Colisão frontal;0;0;0;0;0;0;0;0;0;0;1;0;0;0;0
08/08/2023;18:44:08;239;Com vítima;32,300;BR-101/RS;Crescente;Colisão frontal;1;0;0;0;0;0;0;0;0;0;0;1;0;0;0
09/08/2023;03:21:52;15;Sem vítima;380,900;BR-386/RS;Crescente;Choque;0;0;0;0;0;0;0;0;0;0;1;0;0;0;0
09/08/2023;09:11:29;116;Com vítima;226,500;BR-386/RS;Decrescente;Colisão frontal;0;0;0;0;0;0;0;0;0;0;1;0;0;0;0
09/08/2023;12:02:18;152;Sem vítima;218,100;BR-386/RS;Crescente;Engavetamento;0;0;0;0;0;0;0;0;0;0;1;0;0;0;0
09/08/2023;18:18:12;203;Sem vítima;91,000;BR-290/RS;Crescente;Choque;0;0;0;0;0;0;0;0;0;0;1;0;0;0;0
09/08/2023;19:19:59;215;Com vítima;75,000;BR-290/RS;Crescente;Queda de moto;0;0;0;0;0;0;0;0;0;0;0;1;0;0;0
09/08/2023;19:52:43;225;Sem vítima;307,220;BR-386/RS;Decrescente;Acidentes de outra natureza;0;0;0;0;0;0;0;0;0;0;1;0;0;0;0
09/08/2023;21:03:00;239;Sem vítima;9,000;BR-448/RS;Decrescente;Acidentes de outra natureza;1;0;0;0;0;0;0;0;0;0;1;0;0;0;0
09/08/2023;23:53:37;259;Sem vítima;70,570;BR-101/RS;Crescente;Capotamento;0;0;0;0;0;0;0;0;0;0;1;0;0;0;0
10/08/2023;07:16:54;39;Sem vítima;75,000;BR-290/RS;Crescente;Colisão traseira;0;0;0;0;0;0;0;0;0;0;1;0;0;0;0
10/08/2023;12:27:00;162;Sem vítima;14,900;BR-448/RS;Decrescente;Choque;0;0;0;0;0;0;0;0;0;0;1;0;0;0;0
10/08/2023;12:54:25;172;Sem vítima;47,100;BR-290/RS;Decrescente;Colisão lateral no mesmo sentido;0;0;0;0;0;0;0;0;0;0;1;0;0;0;0
10/08/2023;14:23:54;198;Sem vítima;270,200;BR-386/RS;Decrescente;Colisão lateral no mesmo sentido;0;0;0;0;0;0;0;0;0;0;1;0;0;0;0
10/08/2023;14:58:05;204;Sem vítima;342,400;BR-386/RS;Decrescente;Colisão lateral no mesmo sentido;0;0;0;0;0;0;0;0;0;0;1;0;0;0;0
10/08/2023;15:30:42;210;Sem vítima;308,000;BR-386/RS;Decrescente;Choque;0;0;0;0;0;0;0;0;0;0;1;0;0;0;0
10/08/2023;15:41:17;214;Com vítima;95,100;BR-290/RS;Crescente;Queda de moto;0;0;0;1;0;0;0;0;0;0;0;1;0;0;0
10/08/2023;18:38:47;243;Sem vítima;70,070;BR-290/RS;Crescente;Acidentes de outra natureza;0;0;0;0;0;0;0;0;0;0;1;0;0;0;0
10/08/2023;20:57:32;274;Com vítima;445,240;BR-386/RS;Crescente;Atropelamento de animal;0;0;0;0;0;0;0;0;0;0;1;0;0;0;0
11/08/2023;00:33:40;3;Sem vítima;221,180;BR-386/RS;Crescente;Colisão traseira;0;0;0;0;0;0;0;0;0;0;1;0;0;0;0
11/08/2023;04:04:45;17;Sem vítima;405,000;BR-386/RS;Decrescente;Acidentes de outra natureza;1;0;0;0;0;0;0;0;0;0;1;0;0;0;0
11/08/2023;08:08:56;77;Sem vítima;86,300;BR-290/RS;Decrescente;Colisão lateral no mesmo sentido;0;0;0;0;0;0;0;0;0;0;1;0;0;0;0
11/08/2023;12:01:39;150;Com vítima;15,900;BR-101/RS;Decrescente;Queda de moto;0;0;0;0;0;0;0;0;0;0;1;0;1;0;0
11/08/2023;14:50:18;186;Sem vítima;280,130;BR-386/RS;Decrescente;Colisão traseira;0;0;0;0;0;0;0;0;0;0;1;0;0;0;0
11/08/2023;17:15:08;228;Com vítima;15,000;BR-448/RS;Decrescente;Engavetamento;0;0;0;0;0;0;0;0;0;0;0;0;1;0;0
11/08/2023;18:43:36;248;Sem vítima;50,250;BR-290/RS;Decrescente;Acidentes de outra natureza;0;0;0;0;0;0;0;0;0;0;1;0;0;0;0
11/08/2023;20:03:38;264;Sem vítima;436,000;BR-386/RS;Decrescente;Choque;0;0;0;0;0;0;0;0;0;0;1;0;0;0;0
11/08/2023;20:41:38;273;Sem vítima;71,090;BR-101/RS;Crescente;Acidentes de outra natureza;0;0;0;0;0;0;0;0;0;0;1;0;0;0;0
11/08/2023;22:41:45;293;Sem vítima;337,000;BR-386/RS;Decrescente;Acidentes de outra natureza;0;0;0;0;0;0;0;0;0;0;1;0;0;0;0
11/08/2023;23:35:32;299;Sem vítima;417,000;BR-386/RS;Crescente;Acidentes de outra natureza;0;0;0;0;0;0;0;0;0;0;1;0;0;0;0
12/08/2023;05:43:17;28;Sem vítima;6,000;BR-448/RS;Decrescente;Colisão lateral no mesmo sentido;0;0;0;0;0;0;0;0;0;0;1;0;0;0;0
12/08/2023;09:58:28;63;Sem vítima;6,510;BR-290/RS;Crescente;Acidentes de outra natureza;1;0;0;0;0;0;0;0;0;0;1;0;0;0;0
12/08/2023;10:23:50;72;Sem vítima;60,350;BR-290/RS;Crescente;Colisão traseira;0;0;0;0;0;0;0;0;0;0;1;0;0;0;0
12/08/2023;11:56:32;89;Sem vítima;386,000;BR-386/RS;Decrescente;Colisão lateral no mesmo sentido;0;0;0;0;0;0;0;0;0;0;2;0;0;0;0
12/08/2023;15:16:00;121;Sem vítima;426,000;BR-386/RS;Crescente;Colisão traseira;0;0;0;0;0;0;0;0;0;0;1;0;0;0;0
12/08/2023;18:42:05;145;Sem vítima;346,000;BR-386/RS;Decrescente;Colisão traseira;0;0;0;0;0;0;0;0;0;0;1;0;0;0;0
12/08/2023;20:33:58;158;Com vítima;296,100;BR-386/RS;Decrescente;Queda de moto;0;0;0;0;0;0;0;0;0;0;0;0;1;0;0
13/08/2023;01:25:22;12;Sem vítima;29,050;BR-290/RS;Crescente;Acidentes de outra natureza;0;0;0;0;0;0;0;0;0;0;0;0;0;0;0
13/08/2023;03:47:59;20;Com vítima;355,000;BR-386/RS;Decrescente;Acidentes de outra natureza;0;0;0;0;0;0;0;0;0;0;0;0;0;0;0
13/08/2023;04:49:22;23;Com vítima;46,080;BR-290/RS;Crescente;Colisão traseira;0;0;0;0;0;0;0;0;0;0;0;0;0;0;0
13/08/2023;07:25:36;31;Com vítima;304,000;BR-386/RS;Crescente;Acidentes de outra natureza;0;0;0;0;0;0;0;0;0;0;0;0;0;0;0
13/08/2023;10:52:19;59;Sem vítima;23,300;BR-290/RS;Crescente;Acidentes de outra natureza;0;0;0;0;0;0;0;0;0;0;0;0;0;0;0
13/08/2023;17:08:02;117;Sem vítima;358,000;BR-386/RS;Crescente;Choque;0;0;0;0;0;0;0;0;0;0;0;0;0;0;0
13/08/2023;19:39:41;149;Com vítima;362,000;BR-386/RS;Decrescente;Queda de moto;0;0;0;0;0;0;0;0;0;0;0;0;0;0;0
13/08/2023;19:47:39;154;Com vítima;11,000;BR-448/RS;Crescente;Colisão traseira;0;0;0;0;0;0;0;0;0;0;0;0;0;0;0
13/08/2023;20:37:16;165;Com vítima;343,000;BR-386/RS;Decrescente;Colisão traseira;0;0;0;0;0;0;0;0;0;0;0;0;0;0;0
13/08/2023;23:06:51;180;Sem vítima;272,000;BR-386/RS;Decrescente;Acidentes de outra natureza;0;0;0;0;0;0;0;0;0;0;1;0;0;0;0
14/08/2023;01:38:26;7;Com vítima;417,520;BR-386/RS;Decrescente;Colisão frontal;0;0;0;0;0;0;0;0;0;0;0;1;0;0;0
14/08/2023;09:59:13;120;Sem vítima;214,900;BR-386/RS;Decrescente;Colisão traseira;0;0;0;0;0;0;0;0;0;0;2;0;0;0;0
14/08/2023;13:26:53;163;Sem vítima;215,000;BR-386/RS;Crescente;Colisão traseira;0;0;0;0;0;0;0;0;0;0;2;0;0;0;0
15/08/2023;06:37:24;16;Com vítima;346,020;BR-386/RS;Crescente;Atropelamento de pedestre;0;0;0;0;0;0;0;0;0;0;0;0;0;0;1
15/08/2023;15:13:50;180;Sem vítima;90,000;BR-290/RS;Crescente;Queda de moto;0;0;0;0;0;0;0;0;0;0;1;0;0;0;0
15/08/2023;20:19:00;228;Com vítima;91,000;BR-290/RS;Decrescente;Queda de moto;0;0;0;1;0;0;0;0;0;0;0;2;0;0;0
15/08/2023;20:37:46;231;Com vítima;80,000;BR-290/RS;Crescente;Choque;1;0;0;0;0;0;0;0;0;0;0;2;0;0;0
15/08/2023;23:09:30;245;Com vítima;76,560;BR-290/RS;Decrescente;Acidentes de outra natureza;0;0;0;0;0;0;0;0;0;0;1;1;0;0;0
16/08/2023;06:11:26;18;Sem vítima;86,000;BR-290/RS;Decrescente;Colisão traseira;0;0;0;0;0;0;0;0;0;0;1;0;0;0;0
16/08/2023;13:08:13;176;Sem vítima;432,000;BR-386/RS;Crescente;Colisão traseira;0;0;0;0;0;0;0;0;0;0;1;0;0;0;0
16/08/2023;13:57:26;187;Sem vítima;414,000;BR-386/RS;Crescente;Colisão traseira;0;0;0;0;0;0;0;0;0;0;1;0;0;0;0
16/08/2023;18:40:19;252;Sem vítima;394,000;BR-386/RS;Crescente;Acidentes de outra natureza;1;0;0;0;0;0;0;0;0;0;0;0;0;0;0
16/08/2023;19:55:26;259;Com vítima;16,000;BR-448/RS;Decrescente;Choque;0;0;0;0;0;0;0;0;0;0;0;0;1;0;0
16/08/2023;20:03:15;262;Sem vítima;16,000;BR-448/RS;Decrescente;Choque;1;0;0;0;0;0;0;0;0;0;1;0;0;0;0
17/08/2023;14:51:17;223;Sem vítima;86,000;BR-290/RS;Decrescente;Colisão traseira;0;0;0;0;0;0;0;0;0;0;2;0;0;0;0
17/08/2023;15:38:19;244;Sem vítima;51,000;BR-290/RS;Decrescente;Choque;0;0;0;0;0;0;0;0;0;0;2;0;0;0;0
17/08/2023;16:04:51;251;Sem vítima;336,000;BR-386/RS;Decrescente;Colisão traseira;1;0;0;0;0;0;0;0;0;0;2;0;0;0;0
17/08/2023;18:27:57;296;Sem vítima;350,000;BR-386/RS;Crescente;Acidentes de outra natureza;0;0;0;0;0;0;0;0;0;0;1;0;0;0;0
17/08/2023;18:32:51;298;Sem vítima;342,000;BR-386/RS;Decrescente;Colisão traseira;0;0;0;0;0;0;0;0;0;0;1;0;0;0;0
17/08/2023;18:36:51;300;Sem vítima;65,000;BR-290/RS;Decrescente;Acidentes de outra natureza;0;0;1;0;0;0;0;0;0;0;1;0;0;0;0
17/08/2023;19:31:23;314;Com vítima;24,260;BR-101/RS;Crescente;Colisão traseira;0;0;0;0;0;0;0;0;0;0;1;0;1;0;0
18/08/2023;06:16:41;31;Com vítima;69,000;BR-290/RS;Decrescente;Colisão traseira;0;0;0;0;0;0;0;0;0;0;1;0;0;0;0
18/08/2023;09:45:38;126;Com vítima;91,800;BR-290/RS;Crescente;Colisão traseira;0;0;0;0;0;0;0;0;0;0;0;1;0;0;0
18/08/2023;13:23:26;166;Com vítima;436,000;BR-386/RS;Crescente;Colisão traseira;0;0;0;0;0;0;0;0;0;0;1;0;0;0;0
18/08/2023;14:18:15;178;Sem vítima;265,000;BR-386/RS;Decrescente;Colisão lateral no mesmo sentido;0;0;0;0;0;0;0;0;0;0;1;0;0;0;0
18/08/2023;14:55:17;184;Sem vítima;376,000;BR-386/RS;Crescente;Choque;0;0;0;0;0;0;0;0;0;0;0;0;0;0;0
18/08/2023;14:57:22;186;Sem vítima;35,000;BR-101/RS;Decrescente;Colisão traseira;0;0;0;0;0;0;0;0;0;0;0;0;0;0;0
18/08/2023;16:34:53;208;Com vítima;309,100;BR-386/RS;Decrescente;Colisão traseira;0;0;0;0;0;0;0;0;0;0;0;0;0;0;0
18/08/2023;17:55:04;222;Sem vítima;95,000;BR-290/RS;Crescente;Acidentes de outra natureza;0;0;0;0;0;0;0;0;0;0;0;0;0;0;0
18/08/2023;18:06:01;225;Sem vítima;343,300;BR-386/RS;Decrescente;Colisão traseira;0;0;0;0;0;0;0;0;0;0;1;0;0;0;0
18/08/2023;19:20:44;239;Com vítima;214,600;BR-386/RS;Decrescente;Queda de moto;0;0;0;0;0;0;0;0;0;0;0;0;0;0;0
18/08/2023;20:11:20;248;Sem vítima;63,000;BR-290/RS;Crescente;Choque;0;0;0;0;0;0;0;0;0;0;0;0;0;0;0
19/08/2023;02:44:06;9;Sem vítima;57,600;BR-290/RS;Decrescente;Acidentes de outra natureza;0;0;0;0;0;0;0;0;0;0;1;0;0;0;0
19/08/2023;04:37:03;12;Sem vítima;12,600;BR-290/RS;Decrescente;Acidentes de outra natureza;1;0;0;0;0;0;0;0;0;0;1;0;0;0;0
19/08/2023;05:48:54;17;Sem vítima;34,000;BR-290/RS;Crescente;Acidentes de outra natureza;0;0;0;0;0;0;0;0;0;0;1;0;0;0;0
19/08/2023;17:38:38;142;Com vítima;432,510;BR-386/RS;Crescente;Engavetamento;0;0;0;0;0;0;0;0;0;0;0;0;1;0;0
19/08/2023;19:38:17;160;Sem vítima;43,400;BR-101/RS;Decrescente;Colisão traseira;0;0;0;0;0;0;0;0;0;0;0;0;0;0;0
19/08/2023;21:14:40;176;Com vítima;429,590;BR-386/RS;Decrescente;Queda de moto;0;0;0;0;0;0;0;0;0;0;0;0;0;0;0
20/08/2023;06:01:37;16;Sem vítima;45,280;BR-290/RS;Decrescente;Colisão traseira;0;0;0;0;0;0;0;0;0;0;1;0;0;0;0
20/08/2023;06:23:29;19;Com vítima;441,360;BR-386/RS;Decrescente;Atropelamento de animal;0;0;0;0;0;0;0;0;0;0;0;0;0;0;0
20/08/2023;15:25:31;86;Sem vítima;70,100;BR-101/RS;Decrescente;Colisão traseira;0;0;0;0;0;0;0;0;0;0;0;0;0;0;0
20/08/2023;16:59:47;99;Sem vítima;415,000;BR-386/RS;Crescente;Choque;0;0;0;0;0;0;0;0;0;0;0;0;0;0;0
20/08/2023;17:26:26;104;Com vítima;343,000;BR-386/RS;Decrescente;Colisão lateral no mesmo sentido;0;0;0;0;0;0;0;0;0;0;0;0;0;0;0
20/08/2023;20:33:07;144;Sem vítima;412,000;BR-386/RS;Decrescente;Choque;0;0;0;0;0;0;0;0;0;0;0;0;0;0;0
21/08/2023;03:55:43;9;Sem vítima;39,200;BR-101/RS;Crescente;Choque;0;0;0;0;0;0;0;0;0;0;0;0;0;0;0
21/08/2023;08:15:57;87;Sem vítima;95,000;BR-290/RS;Decrescente;Colisão traseira;0;0;0;0;0;0;0;0;0;0;0;0;0;0;0
21/08/2023;12:20:12;169;Sem vítima;19,000;BR-290/RS;Decrescente;Choque;0;0;0;0;0;0;0;0;0;0;0;0;0;0;0
21/08/2023;14:43:14;207;Sem vítima;180,700;BR-386/RS;Decrescente;Engavetamento;0;0;0;0;0;0;0;0;0;0;0;0;0;0;0
21/08/2023;19:57:01;277;Sem vítima;75,450;BR-101/RS;Crescente;Acidentes de outra natureza;0;0;0;0;0;0;0;0;0;0;0;0;0;0;0
22/08/2023;09:46:10;141;Sem vítima;25,000;BR-290/RS;Crescente;Choque;0;0;0;0;0;0;0;0;0;0;0;0;0;0;0
22/08/2023;10:23:58;148;Sem vítima;329,000;BR-386/RS;Decrescente;Colisão lateral no mesmo sentido;0;0;0;0;0;0;0;0;0;0;0;0;0;0;0
22/08/2023;10:59:23;161;Sem vítima;344,000;BR-386/RS;Decrescente;Colisão traseira;0;0;0;0;0;0;0;0;0;0;0;0;0;0;0
22/08/2023;14:16:19;208;Sem vítima;53,000;BR-290/RS;Crescente;Acidentes de outra natureza;0;0;0;0;0;0;0;0;0;0;0;0;0;0;0
22/08/2023;14:25:05;212;Com vítima;88,000;BR-290/RS;Crescente;Acidentes de outra natureza;0;0;0;0;0;0;0;0;0;0;0;0;0;0;0
22/08/2023;17:51:35;260;Com vítima;355,000;BR-386/RS;Crescente;Acidentes de outra natureza;0;0;0;0;0;0;0;0;0;0;0;0;0;0;0
22/08/2023;20:57:17;295;Sem vítima;94,250;BR-290/RS;Decrescente;Choque;0;0;0;0;0;0;0;0;0;0;0;0;0;0;0
22/08/2023;21:29:24;299;Sem vítima;85,110;BR-290/RS;Decrescente;Choque;0;0;0;0;0;0;0;0;0;0;1;0;0;0;0
23/08/2023;03:19:02;9;Com vítima;348,000;BR-386/RS;Crescente;Acidentes de outra natureza;0;0;0;0;0;0;0;0;0;0;0;0;1;0;0
23/08/2023;05:41:42;25;Com vítima;302,800;BR-386/RS;Crescente;Colisão transversal;0;0;0;0;0;0;0;0;0;0;1;0;0;0;0
23/08/2023;07:55:58;74;Com vítima;15,100;BR-448/RS;Crescente;Colisão lateral no mesmo sentido;0;0;0;0;0;0;0;0;0;0;0;1;0;0;0
23/08/2023;07:58:58;77;Sem vítima;348,500;BR-386/RS;Crescente;Colisão lateral no mesmo sentido;0;0;0;0;0;0;0;0;0;0;1;0;0;0;0
23/08/2023;08:27:49;89;Sem vítima;13,300;BR-448/RS;Crescente;Colisão traseira;0;0;0;0;0;0;0;0;0;0;1;0;0;0;0
23/08/2023;13:46:19;157;Sem vítima;306,600;BR-386/RS;Decrescente;Acidentes de outra natureza;0;0;0;0;0;0;0;0;0;0;1;0;0;0;0
23/08/2023;14:07:28;160;Sem vítima;17,000;BR-448/RS;Decrescente;Capotamento;0;0;0;0;0;0;0;0;0;0;1;0;0;0;0
23/08/2023;15:50:36;176;Com vítima;29,000;BR-290/RS;Decrescente;Tombamento;0;0;0;0;0;0;0;0;0;0;0;1;0;0;0
23/08/2023;17:02:35;185;Sem vítima;10,000;BR-448/RS;Decrescente;Colisão traseira;0;0;0;0;0;0;0;0;0;0;1;0;0;0;0
23/08/2023;17:41:43;192;Sem vítima;45,000;BR-101/RS;Crescente;Choque;0;0;0;0;0;0;0;0;0;0;1;0;0;0;0
23/08/2023;18:50:51;205;Sem vítima;31,200;BR-290/RS;Decrescente;Acidentes de outra natureza;0;0;0;0;0;0;0;0;0;0;1;0;0;0;0
23/08/2023;19:07:01;207;Sem vítima;79,000;BR-101/RS;Crescente;Acidentes de outra natureza;0;0;0;0;0;0;0;0;0;0;1;0;0;0;0
23/08/2023;20:48:07;229;Sem vítima;304,200;BR-386/RS;Decrescente;Acidentes de outra natureza;0;0;0;0;0;0;0;0;0;0;1;0;0;0;0
23/08/2023;20:51:57;230;Sem vítima;82,000;BR-101/RS;Decrescente;Acidentes de outra natureza;0;0;0;0;0;0;0;0;0;0;1;0;0;0;0