data;horario;n_da_ocorrencia;tipo_de_ocorrencia;km;trecho;sentido;tipo_de_acidente;automovel;bicicleta;caminhao;moto;onibus;outros;tracao_animal;transporte_de_cargas_especiais;trator_maquinas;utilitarios;ilesos;levemente_feridos;moderadamente_feridos;gravemente_feridos;mortos
23/08/2023;21:14:10;233;Sem vítima;30,000;BR-101/RS;Decrescente;Acidentes de outra natureza;0;0;0;0;0;0;0;0;0;0;1;0;0;0;0
23/08/2023;23:44:39;246;Sem vítima;10,440;BR-448/RS;Decrescente;Acidentes de outra natureza;0;0;0;0;0;0;0;0;0;0;1;0;0;0;0
24/08/2023;03:15:02;13;Sem vítima;92,000;BR-290/RS;Crescente;Acidentes de outra natureza;0;0;0;0;0;0;0;0;0;0;1;0;0;0;0
24/08/2023;06:08:19;19;Com vítima;366,900;BR-386/RS;Decrescente;Acidentes de outra natureza;0;0;0;0;0;0;0;0;0;0;0;1;0;0;0
24/08/2023;16:54:27;227;Sem vítima;233,700;BR-386/RS;Decrescente;Colisão lateral no mesmo sentido;0;0;0;0;0;0;0;0;0;0;1;0;0;0;0
24/08/2023;17:11:22;230;Sem vítima;7,000;BR-101/RS;Crescente;Choque;0;0;0;0;0;0;0;0;0;0;1;0;0;0;0
24/08/2023;21:46:14;272;Sem vítima;425,900;BR-386/RS;Crescente;Choque;0;0;0;0;0;0;0;0;0;0;1;0;0;0;0
25/08/2023;07:55:56;56;Sem vítima;435,000;BR-386/RS;Crescente;Colisão lateral no mesmo sentido;0;0;0;0;0;0;0;0;0;0;1;0;0;0;0
25/08/2023;13:46:03;187;Sem vítima;255,000;BR-386/RS;Decrescente;Acidentes de outra natureza;1;0;0;0;0;0;0;0;0;0;1;0;0;0;0
25/08/2023;13:55:31;189;Com vítima;220,000;BR-386/RS;Decrescente;Colisão lateral no mesmo sentido;0;0;0;0;0;0;0;0;0;0;1;0;0;0;0
25/08/2023;18:57:51;260;Sem vítima;83,570;BR-290/RS;Crescente;Colisão traseira;0;0;0;0;0;0;0;0;0;0;1;0;0;0;0
25/08/2023;19:19:00;267;Com vítima;224,200;BR-386/RS;Crescente;Acidentes de outra natureza;0;0;0;0;0;0;0;0;0;0;0;1;0;0;0
25/08/2023;19:25:52;268;Sem vítima;427,700;BR-386/RS;Crescente;Acidentes de outra natureza;0;0;0;0;0;0;0;0;0;0;1;0;0;0;0
26/08/2023;00:16:04;4;Com vítima;346,000;BR-386/RS;Decrescente;Colisão lateral no mesmo sentido;1;0;0;0;0;0;0;0;0;0;0;1;0;0;0
26/08/2023;02:12:57;16;Sem vítima;12,220;BR-290/RS;Crescente;Acidentes de outra natureza;0;0;0;0;0;0;0;0;0;0;1;0;0;0;0
26/08/2023;03:37:07;19;Sem vítima;41,000;BR-290/RS;Decrescente;Queda de moto;0;0;0;0;0;0;0;0;0;0;1;0;0;0;0
26/08/2023;06:50:18;39;Sem vítima;26,250;BR-290/RS;Crescente;Choque;0;0;0;0;0;0;0;0;0;0;1;0;0;0;0
26/08/2023;15:56:29;179;Sem vítima;398,800;BR-386/RS;Crescente;Acidentes de outra natureza;0;0;0;0;0;0;0;0;0;0;1;0;0;0;0
26/08/2023;19:50:09;233;Sem vítima;411,400;BR-386/RS;Decrescente;Queda de moto;0;0;0;1;0;0;0;0;0;0;1;0;0;0;0
27/08/2023;03:32:18;15;Sem vítima;345,100;BR-386/RS;Decrescente;Acidentes de outra natureza;1;0;0;0;0;0;0;0;0;0;1;0;0;0;0
27/08/2023;04:57:40;20;Sem vítima;9,600;BR-290/RS;Crescente;Acidentes de outra natureza;0;0;0;0;0;0;0;0;0;0;1;0;0;0;0
27/08/2023;11:04:09;73;Sem vítima;425,900;BR-386/RS;Crescente;Colisão traseira;0;0;0;0;0;0;0;0;0;0;1;0;0;0;0
27/08/2023;14:15:59;95;Com vítima;371,200;BR-386/RS;Crescente;Choque;0;0;0;0;0;0;0;0;0;0;0;1;0;0;0
27/08/2023;17:35:41;130;Sem vítima;66,000;BR-290/RS;Decrescente;Acidentes de outra natureza;0;0;0;0;0;0;0;0;0;0;1;0;0;0;0
27/08/2023;19:33:02;171;Sem vítima;440,100;BR-386/RS;Crescente;Acidentes de outra natureza;0;0;0;0;0;0;0;0;0;0;1;0;0;0;0
27/08/2023;20:00:15;178;Com vítima;400,120;BR-386/RS;Crescente;Atropelamento de pedestre;0;0;0;0;0;0;0;0;0;0;0;0;0;0;1
28/08/2023;01:47:17;15;Com vítima;37,000;BR-290/RS;Crescente;Acidentes de outra natureza;0;0;0;0;0;0;0;0;0;0;0;1;0;0;0
28/08/2023;05:22:18;27;Sem vítima;346,450;BR-386/RS;Decrescente;Acidentes de outra natureza;1;0;0;0;0;0;0;0;0;0;1;0;0;0;0
28/08/2023;07:55:47;94;Sem vítima;272,600;BR-386/RS;Decrescente;Acidentes de outra natureza;0;0;0;0;0;0;0;0;0;0;1;0;0;0;0
28/08/2023;11:59:28;165;Com vítima;3,000;BR-101/RS;Crescente;Acidentes de outra natureza;0;0;0;0;0;0;0;0;0;0;0;1;0;0;0
28/08/2023;12:47:02;178;Com vítima;310,080;BR-386/RS;Crescente;Colisão traseira;0;0;0;0;0;0;0;0;0;0;1;0;0;0;0
28/08/2023;15:22:36;224;Sem vítima;419,400;BR-386/RS;Crescente;Colisão lateral no mesmo sentido;0;0;0;0;0;0;0;0;0;0;1;0;0;0;0
28/08/2023;15:34:00;227;Sem vítima;346,200;BR-386/RS;Decrescente;Colisão traseira;0;0;0;0;0;0;0;0;0;0;2;0;0;0;0
28/08/2023;15:47:03;231;Sem vítima;347,200;BR-386/RS;Decrescente;Acidentes de outra natureza;0;0;0;0;0;0;0;0;0;0;1;0;0;0;0
28/08/2023;16:36:56;245;Sem vítima;347,050;BR-386/RS;Crescente;Colisão traseira;0;0;0;0;0;0;0;0;0;0;1;0;0;0;0
28/08/2023;18:09:42;259;Sem vítima;75,000;BR-290/RS;Crescente;Colisão traseira;0;0;0;0;0;0;0;0;0;0;1;0;0;0;0
29/08/2023;12:46:06;181;Com vítima;93,750;BR-290/RS;Decrescente;Colisão lateral no mesmo sentido;0;0;0;0;0;0;0;0;0;0;0;0;1;0;0
29/08/2023;14:35:15;213;Sem vítima;80,300;BR-290/RS;Crescente;Colisão traseira;0;0;0;0;0;0;0;0;0;0;1;0;0;0;0
29/08/2023;14:51:18;216;Sem vítima;91,200;BR-290/RS;Crescente;Colisão transversal;0;0;0;0;0;0;0;0;0;0;1;0;0;0;0
29/08/2023;18:24:51;251;Sem vítima;360,360;BR-386/RS;Crescente;Acidentes de outra natureza;0;0;0;0;0;0;0;0;0;0;1;0;0;0;0
29/08/2023;19:32:21;261;Sem vítima;94,200;BR-290/RS;Decrescente;Acidentes de outra natureza;0;0;0;0;0;0;0;0;0;0;1;0;0;0;0
29/08/2023;19:34:46;263;Sem vítima;71,800;BR-101/RS;Crescente;Colisão traseira;0;0;0;0;0;0;0;0;0;0;1;0;0;0;0
29/08/2023;20:29:38;267;Sem vítima;435,510;BR-386/RS;Decrescente;Colisão traseira;0;0;0;0;0;0;0;0;0;0;1;0;0;0;0
29/08/2023;22:59:11;283;Com vítima;18,420;BR-290/RS;Crescente;Colisão lateral no mesmo sentido;0;0;0;0;0;0;0;0;0;0;1;0;0;0;0
29/08/2023;23:28:33;287;Sem vítima;445,400;BR-386/RS;Decrescente;Colisão lateral no mesmo sentido;0;0;0;0;0;0;0;0;0;0;1;0;0;0;0
30/08/2023;07:30:54;46;Sem vítima;25,000;BR-290/RS;Decrescente;Capotamento;0;0;0;0;0;0;0;0;0;0;1;0;0;0;0
30/08/2023;08:38:54;92;Sem vítima;435,000;BR-386/RS;Crescente;Colisão traseira;0;0;0;0;0;0;0;0;0;0;1;0;0;0;0
30/08/2023;16:00:34;228;Com vítima;86,000;BR-290/RS;Decrescente;Queda de moto;0;0;0;0;0;0;0;0;0;0;0;0;1;0;0
30/08/2023;16:26:20;232;Sem vítima;91,000;BR-290/RS;Crescente;Colisão traseira;0;0;0;0;0;0;0;0;0;0;1;0;0;0;0
31/08/2023;09:35:16;132;Sem vítima;41,600;BR-101/RS;Decrescente;Choque;1;0;0;0;0;0;0;0;0;0;1;0;0;0;0
31/08/2023;10:24:39;143;Sem vítima;57,000;BR-290/RS;Decrescente;Colisão lateral no mesmo sentido;1;0;0;0;0;0;0;0;0;0;1;0;0;0;0
31/08/2023;12:47:49;182;Com vítima;247,000;BR-386/RS;Decrescente;Colisão lateral no mesmo sentido;0;0;0;0;0;0;0;0;0;0;0;0;1;0;0
31/08/2023;14:06:03;198;Com vítima;45,000;BR-290/RS;Decrescente;Acidentes de outra natureza;1;0;0;0;0;0;0;0;0;0;1;0;0;0;0
31/08/2023;15:36:34;224;Com vítima;307,200;BR-386/RS;Crescente;Acidentes de outra natureza;0;0;0;0;0;0;0;0;0;0;0;0;0;0;1
31/08/2023;18:44:33;269;Sem vítima;18,450;BR-448/RS;Crescente;Colisão transversal;0;0;0;0;0;0;0;0;0;0;1;0;0;0;0
31/08/2023;19:13:58;274;Sem vítima;16,800;BR-290/RS;Crescente;Atropelamento de animal;0;0;0;0;0;0;0;0;0;0;1;0;0;0;0
31/08/2023;22:03:20;298;Sem vítima;4,300;BR-448/RS;Decrescente;Colisão traseira;0;0;0;0;0;0;0;0;0;0;1;0;0;0;0
31/08/2023;22:12:37;300;Com vítima;343,450;BR-386/RS;Crescente;Colisão frontal;0;0;0;0;0;0;0;0;0;0;1;0;0;0;0
31/08/2023;22:26:27;301;Sem vítima;321,200;BR-386/RS;Decrescente;Choque;1;0;0;0;0;0;0;0;0;0;1;0;0;0;0
01/09/2023;02:02:22;11;Com vítima;59,400;BR-290/RS;Decrescente;Colisão traseira;0;0;0;0;0;0;0;0;0;0;0;0;1;0;0
01/09/2023;12:57:57;182;Sem vítima;25,900;BR-290/RS;Decrescente;Colisão traseira;1;0;0;0;0;0;0;0;0;0;1;0;0;0;0
01/09/2023;17:38:17;239;Com vítima;83,000;BR-290/RS;Crescente;Queda de moto;0;0;0;0;0;0;0;0;0;0;0;1;0;0;0
01/09/2023;17:58:13;242;Sem vítima;345,400;BR-386/RS;Decrescente;Queda de moto;1;0;0;0;0;0;0;0;0;0;1;0;0;0;0
01/09/2023;18:31:43;250;Com vítima;347,200;BR-386/RS;Decrescente;Colisão traseira;1;0;0;0;0;0;0;0;0;0;1;0;0;0;0
01/09/2023;20:16:38;272;Com vítima;254,030;BR-386/RS;Crescente;Atropelamento de pedestre;0;0;0;0;0;0;0;0;0;0;0;1;0;0;0
01/09/2023;20:34:45;275;Sem vítima;401,060;BR-386/RS;Decrescente;Acidentes de outra natureza;0;0;0;0;0;0;0;0;0;0;1;0;0;0;0
01/09/2023;22:17:02;293;Sem vítima;92,080;BR-290/RS;Decrescente;Choque;0;0;0;0;0;0;0;0;0;0;0;0;0;0;0
01/09/2023;22:52:42;300;Sem vítima;10,000;BR-448/RS;Decrescente;Acidentes de outra natureza;1;0;0;0;0;0;0;0;0;0;0;0;0;0;0
02/09/2023;02:20:11;11;Sem vítima;10,290;BR-448/RS;Decrescente;Acidentes de outra natureza;1;0;0;0;0;0;0;0;0;0;0;0;0;0;0
02/09/2023;03:13:01;14;Sem vítima;374,400;BR-386/RS;Crescente;Colisão traseira;0;0;0;0;0;0;0;0;0;0;0;0;0;0;0
02/09/2023;03:27:24;16;Sem vítima;54,270;BR-290/RS;Crescente;Choque;0;0;0;0;0;0;0;0;0;0;0;0;0;0;0
02/09/2023;04:09:27;18;Sem vítima;67,300;BR-290/RS;Decrescente;Acidentes de outra natureza;0;0;0;0;0;0;0;0;0;0;0;0;0;0;0
02/09/2023;04:55:42;20;Sem vítima;232,600;BR-386/RS;Decrescente;Choque;0;0;0;0;0;0;0;0;0;0;0;0;0;0;0
02/09/2023;12:08:51;105;Sem vítima;269,500;BR-386/RS;Crescente;Colisão lateral no mesmo sentido;0;0;0;0;0;0;0;0;0;0;0;0;0;0;0
02/09/2023;14:38:51;125;Com vítima;44,000;BR-290/RS;Crescente;Colisão traseira;0;0;0;0;0;0;0;0;0;0;0;0;0;0;0
02/09/2023;16:20:31;137;Com vítima;47,000;BR-290/RS;Crescente;Capotamento;0;0;0;0;0;0;0;0;0;0;0;0;0;0;0
02/09/2023;19:43:05;165;Sem vítima;346,110;BR-386/RS;Decrescente;Choque;0;0;0;0;0;0;0;0;0;0;0;0;0;0;0
03/09/2023;00:12:26;2;Sem vítima;31,200;BR-101/RS;Decrescente;Choque;0;0;0;0;0;0;0;0;0;0;1;0;0;0;0
03/09/2023;06:01:18;18;Sem vítima;22,100;BR-448/RS;Crescente;Choque;0;0;0;0;0;0;0;0;0;0;1;0;0;0;0
03/09/2023;06:37:00;22;Sem vítima;92,000;BR-290/RS;Crescente;Acidentes de outra natureza;0;0;0;0;0;0;0;0;0;0;1;0;0;0;0
03/09/2023;08:32:51;30;Sem vítima;75,000;BR-290/RS;Crescente;Acidentes de outra natureza;1;0;0;0;0;0;0;0;0;0;1;0;0;0;0
03/09/2023;09:17:34;33;Sem vítima;440,000;BR-386/RS;Decrescente;Acidentes de outra natureza;0;0;0;0;0;0;0;0;0;0;1;0;0;0;0
03/09/2023;10:50:03;49;Com vítima;86,000;BR-290/RS;Decrescente;Queda de moto;0;0;0;0;0;0;0;0;0;0;0;1;0;0;0
03/09/2023;10:52:22;51;Sem vítima;80,000;BR-290/RS;Decrescente;Acidentes de outra natureza;0;0;0;0;0;0;0;0;0;0;1;0;0;0;0
03/09/2023;11:02:46;53;Sem vítima;22,000;BR-448/RS;Crescente;Choque;0;0;0;0;0;0;0;0;0;0;1;0;0;0;0
03/09/2023;11:15:53;55;Sem vítima;11,000;BR-290/RS;Decrescente;Acidentes de outra natureza;0;0;0;0;0;0;0;0;0;0;1;0;0;0;0
03/09/2023;11:30:23;56;Sem vítima;371,000;BR-386/RS;Decrescente;Colisão lateral no mesmo sentido;0;0;0;0;0;0;0;0;0;0;1;0;0;0;0
03/09/2023;12:32:05;64;Sem vítima;9,000;BR-448/RS;Decrescente;Acidentes de outra natureza;0;0;0;0;0;0;0;0;0;0;1;0;0;0;0
03/09/2023;12:33:09;65;Sem vítima;346,800;BR-386/RS;Crescente;Choque;0;0;0;0;0;0;0;0;0;0;1;0;0;0;0
03/09/2023;13:03:30;68;Sem vítima;78,900;BR-290/RS;Decrescente;Choque;1;0;0;0;0;0;0;0;0;0;1;0;0;0;0
03/09/2023;13:12:05;69;Sem vítima;417,200;BR-386/RS;Crescente;Choque;0;0;0;0;0;0;0;0;0;0;1;0;0;0;0
03/09/2023;14:25:44;76;Com vítima;355,500;BR-386/RS;Decrescente;Choque;0;0;0;0;0;0;0;0;0;0;0;1;0;0;0
03/09/2023;15:18:07;81;Sem vítima;10,000;BR-448/RS;Decrescente;Acidentes de outra natureza;0;0;0;0;0;0;0;0;0;0;1;0;0;0;0
03/09/2023;15:20:06;82;Sem vítima;92,000;BR-290/RS;Crescente;Acidentes de outra natureza;0;0;0;0;0;0;0;0;0;0;1;0;0;0;0
03/09/2023;16:04:35;88;Com vítima;315,500;BR-386/RS;Decrescente;Acidentes de outra natureza;0;0;0;0;0;0;0;0;0;0;0;0;1;0;0
03/09/2023;16:27:23;89;Sem vítima;413,900;BR-386/RS;Decrescente;Choque;0;0;0;0;0;0;0;0;0;0;1;0;0;0;0
03/09/2023;16:31:16;90;Sem vítima;360,100;BR-386/RS;Decrescente;Choque;1;0;0;0;0;0;0;0;0;0;1;0;0;0;0
03/09/2023;17:11:53;94;Sem vítima;410,700;BR-386/RS;Decrescente;Choque;0;0;0;0;0;0;0;0;0;0;1;0;0;0;0
03/09/2023;17:21:46;95;Sem vítima;345,300;BR-386/RS;Crescente;Colisão traseira;0;0;0;0;0;0;0;0;0;0;1;0;0;0;0
03/09/2023;17:45:51;97;Sem vítima;396,510;BR-386/RS;Decrescente;Choque;0;0;0;0;0;0;0;0;0;0;1;0;0;0;0
03/09/2023;18:26:05;103;Com vítima;69,120;BR-290/RS;Decrescente;Choque;0;0;0;0;0;0;0;0;0;0;1;0;0;0;0
03/09/2023;18:39:52;104;Sem vítima;17,140;BR-448/RS;Decrescente;Choque;0;0;0;0;0;0;0;0;0;0;1;0;0;0;0
03/09/2023;19:25:36;110;Sem vítima;85,340;BR-290/RS;Crescente;Colisão lateral no mesmo sentido;0;0;0;0;0;0;0;0;0;0;1;0;0;0;0
03/09/2023;19:51:12;114;Sem vítima;281,410;BR-386/RS;Decrescente;Colisão lateral no mesmo sentido;0;0;0;0;0;0;0;0;0;0;1;0;0;0;0
03/09/2023;20:07:04;115;Com vítima;19,000;BR-290/RS;Decrescente;Acidentes de outra natureza;0;0;0;0;0;0;0;0;0;0;1;0;0;0;0
03/09/2023;20:17:58;117;Sem vítima;10,300;BR-448/RS;Decrescente;Acidentes de outra natureza;0;0;0;0;0;0;0;0;0;0;1;0;0;0;0
03/09/2023;20:20:44;118;Sem vítima;189,080;BR-386/RS;Crescente;Acidentes de outra natureza;1;0;0;0;0;0;0;0;0;0;1;0;0;0;0
04/09/2023;01:19:43;4;Sem vítima;289,070;BR-386/RS;Decrescente;Acidentes de outra natureza;0;0;1;0;0;0;0;0;0;0;1;0;0;0;0
04/09/2023;01:33:28;6;Sem vítima;247,600;BR-386/RS;Decrescente;Acidentes de outra natureza;1;0;0;0;0;0;0;0;0;0;1;0;0;0;0
04/09/2023;01:42:24;8;Sem vítima;401,120;BR-386/RS;Decrescente;Choque;0;0;0;0;0;0;0;0;0;0;1;0;0;0;0
04/09/2023;01:52:05;10;Com vítima;402,270;BR-386/RS;Decrescente;Colisão traseira;0;0;0;0;0;0;0;0;0;0;0;0;1;0;0
04/09/2023;01:57:29;11;Sem vítima;6,120;BR-290/RS;Decrescente;Acidentes de outra natureza;0;0;0;0;0;0;0;0;0;0;1;0;0;0;0
04/09/2023;07:43:35;51;Sem vítima;322,000;BR-386/RS;Crescente;Acidentes de outra natureza;1;0;0;0;0;0;0;0;0;0;1;0;0;0;0
04/09/2023;07:59:34;65;Sem vítima;92,000;BR-290/RS;Crescente;Colisão lateral no mesmo sentido;0;0;0;0;0;0;0;0;0;0;1;0;0;0;0
04/09/2023;08:02:59;66;Com vítima;92,000;BR-290/RS;Decrescente;Acidentes de outra natureza;0;0;0;0;0;0;0;0;0;0;1;0;0;0;0
04/09/2023;08:13:34;73;Com vítima;282,800;BR-386/RS;Decrescente;Colisão lateral no mesmo sentido;0;0;0;0;0;0;0;0;0;0;0;1;0;0;0
04/09/2023;08:23:52;83;Sem vítima;362,500;BR-386/RS;Decrescente;Choque;0;0;0;0;0;0;0;0;0;0;1;0;0;0;0
04/09/2023;09:02:31;92;Sem vítima;352,800;BR-386/RS;Decrescente;Choque;0;0;0;0;0;0;0;0;0;0;1;0;0;0;0
04/09/2023;10:16:21;111;Sem vítima;15,000;BR-448/RS;Crescente;Colisão traseira;0;0;0;0;0;0;0;0;0;0;1;0;0;0;0
04/09/2023;10:29:13;119;Sem vítima;401,000;BR-386/RS;Decrescente;Acidentes de outra natureza;0;0;0;0;0;0;0;0;0;0;1;0;0;0;0
04/09/2023;11:12:18;124;Sem vítima;15,800;BR-290/RS;Decrescente;Acidentes de outra natureza;0;0;1;0;0;0;0;0;0;0;1;0;0;0;0
04/09/2023;11:52:58;133;Com vítima;5,400;BR-290/RS;Crescente;Acidentes de outra natureza;0;0;0;0;0;0;0;0;0;0;0;1;0;0;0
04/09/2023;13:35:40;162;Sem vítima;22,000;BR-448/RS;Decrescente;Colisão lateral no mesmo sentido;0;0;0;0;0;0;0;0;0;0;1;0;0;0;0
04/09/2023;15:09:37;177;Sem vítima;440,000;BR-386/RS;Decrescente;Acidentes de outra natureza;0;0;0;0;0;0;0;0;0;0;1;0;0;0;0
04/09/2023;16:58:45;199;Sem vítima;300,590;BR-386/RS;Decrescente;Colisão lateral no mesmo sentido;1;0;0;0;0;0;0;0;0;0;1;0;0;0;0
04/09/2023;20:50:19;259;Sem vítima;9,800;BR-448/RS;Decrescente;Acidentes de outra natureza;0;0;0;0;0;0;0;0;0;0;1;0;0;0;0
04/09/2023;21:16:29;266;Sem vítima;341,000;BR-386/RS;Decrescente;Acidentes de outra natureza;0;0;0;0;0;0;0;0;0;0;1;0;0;0;0
05/09/2023;04:51:52;309;Sem vítima;10,100;BR-290/RS;Decrescente;Acidentes de outra natureza;0;0;0;0;0;0;0;0;0;0;2;0;0;0;0
05/09/2023;05:43:15;314;Sem vítima;5,100;BR-290/RS;Decrescente;Colisão traseira;0;0;0;0;0;0;0;0;0;0;1;0;0;0;0
05/09/2023;07:31:27;366;Sem vítima;51,000;BR-101/RS;Decrescente;Acidentes de outra natureza;0;0;0;0;0;0;0;0;0;0;1;0;0;0;0
05/09/2023;11:41:34;463;Com vítima;273,500;BR-386/RS;Decrescente;Colisão frontal;0;0;0;0;0;0;0;0;0;0;0;0;0;1;0
06/09/2023;13:10:30;167;Sem vítima;86,000;BR-290/RS;Decrescente;Colisão lateral no mesmo sentido;0;0;0;0;0;0;0;0;0;0;1;0;0;0;0
06/09/2023;15:22:46;208;Sem vítima;289,150;BR-386/RS;Decrescente;Colisão lateral no mesmo sentido;0;0;0;0;0;0;0;0;0;0;1;0;0;0;0
06/09/2023;16:47:55;223;Sem vítima;83,000;BR-290/RS;Crescente;Colisão traseira;0;0;0;0;0;0;0;0;0;0;1;0;0;0;0
06/09/2023;20:25:14;259;Sem vítima;79,510;BR-101/RS;Crescente;Acidentes de outra natureza;0;0;0;0;0;0;0;0;0;0;1;0;0;0;0
06/09/2023;22:43:34;289;Com vítima;70,570;BR-290/RS;Decrescente;Capotamento;0;0;0;0;0;0;0;0;0;0;0;1;0;0;0
07/09/2023;02:01:27;11;Sem vítima;52,060;BR-101/RS;Decrescente;Choque;0;0;0;0;0;0;0;0;0;0;1;0;0;0;0
07/09/2023;11:00:48;96;Sem vítima;440,900;BR-386/RS;Crescente;Acidentes de outra natureza;0;0;0;0;0;0;0;0;0;0;1;0;0;0;0
07/09/2023;23:40:00;218;Sem vítima;188,010;BR-386/RS;Decrescente;Acidentes de outra natureza;0;0;0;0;0;0;0;0;0;0;1;0;0;0;0
08/09/2023;00:29:59;1;Sem vítima;249,020;BR-386/RS;Crescente;Acidentes de outra natureza;0;0;0;0;0;0;0;0;0;0;1;0;0;0;0
08/09/2023;00:38:13;3;Sem vítima;381,260;BR-386/RS;Crescente;Acidentes de outra natureza;0;0;0;0;0;0;0;0;0;0;1;0;0;0;0
08/09/2023;00:54:56;5;Sem vítima;356,130;BR-386/RS;Decrescente;Acidentes de outra natureza;0;0;0;0;0;0;0;0;0;0;1;0;0;0;0
08/09/2023;01:15:45;8;Sem vítima;345,380;BR-386/RS;Crescente;Acidentes de outra natureza;0;0;0;0;0;0;0;0;0;0;1;0;0;0;0
08/09/2023;03:42:14;22;Sem vítima;405,370;BR-386/RS;Crescente;Choque;0;0;0;0;0;0;0;0;0;0;1;0;0;0;0
08/09/2023;05:23:56;32;Sem vítima;381,490;BR-386/RS;Decrescente;Choque;0;0;0;0;0;0;0;0;0;0;1;0;0;0;0
08/09/2023;05:41:40;35;Sem vítima;399,090;BR-386/RS;Decrescente;Choque;0;0;0;0;0;0;0;0;0;0;1;0;0;0;0
08/09/2023;09:38:32;111;Sem vítima;316,300;BR-386/RS;Crescente;Acidentes de outra natureza;1;0;0;0;0;0;0;0;0;0;1;0;0;0;0
08/09/2023;12:43:15;150;Sem vítima;92,000;BR-290/RS;Crescente;Colisão traseira;0;0;0;0;0;0;0;0;0;0;1;0;0;0;0
08/09/2023;15:28:38;187;Sem vítima;82,000;BR-290/RS;Crescente;Colisão lateral no mesmo sentido;0;0;0;0;0;0;0;0;0;0;1;0;0;0;0
08/09/2023;16:50:53;203;Sem vítima;16,150;BR-290/RS;Decrescente;Choque;0;0;0;0;0;0;0;0;0;0;1;0;0;0;0
08/09/2023;21:01:58;256;Com vítima;5,330;BR-448/RS;Decrescente;Queda de moto;0;0;0;1;0;0;0;0;0;0;0;1;0;0;0
09/09/2023;06:23:59;30;Sem vítima;85,000;BR-290/RS;Crescente;Capotamento;0;0;0;0;0;0;0;0;0;0;1;0;0;0;0
09/09/2023;08:59:20;55;Sem vítima;440,000;BR-386/RS;Crescente;Acidentes de outra natureza;1;0;0;0;0;0;0;0;0;0;1;0;0;0;0
09/09/2023;12:22:19;86;Sem vítima;334,000;BR-386/RS;Crescente;Colisão traseira;0;0;0;0;0;0;0;0;0;0;2;0;0;0;0
09/09/2023;13:15:11;91;Sem vítima;30,000;BR-290/RS;Decrescente;Acidentes de outra natureza;1;0;0;0;0;0;0;0;0;0;1;0;0;0;0
09/09/2023;18:29:35;139;Sem vítima;19,380;BR-290/RS;Decrescente;Acidentes de outra natureza;0;0;0;0;0;0;0;0;0;0;1;0;0;0;0
09/09/2023;22:32:06;173;Sem vítima;72,980;BR-101/RS;Decrescente;Choque;0;0;0;0;0;0;0;0;0;0;1;0;0;0;0
10/09/2023;02:58:49;24;Sem vítima;345,200;BR-386/RS;Crescente;Acidentes de outra natureza;0;0;0;0;0;0;0;0;0;0;1;0;0;0;0
10/09/2023;14:02:16;120;Sem vítima;344,500;BR-386/RS;Crescente;Engavetamento;0;0;0;0;0;0;0;0;0;0;2;0;0;0;0
10/09/2023;14:38:43;131;Com vítima;280,100;BR-386/RS;Decrescente;Colisão transversal;0;0;0;0;0;0;0;0;0;0;1;0;0;0;0
10/09/2023;16:13:46;157;Sem vítima;76,000;BR-290/RS;Decrescente;Colisão traseira;0;0;0;0;0;0;0;0;0;0;1;0;0;0;0
10/09/2023;17:10:33;174;Com vítima;2,800;BR-101/RS;Decrescente;Colisão traseira;0;0;0;0;0;0;0;0;0;0;1;0;0;0;0
10/09/2023;17:45:19;184;Sem vítima;269,500;BR-386/RS;Crescente;Acidentes de outra natureza;0;0;0;0;0;0;0;0;0;0;1;0;0;0;0
10/09/2023;19:06:47;209;Sem vítima;17,360;BR-290/RS;Decrescente;Colisão lateral no mesmo sentido;0;0;0;0;0;0;0;0;0;0;1;0;0;0;0
10/09/2023;20:16:48;241;Sem vítima;56,350;BR-101/RS;Decrescente;Colisão traseira;0;0;0;0;0;0;0;0;0;0;1;0;0;0;0
11/09/2023;00:06:49;1;Sem vítima;2,500;BR-101/RS;Decrescente;Acidentes de outra natureza;0;0;0;0;0;0;0;0;0;0;1;0;0;0;0
11/09/2023;07:59:24;101;Com vítima;22,000;BR-448/RS;Decrescente;Queda de moto;0;0;0;0;0;0;0;0;0;0;0;1;0;0;0
11/09/2023;11:36:30;189;Sem vítima;344,400;BR-386/RS;Crescente;Colisão lateral no mesmo sentido;0;0;0;0;0;0;0;0;0;0;1;0;0;0;0
11/09/2023;11:57:23;195;Sem vítima;426,000;BR-386/RS;Decrescente;Colisão traseira;0;0;0;0;0;0;0;0;0;0;1;0;0;0;0
11/09/2023;12:27:01;206;Sem vítima;80,000;BR-290/RS;Crescente;Colisão lateral no mesmo sentido;0;0;0;0;0;0;0;0;0;0;1;0;0;0;0
11/09/2023;14:10:30;243;Sem vítima;437,100;BR-386/RS;Decrescente;Acidentes de outra natureza;0;0;0;0;0;0;0;0;0;0;1;0;0;0;0
11/09/2023;15:02:54;260;Com vítima;76,000;BR-290/RS;Crescente;Colisão traseira;0;0;0;0;0;0;0;0;0;0;0;0;1;0;0